gene	category	baseMean	log2FoldChange	lfcSE	stat	pvalue	padj	mean_norm_CHD	mean_norm_HFD	detected	bayes_P_HFD_gt_CHD	bayes_ER	bayes_CrI_lo	bayes_CrI_hi
Atf3	AP-1	161.783243495302	1.93124332983948	0.715377625847062	2.69961382640775	0.00694200038300465	0.0530336540887681	67.2084812501908	256.358005740413	TRUE	0.985940839945367	70.1280045261649	0.137117586050044	2.41783393264745
Atf4	AP-1	2847.15904507589	-0.574826245877639	0.403135883914845	-1.42588707384595	0.15390094117562	0.386473514164236	3406.76167463296	2287.55641551882	TRUE	0.0930061711558764	0.102543334031725	-1.22729016899459	0.238357561635546
Batf	AP-1	12.3071054625101	2.16742886842423	1.41952897585595	1.52686483001681	0.126794626642828	0.345564448441668	4.53965075508252	20.0745601699376	TRUE	0.810389109681686	4.27395867569224	-0.883434352039482	2.32116830207677
Batf3	AP-1	125.394487465046	-0.0980278141803788	0.660299885414445	-0.148459535350139	0.881980118135066	0.952941882751306	129.690489659095	121.098485270997	TRUE	0.45070172316685	0.820504527640729	-1.14823721296999	1.01170783772593
Ddit3	AP-1	625.42727758469	1.0512111841381	0.42912516155307	2.44966102741121	0.014299075695009	0.0869919566666158	407.091547704488	843.763007464892	TRUE	0.987811733248918	81.0461202911585	0.114825875626566	1.66064615193418
Fos	AP-1	187.410487033455	1.86559432252567	0.642349297216604	2.90432998153741	0.00368040034615039	0.0344611357827194	80.8314112187902	293.989562848119	TRUE	0.992729718096255	136.546248307772	0.261396685525056	2.37994220185959
Fosl1	AP-1	NA	NA	NA	NA	NA	NA	NA	NA	FALSE	NA	NA	NA	NA
Fosl2	AP-1	910.538801882904	-0.111568430553182	0.414720927051643	-0.269020498546698	0.787913908408377	0.909557405103029	945.8996790661	875.177924699709	TRUE	0.401874584406252	0.671890165388337	-0.846025150213458	0.655634272505193
Jun	AP-1	686.00314084762	0.206228010141339	0.437250387180763	0.471647404296255	0.637178484568147	0.827052218033465	636.956137795265	735.050143899975	TRUE	0.667181196317108	2.00463792590516	-0.612086195565645	0.958342247952807
Junb	AP-1	86.8502439239239	1.92712073471514	0.571642641784079	3.37119835689769	0.000748419491017008	0.0115606176864775	36.2511570261524	137.449330821695	TRUE	0.998287379129604	582.90039341793	0.479795591834488	2.42517365250855
Jund	AP-1	512.009905134054	0.37735847274088	0.566506471263511	0.666115025834102	0.505337581018338	0.739710636603895	445.238411354205	578.781398913903	TRUE	0.718899260941469	2.55744351064043	-0.680403643648035	1.2517565422246
Dmrt1	artifact_check	NA	NA	NA	NA	NA	NA	NA	NA	FALSE	NA	NA	NA	NA
Dmrt2	artifact_check	1059.95421358864	-1.69850474842962	0.773991288836149	-2.19447527760121	0.0282012593561777	0.134914277162685	1620.44773923349	499.460687943785	TRUE	0.0413355636353055	0.043117864882995	-2.26182922627392	0.137453559543593
Dmrt3	artifact_check	NA	NA	NA	NA	NA	NA	NA	NA	FALSE	NA	NA	NA	NA
Dmrt4	artifact_check	NA	NA	NA	NA	NA	NA	NA	NA	FALSE	NA	NA	NA	NA
Cebpa	demoted	3017.7737381095	0.348000792438075	0.759047902664602	0.458470132407235	0.646614715805196	0.832837947030498	2655.4543757936	3380.09310042541	TRUE	0.642512976287868	1.79730433182171	-0.964207866974633	1.40579016741235
Cebpb	demoted	1038.96986885673	-0.502631658428092	0.640651762743539	-0.78456298360222	0.432709840335509	0.684377383486831	1217.96895801564	859.970779697823	TRUE	0.254428211513606	0.341252466151016	-1.41365528060741	0.700922298128832
Cebpd	demoted	240.917564568117	0.909125899978753	0.520038287500962	1.74819031950041	0.0804310773104119	0.262856534318767	167.349226633449	314.485902502785	TRUE	0.939549099965654	15.542350890257	-0.188687812052437	1.61988649668532
Foxa1	demoted	2.13828695496	-2.63520310858906	2.28193327320889	-1.15481164130772	0.24816756886217	NA	3.67683834045676	0.599735569463247	FALSE	0.321498087927934	0.473835198114795	-2.219695599202	1.37061877047488
Foxa2	demoted	NA	NA	NA	NA	NA	NA	NA	NA	FALSE	NA	NA	NA	NA
Foxo1	demoted	1943.12462324714	-0.0601446049287599	0.454440202285966	-0.132348776860443	0.894708428309747	0.958772528787316	1983.40163814388	1902.84760835041	TRUE	0.452047236313478	0.824974826793811	-0.860733039560951	0.761033391913221
Foxo3	demoted	589.777102189325	0.115790733027616	0.312841828381422	0.370125483624401	0.711288995142859	0.870452383848612	566.136137257372	613.418067121279	TRUE	0.638046851719009	1.76278851212998	-0.479722213204998	0.690659267713631
Klf13	demoted	1458.42809374035	0.529945259205616	0.346982005520972	1.52729896874605	0.126686685810332	0.345449952279733	1193.36124426651	1723.49494321419	TRUE	0.925476591537815	12.4186025657619	-0.169496183158484	1.11549209345659
Prrx1	demoted	745.524431242556	0.991022907310582	0.362584073448055	2.73322238863467	0.00627179694642843	0.04958568704938	499.222867398175	991.825995086937	TRUE	0.994908196571908	195.394070219379	0.207782854606572	1.54396549174081
Angptl4	GR_target	4808.49164181466	1.94888759218369	0.482278816800886	4.04099770566601	5.32242792041247e-05	0.00166029515160044	1978.46733707944	7638.51594654988	TRUE	0.999863580652088	7329.33851360474	0.729722910258758	2.4325339224051
Fkbp5	GR_target	996.351877288136	-1.29209531623049	0.375663796860241	-3.43949916662102	0.000582791578932241	0.00981779659893545	1414.61422372704	578.089530849228	TRUE	0.000641399827847136	0.000641811485623525	-1.82155818599276	-0.44304429738609
Hsd11b1	GR_target	1309.65550458767	-0.933128373464234	0.402996316180304	-2.3154761867519	0.0205868863069447	0.110352877103584	1719.23056357804	900.080445597306	TRUE	0.0158712007859077	0.0161271581510288	-1.53536157366793	-0.0701503536539946
Hsd11b2	GR_target	10.3499645212419	0.91409774243408	1.02484416535136	0.89193828031473	0.372426014982859	0.634005592961837	7.21046784640988	13.489461196074	TRUE	0.733328263695472	2.74992870957289	-0.956967931873215	1.84863769936193
Lep	GR_target	36008.2162631563	2.00904234270943	0.612286628509078	3.28121217933741	0.00103361956631264	0.0144078088062391	14331.1037064797	57685.3288198328	TRUE	0.997431652381151	388.3553943637	0.437779884176245	2.48468687329284
Nr3c1	GR_target	3979.83610519353	-0.303115627003299	0.448701718774391	-0.67553925987011	0.499333216978205	0.735901582792776	4396.3140854694	3563.35812491766	TRUE	0.268835777183864	0.367681799512046	-1.05468491039637	0.550052858571926
Pnpla2	GR_target	4480.65725466242	0.318608081918087	0.72702680281774	0.438234299867979	0.66121644677614	0.841517154126539	3987.80206131749	4973.51244800734	TRUE	0.638501919817046	1.76626641971072	-0.944104675358407	1.36097600558523
Sgk1	GR_target	713.320405249202	1.77035741957403	0.424643298763095	4.16904593745091	3.05877340385694e-05	0.00108043770233011	323.425822592072	1103.21498790633	TRUE	0.999937826671682	16083.0673492259	0.733817214630139	2.26597017015149
Tsc22d3	GR_target	5260.27380424563	-0.034495663823033	0.522700915129813	-0.0659950323876247	0.947381780414735	0.980584494481069	5322.96838418046	5197.57922431081	TRUE	0.476680314921386	0.91087786015498	-0.935018934931699	0.880832281387104
Med1	VDR_pathway	555.421398178751	-0.426305613948981	0.322550721850652	-1.32167000434236	0.18627806118168	0.433271251580235	636.85774589389	473.985050463611	TRUE	0.104221968277431	0.116347984195385	-0.987796595505869	0.215531075463578
Ncoa1	VDR_pathway	716.001585694059	-0.572428459597054	0.411446090911839	-1.39125992989373	0.164146619949895	0.400973139964617	856.072320595822	575.930850792297	TRUE	0.0991148031237364	0.110019349266042	-1.23531515390283	0.256209038831216
Ncoa2	VDR_pathway	592.80857212635	-0.471220494393122	0.388245797872262	-1.21371692102167	0.224855840553238	0.483053793093577	688.768613946281	496.848530306419	TRUE	0.12893592815706	0.148021175852502	-1.11885617763392	0.299865573419882
Ncoa3	VDR_pathway	627.822916301623	-0.0747144509441693	0.38895155696424	-0.192091918919966	0.847670204806793	0.938522623117733	644.246487385434	611.399345217812	TRUE	0.42895833870025	0.75118571510859	-0.775377720166251	0.645584384229975
Vdr	VDR_pathway	14.6135277068818	-0.115406766538709	0.83270798341276	-0.138592122133533	0.88977246885752	0.956238569311981	15.2193937367742	14.0076616769893	TRUE	0.457591968957957	0.84363051940595	-1.32233323857017	1.1860316083289
