peak	MA0102.5	MA0113.4	MA0148.5	MA0466.4	MA0480.3	MA2323.1	MA2327.1
chr1:9868859-9869359	1	0	0	0	0	0	0
chr1:12718560-12719060	0	0	0	0	0	0	0
chr1:23130738-23131238	0	0	0	0	0	1	0
chr1:40236685-40237185	0	0	1	0	1	1	0
chr1:44551974-44552474	0	0	0	0	0	0	0
chr1:44591735-44592235	0	2	0	0	0	0	0
chr1:45311701-45312201	0	0	0	0	0	2	0
chr1:45313681-45314181	0	0	0	0	0	0	0
chr1:51720088-51720588	0	0	0	0	0	0	0
chr1:52390308-52390808	0	0	0	0	0	0	0
chr1:55571874-55572374	0	0	0	0	0	3	0
chr1:55575797-55576297	0	0	0	0	0	0	0
chr1:55618671-55619171	0	0	0	0	0	0	0
chr1:62956698-62957198	0	0	0	0	0	0	0
chr1:63479604-63480104	1	0	0	0	0	0	0
chr1:63507236-63507736	0	0	0	2	0	0	0
chr1:63562204-63562704	0	0	0	0	0	0	0
chr1:71866400-71866900	1	0	0	0	0	0	0
chr1:73038730-73039230	0	0	0	0	0	0	0
chr1:76730767-76731267	0	0	0	0	0	0	0
chr1:82002357-82002857	0	0	0	0	0	2	0
chr1:82172202-82172702	0	0	0	0	0	1	0
chr1:82180375-82180875	1	2	0	0	0	2	0
chr1:82189292-82189792	0	0	0	0	0	0	0
chr1:82290556-82291056	0	0	0	0	0	0	0
chr1:82831830-82832330	0	0	0	0	0	0	0
chr1:83408111-83408611	0	0	0	0	0	0	0
chr1:83455452-83455952	0	0	0	2	0	0	0
chr1:87009050-87009550	0	2	0	0	0	2	0
chr1:90242295-90242795	0	0	0	0	0	2	0
chr1:90721118-90721618	0	0	0	0	0	0	0
chr1:92028155-92028655	0	0	0	0	0	0	0
chr1:106013630-106014130	0	2	0	0	0	2	6
chr1:118899538-118900038	1	0	0	2	0	0	0
chr1:119863732-119864232	0	0	0	0	0	0	0
chr1:119872318-119872818	0	0	0	0	0	0	2
chr1:125789757-125790257	0	0	0	0	0	0	0
chr1:130803021-130803521	0	2	0	0	0	2	2
chr1:130941673-130942173	0	0	1	0	1	0	2
chr1:130963748-130964248	0	0	0	0	0	0	0
chr1:133871242-133871742	0	0	0	0	0	0	0
chr1:134042454-134042954	0	1	0	0	0	1	0
chr1:135195855-135196355	0	0	0	0	0	0	0
chr1:135237115-135237615	0	0	0	0	0	0	2
chr1:138536203-138536703	0	0	0	0	0	0	2
chr1:143480940-143481440	0	2	0	0	0	0	2
chr1:151082415-151082915	0	0	0	0	0	0	0
chr1:152051734-152052234	0	0	0	0	0	0	0
chr1:153679278-153679778	0	0	0	0	0	0	0
chr1:153730318-153730818	0	0	0	0	0	0	0
chr1:153918668-153919168	0	0	0	0	0	0	0
chr1:154044578-154045078	0	0	0	0	0	0	0
chr1:154076932-154077432	0	0	0	0	0	1	0
chr1:154214898-154215398	1	0	0	0	0	2	2
chr1:154242628-154243128	0	2	0	0	0	2	0
chr1:155122210-155122710	0	0	0	2	0	0	0
chr1:156222112-156222612	0	0	0	0	0	0	0
chr1:162107035-162107535	0	2	0	0	0	3	2
chr1:162853346-162853846	1	0	0	0	0	0	0
chr1:162859502-162860002	0	0	0	0	0	0	0
chr1:162882807-162883307	0	0	1	0	1	2	0
chr1:162891862-162892362	2	2	1	2	1	2	0
chr1:164248099-164248599	0	0	0	0	0	1	0
chr1:165510170-165510670	1	0	0	0	0	1	0
chr1:167256780-167257280	0	0	0	0	0	0	0
chr1:168264231-168264731	0	0	0	0	0	0	0
chr1:168393475-168393975	0	0	0	0	0	0	0
chr1:173622254-173622754	0	0	0	0	0	2	0
chr1:174666475-174666975	0	0	0	0	0	0	0
chr1:179553337-179553837	0	0	0	0	0	0	0
chr1:179608336-179608836	0	0	0	0	0	0	0
chr1:179672368-179672868	1	0	0	0	0	0	0
chr1:180422415-180422915	0	0	0	0	0	0	0
chr1:184515055-184515555	0	0	0	0	0	0	0
chr1:184519468-184519968	1	0	0	0	0	0	0
chr1:184827157-184827657	0	0	0	0	0	0	0
chr1:185831984-185832484	0	0	0	0	0	0	0
chr1:188118115-188118615	1	0	0	2	0	0	2
chr1:188139904-188140404	0	0	0	0	0	0	0
chr1:192818501-192819001	0	0	0	0	0	0	0
chr1:193035888-193036388	0	0	0	0	0	0	0
chr1:193082218-193082718	0	0	0	0	0	0	0
chr1:193086542-193087042	0	0	1	0	1	1	2
chr1:193089965-193090465	0	0	0	0	0	0	2
chr1:193232552-193233052	0	2	0	0	0	3	0
chr1:193242120-193242620	1	0	1	0	1	0	0
chr1:193278317-193278817	1	0	0	0	0	0	0
chr1:193310861-193311361	0	2	0	0	0	2	4
chr1:193323727-193324227	0	0	0	0	0	0	2
chr1:193326615-193327115	0	0	0	0	0	0	0
chr1:194624941-194625441	0	0	0	0	0	0	0
chr1:194629173-194629673	0	0	0	0	0	0	0
chr1:194976887-194977387	0	0	0	0	0	0	0
chr10:4232859-4233359	0	0	0	0	0	0	0
chr10:4605015-4605515	1	0	0	0	0	0	2
chr10:4612112-4612612	0	0	0	0	0	0	0
chr10:4618202-4618702	0	0	0	0	0	0	0
chr10:4621085-4621585	0	0	0	0	0	0	0
chr10:4709809-4710309	0	0	0	0	0	0	0
chr10:4726979-4727479	0	0	0	0	0	2	0
chr10:4746747-4747247	1	0	0	0	0	0	0
chr10:4943750-4944250	0	0	0	0	0	0	0
chr10:8807436-8807936	0	0	0	0	0	1	0
chr10:8944395-8944895	0	0	0	0	0	0	0
chr10:17077459-17077959	0	0	0	0	0	0	0
chr10:17478692-17479192	1	0	1	0	1	0	2
chr10:17480938-17481438	1	3	0	0	0	4	0
chr10:17521799-17522299	1	0	0	0	0	0	0
chr10:19599696-19600196	0	2	1	0	1	2	0
chr10:19613038-19613538	0	0	1	0	1	0	2
chr10:23403439-23403939	0	0	0	0	0	0	0
chr10:40327964-40328464	0	0	0	0	0	0	0
chr10:40630493-40630993	0	0	0	0	0	0	0
chr10:41553455-41553955	0	0	0	0	0	0	0
chr10:42862283-42862783	0	0	0	0	0	0	0
chr10:59997374-59997874	0	4	0	0	0	4	0
chr10:61162545-61163045	1	0	0	0	0	0	0
chr10:67838835-67839335	0	0	0	0	0	0	0
chr10:67843026-67843526	0	0	0	0	0	0	0
chr10:75780663-75781163	0	0	0	0	0	0	0
chr10:79890792-79891292	0	0	0	0	0	0	0
chr10:79896945-79897445	0	0	0	0	0	0	0
chr10:80329500-80330000	0	0	0	0	0	0	0
chr10:81358432-81358932	1	0	0	0	0	0	0
chr10:83119242-83119742	0	0	0	0	0	0	0
chr10:84810671-84811171	0	2	0	0	0	1	0
chr10:86021324-86021824	0	0	0	0	0	0	0
chr10:86300917-86301417	0	0	0	0	0	0	0
chr10:86302569-86303069	0	0	0	0	0	0	0
chr10:87593957-87594457	0	0	0	0	0	0	0
chr10:87609965-87610465	0	0	0	0	0	0	0
chr10:87795150-87795650	0	0	0	0	0	0	0
chr10:87862526-87863026	0	0	0	0	0	0	0
chr10:87906456-87906956	0	0	0	0	0	2	0
chr10:93227219-93227719	1	0	0	0	0	0	0
chr10:94829463-94829963	0	0	0	0	0	0	0
chr10:95117165-95117665	0	0	0	0	0	0	0
chr10:95139705-95140205	0	0	0	0	0	0	0
chr10:95142896-95143396	0	0	0	0	0	0	0
chr10:95152621-95153121	1	1	0	0	0	2	2
chr10:95191335-95191835	0	2	0	0	0	4	0
chr10:95254619-95255119	0	0	0	0	0	1	0
chr10:95322957-95323457	0	0	0	0	0	0	0
chr10:96305324-96305824	0	0	0	0	0	0	0
chr10:111582527-111583027	0	0	0	0	0	0	0
chr10:122768345-122768845	1	0	0	0	0	0	0
chr10:128391351-128391851	0	0	0	0	0	0	0
chr11:3902980-3903480	0	0	0	0	0	0	0
chr11:3921211-3921711	0	0	1	0	1	0	0
chr11:5502310-5502810	1	0	0	0	0	0	0
chr11:6568749-6569249	0	0	0	0	0	0	0
chr11:7786322-7786822	0	0	0	0	0	0	0
chr11:18754408-18754908	0	0	0	0	0	0	0
chr11:21398685-21399185	0	0	0	0	0	0	0
chr11:21402870-21403370	1	0	0	4	0	1	0
chr11:22437926-22438426	0	0	0	0	0	0	0
chr11:31843928-31844428	0	0	0	0	0	0	0
chr11:35607395-35607895	0	2	0	0	0	2	0
chr11:35624558-35625058	0	0	0	0	0	0	0
chr11:35626345-35626845	0	0	0	0	0	0	0
chr11:35718632-35719132	1	0	0	0	0	0	0
chr11:35738027-35738527	0	0	0	0	0	0	0
chr11:43884400-43884900	0	0	0	0	0	0	0
chr11:43928927-43929427	0	2	0	0	0	0	0
chr11:52602451-52602951	0	2	0	0	0	2	0
chr11:60224954-60225454	0	0	0	0	0	0	0
chr11:60240899-60241399	0	0	0	0	0	0	0
chr11:61448442-61448942	0	0	0	0	0	0	0
chr11:62479405-62479905	0	0	0	0	0	0	0
chr11:62538259-62538759	0	0	0	0	0	0	0
chr11:62558749-62559249	0	2	0	0	0	1	0
chr11:62568181-62568681	0	0	0	0	0	0	0
chr11:63173302-63173802	0	0	1	0	1	0	0
chr11:63181820-63182320	0	0	0	0	0	0	2
chr11:63891512-63892012	1	0	0	0	0	0	0
chr11:63896916-63897416	0	2	0	0	0	2	0
chr11:63898560-63899060	0	0	1	2	1	1	0
chr11:64079331-64079831	0	0	0	0	0	0	0
chr11:67667626-67668126	0	2	0	0	0	2	0
chr11:70489071-70489571	0	2	0	0	0	0	0
chr11:73274630-73275130	0	2	0	0	0	1	0
chr11:77808022-77808522	0	0	0	0	0	0	0
chr11:77813981-77814481	0	2	0	0	0	2	0
chr11:79039301-79039801	0	0	0	0	0	0	0
chr11:79771435-79771935	0	0	1	0	1	0	2
chr11:79792617-79793117	0	2	0	0	0	2	0
chr11:84168858-84169358	0	0	0	0	0	0	0
chr11:84172879-84173379	1	0	0	2	0	0	0
chr11:84190484-84190984	0	0	2	0	2	0	0
chr11:84192280-84192780	0	0	1	0	1	0	0
chr11:84198127-84198627	0	0	0	0	0	0	0
chr11:84229455-84229955	1	0	0	2	0	0	0
chr11:84236866-84237366	0	0	0	0	0	0	0
chr11:84302448-84302948	0	0	0	0	0	0	0
chr11:84305151-84305651	0	0	0	0	0	0	2
chr11:84310847-84311347	0	0	0	0	0	0	0
chr11:84313425-84313925	0	0	0	0	0	0	2
chr11:84331208-84331708	0	0	0	0	0	0	0
chr11:84344563-84345063	0	0	0	0	0	0	0
chr11:84350965-84351465	0	0	0	0	0	0	0
chr11:84405745-84406245	0	0	0	0	0	0	0
chr11:84767505-84768005	0	0	0	0	0	0	0
chr11:85846275-85846775	1	0	0	0	0	0	0
chr11:94175536-94176036	0	0	0	0	0	0	0
chr11:94198314-94198814	1	0	0	0	0	0	0
chr11:94239693-94240193	1	0	1	0	1	0	0
chr11:96332050-96332550	0	0	0	0	0	0	0
chr11:97836887-97837387	0	1	0	0	0	0	2
chr11:98384863-98385363	0	0	1	0	1	0	0
chr11:100475119-100475619	0	0	0	0	0	0	0
chr11:100505077-100505577	0	0	0	0	0	0	0
chr11:100518801-100519301	0	0	0	0	0	0	0
chr11:100545113-100545613	0	0	0	0	0	0	0
chr11:100553260-100553760	0	0	0	0	0	0	0
chr11:101364473-101364973	0	0	0	0	0	0	0
chr11:103144499-103144999	1	0	0	2	0	0	0
chr11:103904462-103904962	0	2	0	0	0	2	0
chr11:104269525-104270025	1	0	0	0	0	0	0
chr11:107124279-107124779	0	0	0	0	0	0	0
chr11:108769838-108770338	0	2	0	0	0	1	2
chr11:108774644-108775144	1	0	0	0	0	0	0
chr11:109144276-109144776	0	0	1	0	1	0	0
chr11:109178726-109179226	0	0	0	0	0	0	0
chr11:109353366-109353866	0	2	0	0	0	3	0
chr11:111236527-111237027	0	2	0	0	0	3	0
chr11:111240089-111240589	0	0	0	0	0	0	0
chr11:111281071-111281571	0	0	0	0	0	0	0
chr11:111313493-111313993	0	0	0	0	0	1	0
chr11:112834348-112834848	0	1	0	0	0	2	0
chr11:112926720-112927220	0	0	0	0	0	0	0
chr11:112942483-112942983	1	0	0	0	0	0	2
chr11:113132254-113132754	0	0	0	0	0	0	2
chr11:113138468-113138968	0	0	0	0	0	0	0
chr11:115509892-115510392	0	0	0	0	0	0	0
chr11:115775879-115776379	0	0	0	0	0	0	0
chr11:115779204-115779704	0	0	0	0	0	0	0
chr11:115899775-115900275	0	0	0	0	0	0	0
chr11:116661644-116662144	0	0	0	0	0	0	0
chr11:117221020-117221520	0	0	0	0	0	0	0
chr11:117598919-117599419	0	0	0	0	0	1	0
chr11:117989841-117990341	0	0	0	0	0	0	0
chr11:118242407-118242907	0	0	0	0	0	0	0
chr11:119685383-119685883	0	0	0	0	0	0	0
chr11:120137273-120137773	1	0	0	0	0	0	0
chr11:120242721-120243221	0	0	0	0	0	0	0
chr11:120269634-120270134	1	0	0	0	0	0	0
chr11:120301465-120301965	0	0	0	0	0	0	0
chr11:120304456-120304956	0	0	0	0	0	0	0
chr11:120803472-120803972	0	0	0	0	0	2	0
chr11:120805065-120805565	0	0	0	0	0	0	0
chr11:120815277-120815777	0	0	0	0	0	0	0
chr11:120831063-120831563	0	0	0	0	0	0	0
chr11:120857545-120858045	0	0	0	0	0	0	0
chr11:120861301-120861801	0	0	1	0	1	0	0
chr11:120873323-120873823	0	2	0	0	0	0	2
chr11:120883810-120884310	0	2	0	0	0	2	2
chr11:120902679-120903179	0	0	0	0	0	0	0
chr12:3229293-3229793	0	0	0	0	0	0	0
chr12:4509426-4509926	0	0	0	0	0	0	0
chr12:15850026-15850526	0	0	0	0	0	0	0
chr12:25110301-25110801	0	0	0	0	0	0	0
chr12:25150888-25151388	0	0	0	0	0	0	0
chr12:25165561-25166061	1	0	0	0	0	2	0
chr12:26405084-26405584	0	0	0	0	0	0	0
chr12:30128800-30129300	0	0	0	0	0	0	0
chr12:32123502-32124002	0	0	0	0	0	0	0
chr12:32661736-32662236	0	2	0	0	0	2	0
chr12:33057051-33057551	0	0	0	0	0	0	0
chr12:33062647-33063147	0	0	0	0	0	0	0
chr12:33267766-33268266	0	2	0	0	0	2	0
chr12:33287874-33288374	0	0	0	0	0	0	0
chr12:33302509-33303009	0	0	1	0	1	1	0
chr12:33304962-33305462	0	0	0	0	0	0	0
chr12:33311624-33312124	0	0	0	0	0	0	0
chr12:33340411-33340911	1	0	0	0	0	0	0
chr12:34775979-34776479	0	0	0	0	0	0	0
chr12:39936072-39936572	0	0	0	0	0	0	0
chr12:41084522-41085022	0	0	0	0	0	2	0
chr12:77053074-77053574	0	0	0	0	0	0	0
chr12:77054262-77054762	0	0	0	0	0	0	2
chr12:77061285-77061785	1	0	0	0	0	0	0
chr12:79346766-79347266	0	0	0	0	0	0	0
chr12:79793238-79793738	1	0	0	0	0	0	0
chr12:79948787-79949287	0	0	0	0	0	1	0
chr12:81155612-81156112	1	0	0	2	0	0	0
chr12:84015322-84015822	0	0	0	0	0	0	0
chr12:84033864-84034364	0	0	0	0	0	0	0
chr12:84037943-84038443	0	0	0	0	0	0	0
chr12:84052619-84053119	0	0	0	0	0	0	0
chr12:84800403-84800903	0	2	0	0	0	2	0
chr12:85890608-85891108	1	2	0	0	0	1	0
chr12:86045775-86046275	1	0	0	0	0	0	0
chr12:86057077-86057577	0	2	0	0	0	2	0
chr12:99213925-99214425	0	0	0	0	0	0	0
chr12:100392455-100392955	0	2	0	0	0	2	0
chr12:102271375-102271875	0	0	0	0	0	1	0
chr12:103311840-103312340	0	0	0	2	0	0	0
chr12:103326989-103327489	0	0	0	0	0	0	0
chr12:103565412-103565912	0	0	0	0	0	0	0
chr12:104041846-104042346	0	0	0	0	0	0	0
chr12:104069671-104070171	0	0	0	0	0	0	0
chr12:104593573-104594073	0	0	0	0	0	0	0
chr12:104992739-104993239	0	0	0	0	0	0	2
chr12:107752693-107753193	1	0	0	0	0	0	0
chr12:108836055-108836555	0	0	0	0	0	0	0
chr12:108841963-108842463	0	2	0	0	0	0	0
chr12:108851242-108851742	1	0	0	0	0	0	0
chr12:108873547-108874047	0	0	0	0	0	0	0
chr12:110206885-110207385	1	0	0	0	0	0	0
chr12:110220928-110221428	0	2	0	0	0	2	0
chr12:110263070-110263570	0	0	0	0	0	0	0
chr13:3865919-3866419	0	0	0	0	0	0	0
chr13:8744815-8745315	0	0	0	0	0	0	0
chr13:28638093-28638593	1	0	1	0	1	0	0
chr13:29474228-29474728	1	0	0	2	0	0	0
chr13:29503339-29503839	0	0	0	0	0	0	0
chr13:30561622-30562122	0	0	0	0	0	0	0
chr13:30749531-30750031	0	0	0	0	0	0	0
chr13:30808988-30809488	0	2	0	0	0	1	0
chr13:31584983-31585483	1	2	0	0	0	2	2
chr13:32479593-32480093	0	0	0	0	0	0	0
chr13:34222933-34223433	0	0	0	0	0	0	0
chr13:34227933-34228433	0	0	0	0	0	3	0
chr13:35212255-35212755	0	0	0	0	0	0	0
chr13:35524845-35525345	0	0	0	0	0	0	2
chr13:37416896-37417396	0	0	0	0	0	1	0
chr13:37468060-37468560	0	0	0	0	0	0	0
chr13:37644729-37645229	0	0	0	0	0	0	0
chr13:44306467-44306967	0	0	0	0	0	0	0
chr13:44409258-44409758	0	2	0	0	0	2	0
chr13:44421213-44421713	0	0	0	0	0	0	0
chr13:44451429-44451929	0	0	0	0	0	0	2
chr13:44509734-44510234	0	0	0	0	0	2	0
chr13:44523323-44523823	1	0	0	0	0	0	2
chr13:44534666-44535166	0	0	0	0	0	0	0
chr13:44541098-44541598	0	0	0	0	0	0	2
chr13:45207128-45207628	0	0	0	0	0	0	0
chr13:45246024-45246524	1	0	0	0	0	0	0
chr13:45627674-45628174	0	2	0	0	0	2	0
chr13:46006197-46006697	0	0	0	0	0	0	0
chr13:46019645-46020145	0	0	0	0	0	1	2
chr13:46161591-46162091	0	0	0	0	0	0	0
chr13:46168508-46169008	0	0	0	0	0	0	0
chr13:47194264-47194764	0	0	0	0	0	0	0
chr13:47200030-47200530	0	2	0	0	0	1	0
chr13:47215816-47216316	0	0	0	0	0	0	0
chr13:51853522-51854022	0	0	0	0	0	0	0
chr13:51868593-51869093	0	2	1	0	1	1	0
chr13:51888314-51888814	0	0	0	0	0	0	0
chr13:52060570-52061070	0	0	0	0	0	0	0
chr13:52067966-52068466	0	0	0	0	0	0	0
chr13:52116309-52116809	0	0	0	0	0	0	0
chr13:52124869-52125369	1	0	0	0	0	0	2
chr13:52154191-52154691	1	1	0	0	0	0	0
chr13:52188233-52188733	0	0	0	0	0	0	0
chr13:54072631-54073131	0	0	0	0	0	0	0
chr13:54080089-54080589	0	0	0	0	0	0	0
chr13:56434013-56434513	1	0	0	0	0	0	0
chr13:59859427-59859927	0	2	0	0	0	2	0
chr13:68737495-68737995	0	0	0	0	0	0	0
chr13:72716197-72716697	0	0	1	0	1	0	0
chr13:78203706-78204206	0	0	0	0	0	0	0
chr13:90728257-90728757	0	0	0	0	0	2	0
chr13:93719174-93719674	0	0	0	0	0	0	0
chr13:93898391-93898891	0	0	0	0	0	0	0
chr13:101092353-101092853	0	2	0	0	0	4	2
chr13:101096922-101097422	1	0	0	0	0	0	0
chr13:101523838-101524338	0	1	1	0	1	2	0
chr13:101545513-101546013	0	0	0	0	0	0	0
chr13:101700043-101700543	0	0	0	0	0	0	0
chr13:101712113-101712613	2	0	0	2	0	0	0
chr13:101738729-101739229	1	1	0	2	0	2	0
chr13:101746383-101746883	0	0	0	0	0	1	0
chr13:101751700-101752200	0	0	0	0	0	0	0
chr13:101753374-101753874	0	3	0	0	0	2	0
chr13:101757423-101757923	0	0	0	0	0	0	0
chr13:101761208-101761708	0	0	0	0	0	0	0
chr13:101763660-101764160	1	0	0	0	0	0	0
chr13:101768606-101769106	0	0	0	0	0	0	0
chr13:101844739-101845239	0	0	1	0	1	0	0
chr13:101987760-101988260	0	2	0	0	0	1	2
chr13:102253510-102254010	0	2	0	0	0	2	2
chr13:102411496-102411996	0	0	0	0	0	0	0
chr13:102447458-102447958	1	0	0	0	0	0	2
chr13:102449102-102449602	0	0	0	0	0	0	0
chr13:102454656-102455156	0	0	0	0	0	1	0
chr13:102458821-102459321	0	0	0	0	0	0	0
chr13:102533853-102534353	1	0	1	0	1	0	0
chr13:102537669-102538169	0	0	0	0	0	0	0
chr13:102577237-102577737	0	0	0	0	0	0	0
chr13:102578616-102579116	0	0	0	0	0	0	0
chr13:102586192-102586692	0	2	0	0	0	0	0
chr13:102593668-102594168	0	0	0	0	0	0	0
chr13:102652426-102652926	0	0	0	0	0	0	2
chr13:102684767-102685267	0	0	0	0	0	1	0
chr13:102709768-102710268	0	0	0	0	0	0	0
chr13:104540797-104541297	0	0	0	0	0	2	0
chr13:105060632-105061132	0	2	0	0	0	2	2
chr13:105207570-105208070	0	0	0	0	0	0	0
chr13:110237662-110238162	0	2	0	0	0	2	0
chr13:111926513-111927013	1	0	0	0	0	0	0
chr13:112902339-112902839	0	0	0	0	0	0	0
chr13:113045918-113046418	0	0	0	0	0	0	0
chr13:118506076-118506576	1	0	0	2	0	0	0
chr13:118623489-118623989	0	0	0	0	0	0	4
chr14:17728860-17729360	1	0	0	0	0	0	0
chr14:20845569-20846069	1	0	0	0	0	0	0
chr14:22114723-22115223	0	0	0	0	0	0	0
chr14:22213556-22214056	0	2	1	0	1	0	0
chr14:22864924-22865424	0	0	0	0	0	0	0
chr14:26540509-26541009	0	0	0	0	0	0	0
chr14:28283714-28284214	0	0	0	0	0	2	0
chr14:28304116-28304616	0	0	0	0	0	0	0
chr14:28308552-28309052	1	0	0	0	0	0	0
chr14:29017764-29018264	0	1	0	0	0	2	0
chr14:30009971-30010471	0	0	1	0	1	0	0
chr14:30018904-30019404	0	0	0	0	0	0	0
chr14:30024405-30024905	0	0	0	0	0	0	0
chr14:30574249-30574749	1	0	0	0	0	0	0
chr14:30594028-30594528	0	0	0	0	0	0	0
chr14:33734230-33734730	0	0	0	0	0	0	0
chr14:34635539-34636039	1	0	1	0	1	0	0
chr14:40853333-40853833	0	2	0	0	0	2	2
chr14:40889442-40889942	0	0	0	0	0	1	0
chr14:61571239-61571739	0	0	0	0	0	0	0
chr14:61636542-61637042	0	0	0	0	0	1	0
chr14:63060424-63060924	0	0	0	0	0	0	0
chr14:63157741-63158241	0	0	0	0	0	0	0
chr14:63159648-63160148	0	2	0	0	0	1	0
chr14:63177919-63178419	0	0	0	0	0	0	0
chr14:63183717-63184217	0	0	0	0	0	0	0
chr14:63917238-63917738	0	0	0	0	0	0	0
chr14:63934212-63934712	0	0	0	0	0	0	2
chr14:63942687-63943187	0	0	0	0	0	0	0
chr14:63943739-63944239	0	0	0	0	0	0	0
chr14:65746758-65747258	0	0	0	0	0	0	0
chr14:67141788-67142288	0	0	0	0	0	0	0
chr14:67574495-67574995	0	0	0	0	0	0	0
chr14:69828362-69828862	0	0	0	0	0	0	0
chr14:69978115-69978615	0	0	0	0	0	0	0
chr14:70175818-70176318	0	0	0	0	0	0	0
chr14:70331212-70331712	1	2	0	0	0	2	4
chr14:75790326-75790826	0	0	0	0	0	0	0
chr14:76678432-76678932	0	0	0	0	0	0	0
chr14:77257322-77257822	0	0	1	0	1	0	0
chr14:79200181-79200681	0	0	0	0	0	0	2
chr14:100724838-100725338	0	0	0	0	0	0	0
chr14:100749772-100750272	0	0	0	0	0	0	0
chr14:120586394-120586894	0	0	0	0	0	1	0
chr15:3601708-3602208	0	0	1	0	1	0	0
chr15:3603329-3603829	0	2	0	0	0	1	0
chr15:3620565-3621065	0	0	0	0	0	0	0
chr15:3626693-3627193	0	0	0	0	0	1	0
chr15:3644642-3645142	0	0	0	0	0	0	0
chr15:3648507-3649007	0	0	0	0	0	0	0
chr15:8709950-8710450	0	0	0	0	0	0	0
chr15:8718486-8718986	1	0	0	0	0	0	0
chr15:8781092-8781592	1	0	0	2	0	0	0
chr15:10177534-10178034	0	0	0	0	0	0	0
chr15:10249322-10249822	0	0	0	0	0	0	0
chr15:11745808-11746308	2	0	0	0	0	0	0
chr15:31676727-31677227	0	0	0	0	0	0	0
chr15:34372940-34373440	0	0	0	0	0	0	0
chr15:36225532-36226032	0	2	0	0	0	2	0
chr15:39125117-39125617	0	2	0	0	0	2	0
chr15:39746464-39746964	0	2	0	0	0	2	2
chr15:39939863-39940363	0	0	0	0	0	0	0
chr15:41685698-41686198	0	0	0	0	0	0	0
chr15:42329392-42329892	0	0	0	0	0	0	0
chr15:42554237-42554737	0	0	0	0	0	0	0
chr15:42619960-42620460	0	0	0	0	0	0	0
chr15:42675656-42676156	0	0	1	0	1	0	0
chr15:53216084-53216584	0	0	0	0	0	0	0
chr15:53271288-53271788	0	0	0	0	0	0	0
chr15:53276245-53276745	0	0	0	0	0	0	0
chr15:55120990-55121490	0	0	0	0	0	0	0
chr15:55133446-55133946	0	0	0	0	0	0	0
chr15:55197826-55198326	0	0	0	0	0	0	0
chr15:55760631-55761131	0	0	1	0	1	0	0
chr15:55779880-55780380	0	0	1	0	1	0	0
chr15:55800574-55801074	0	0	0	0	0	0	0
chr15:56077618-56078118	0	0	0	0	0	0	0
chr15:56692365-56692865	0	0	0	0	0	0	0
chr15:57710474-57710974	1	0	0	0	0	0	0
chr15:58989123-58989623	0	0	0	0	0	0	0
chr15:58992490-58992990	0	0	0	0	0	0	0
chr15:58999219-58999719	0	0	0	0	0	0	0
chr15:59141906-59142406	0	0	0	0	0	0	0
chr15:59485408-59485908	0	2	0	0	0	1	2
chr15:61562394-61562894	0	0	0	0	0	0	0
chr15:61589274-61589774	0	0	0	0	0	0	0
chr15:62098699-62099199	0	0	0	0	0	2	0
chr15:62137198-62137698	1	0	0	0	0	0	0
chr15:62229598-62230098	0	0	0	0	0	0	0
chr15:62257774-62258274	0	0	1	0	1	0	0
chr15:62269499-62269999	0	0	0	0	0	0	0
chr15:76126618-76127118	0	0	0	0	0	0	0
chr15:76399666-76400166	0	2	0	0	0	2	0
chr15:77196472-77196972	0	0	0	0	0	0	0
chr15:78325912-78326412	0	0	0	0	0	0	0
chr15:78345254-78345754	1	0	0	0	0	0	0
chr15:78403873-78404373	0	0	0	0	0	0	0
chr15:78415303-78415803	0	2	0	0	0	1	0
chr15:78416815-78417315	0	0	0	0	0	0	0
chr15:78647588-78648088	0	0	0	0	0	0	0
chr15:79122184-79122684	1	0	0	0	0	0	0
chr15:79131467-79131967	0	0	0	0	0	1	2
chr15:81774298-81774798	0	0	0	0	0	0	0
chr15:81836545-81837045	0	0	0	0	0	0	0
chr15:81896327-81896827	0	0	0	0	0	0	0
chr15:84131606-84132106	0	0	0	0	0	0	0
chr15:84144753-84145253	0	0	0	0	0	2	0
chr15:84270429-84270929	0	0	1	0	1	0	0
chr15:84325365-84325865	0	0	0	0	0	0	0
chr15:92775948-92776448	0	2	0	0	0	2	0
chr15:98677248-98677748	0	0	0	0	0	0	0
chr15:103258251-103258751	1	0	0	0	0	0	0
chr15:103627089-103627589	0	0	1	0	1	1	0
chr16:5000450-5000950	0	0	0	0	0	0	0
chr16:10625114-10625614	0	0	0	0	0	0	0
chr16:10676645-10677145	1	2	0	2	0	0	0
chr16:10843882-10844382	0	0	0	0	0	0	0
chr16:11636675-11637175	0	0	0	0	0	0	0
chr16:11815065-11815565	1	0	0	0	0	0	2
chr16:11884132-11884632	0	0	1	0	1	0	0
chr16:11900149-11900649	0	0	0	0	0	0	0
chr16:13358115-13358615	0	2	0	0	0	2	0
chr16:13498775-13499275	0	0	0	0	0	1	0
chr16:13515701-13516201	0	4	0	0	0	4	0
chr16:17969478-17969978	0	0	1	0	1	0	0
chr16:20068699-20069199	0	0	0	0	0	0	0
chr16:21510554-21511054	0	0	0	0	0	0	0
chr16:21846009-21846509	0	0	0	0	0	0	2
chr16:22144494-22144994	0	1	0	2	0	1	0
chr16:22766861-22767361	0	0	0	0	0	0	0
chr16:22792026-22792526	0	1	0	0	0	0	0
chr16:23520165-23520665	0	0	0	0	0	0	0
chr16:24780503-24781003	0	1	0	0	0	3	2
chr16:25624131-25624631	2	0	0	1	0	0	0
chr16:32243484-32243984	0	0	0	0	0	0	0
chr16:32523571-32524071	0	0	1	0	1	0	0
chr16:32535352-32535852	0	0	0	0	0	0	0
chr16:32555456-32555956	1	0	0	0	0	0	0
chr16:37874118-37874618	0	0	0	0	0	0	0
chr16:37901674-37902174	0	0	0	0	0	0	0
chr16:43310045-43310545	0	0	0	0	0	0	0
chr16:43520000-43520500	0	0	0	0	0	2	0
chr16:56610463-56610963	0	2	1	0	1	0	0
chr16:57863247-57863747	0	0	0	2	0	1	0
chr16:58273174-58273674	0	2	0	0	0	2	0
chr16:76438212-76438712	1	0	0	0	0	0	0
chr16:77238616-77239116	0	0	0	0	0	0	0
chr16:87781439-87781939	1	0	0	0	0	0	0
chr16:89608281-89608781	1	2	0	0	0	1	0
chr16:91084732-91085232	0	0	0	0	0	0	0
chr16:97762850-97763350	0	0	0	0	0	0	0
chr16:97763963-97764463	0	2	0	0	0	2	2
chr17:8305396-8305896	0	0	0	0	0	0	0
chr17:10394787-10395287	0	1	0	0	0	1	0
chr17:24877843-24878343	0	0	1	0	1	0	0
chr17:25637105-25637605	0	0	0	0	0	0	0
chr17:26368124-26368624	0	0	0	0	0	0	0
chr17:26990633-26991133	0	0	0	0	0	0	2
chr17:28415180-28415680	0	0	0	0	0	0	0
chr17:28428800-28429300	0	0	1	0	1	0	0
chr17:28432104-28432604	1	0	0	0	0	0	0
chr17:28446619-28447119	0	0	0	0	0	0	0
chr17:28824840-28825340	0	0	0	0	0	0	0
chr17:29398133-29398633	0	0	0	0	0	0	0
chr17:29414753-29415253	1	0	0	0	0	0	0
chr17:29423032-29423532	0	0	0	0	0	0	0
chr17:31297264-31297764	0	0	0	0	0	0	0
chr17:31305397-31305897	0	3	0	0	0	2	2
chr17:32364562-32365062	0	0	0	0	0	0	0
chr17:34881801-34882301	0	0	0	0	0	0	0
chr17:34922181-34922681	0	0	0	0	0	2	0
chr17:45357656-45358156	0	0	0	0	0	0	0
chr17:45359406-45359906	0	0	0	0	0	0	0
chr17:45944840-45945340	1	0	0	0	0	0	0
chr17:45973072-45973572	0	0	0	0	0	0	0
chr17:46009401-46009901	0	0	0	0	0	0	0
chr17:46021411-46021911	0	0	0	0	0	0	0
chr17:46032420-46032920	0	0	0	0	0	0	0
chr17:46053292-46053792	1	0	0	0	0	0	2
chr17:46070076-46070576	1	0	0	0	0	0	0
chr17:46118008-46118508	0	0	0	0	0	0	0
chr17:46124171-46124671	0	2	0	0	0	1	0
chr17:46127788-46128288	0	0	0	0	0	0	0
chr17:47135397-47135897	0	4	0	0	0	0	0
chr17:47294439-47294939	0	0	1	0	1	0	0
chr17:49738244-49738744	0	0	0	0	0	0	0
chr17:67268181-67268681	1	0	0	0	0	0	0
chr17:67706990-67707490	0	0	0	0	0	0	0
chr17:73962302-73962802	0	2	0	0	0	1	0
chr17:75293465-75293965	0	0	0	0	0	0	0
chr17:79715471-79715971	0	0	0	0	0	0	0
chr17:79918414-79918914	1	0	0	0	0	0	0
chr17:79940035-79940535	0	0	0	0	0	0	0
chr17:80022252-80022752	0	2	0	0	0	3	2
chr17:80875638-80876138	0	0	0	0	0	0	0
chr17:80891551-80892051	0	0	0	0	0	0	0
chr17:80899258-80899758	1	0	0	0	0	0	0
chr17:81221308-81221808	1	0	1	0	1	0	0
chr17:83052658-83053158	0	0	0	0	0	0	0
chr17:83901971-83902471	0	0	0	0	0	0	0
chr17:84048711-84049211	0	0	0	0	0	0	0
chr17:84217543-84218043	0	0	0	0	0	0	0
chr17:84226856-84227356	0	0	0	0	0	0	2
chr17:84236818-84237318	0	0	0	0	0	0	0
chr17:84321266-84321766	0	0	1	0	1	0	0
chr17:84341938-84342438	0	0	0	0	0	0	0
chr17:84367702-84368202	0	0	0	0	0	2	0
chr17:84369815-84370315	0	0	0	0	0	0	0
chr17:84385567-84386067	0	0	0	0	0	0	0
chr17:84390023-84390523	0	0	0	0	0	0	0
chr17:84405493-84405993	0	0	0	0	0	0	0
chr18:5141424-5141924	1	1	0	0	0	0	0
chr18:5151899-5152399	0	0	0	0	0	0	0
chr18:5159216-5159716	0	2	0	0	0	2	2
chr18:5818952-5819452	0	2	0	0	0	2	0
chr18:6492125-6492625	0	0	0	0	0	0	0
chr18:11052395-11052895	0	0	0	0	0	0	0
chr18:12782181-12782681	0	0	0	0	0	0	0
chr18:14085022-14085522	0	0	0	0	0	0	0
chr18:32139043-32139543	1	0	0	0	0	0	0
chr18:32387505-32388005	0	0	0	0	0	0	0
chr18:33337085-33337585	1	0	0	0	0	0	0
chr18:33351717-33352217	0	2	1	0	1	1	2
chr18:34373845-34374345	0	0	0	0	0	0	0
chr18:34972385-34972885	0	1	0	0	0	2	0
chr18:35022146-35022646	0	0	0	0	0	0	0
chr18:35093858-35094358	0	0	0	0	0	0	2
chr18:36692826-36693326	0	0	0	0	0	0	0
chr18:36703797-36704297	0	0	0	0	0	0	0
chr18:36725875-36726375	0	0	0	0	0	0	0
chr18:39526235-39526735	0	0	0	0	0	0	0
chr18:55025302-55025802	2	0	0	0	0	0	0
chr18:55073544-55074044	1	0	1	0	1	1	0
chr18:55119651-55120151	0	0	0	0	0	1	0
chr18:56735667-56736167	0	0	0	0	0	0	0
chr18:56742676-56743176	0	0	0	0	0	2	0
chr18:57618119-57618619	1	0	1	0	1	0	0
chr18:57670995-57671495	1	0	0	0	0	0	0
chr18:60238679-60239179	0	0	0	0	0	0	0
chr18:60495391-60495891	1	2	0	2	0	2	0
chr18:61238668-61239168	0	0	0	0	0	0	2
chr18:62775724-62776224	0	0	0	0	0	1	0
chr18:62800847-62801347	0	0	1	0	1	2	0
chr18:62961691-62962191	1	0	0	0	0	1	0
chr18:66208124-66208624	0	0	0	0	0	0	0
chr18:73989074-73989574	0	0	0	0	0	0	0
chr18:76991666-76992166	0	0	0	0	0	0	0
chr18:77005095-77005595	1	0	0	0	0	0	0
chr18:80005056-80005556	0	0	0	0	0	1	0
chr18:83043020-83043520	0	0	0	0	0	0	0
chr18:83052037-83052537	0	0	0	0	0	0	0
chr18:84781313-84781813	0	0	0	0	0	0	0
chr19:3458433-3458933	0	0	0	0	0	0	0
chr19:3681119-3681619	0	2	0	0	0	3	0
chr19:3695297-3695797	0	0	0	0	0	0	0
chr19:4126605-4127105	0	1	0	0	0	1	0
chr19:4420200-4420700	0	0	0	0	0	0	0
chr19:4446970-4447470	0	0	0	0	0	0	0
chr19:4462017-4462517	0	0	0	2	0	0	0
chr19:4483217-4483717	0	0	0	0	0	0	0
chr19:4492789-4493289	0	2	0	0	0	2	2
chr19:4498041-4498541	0	0	0	0	0	0	0
chr19:4503054-4503554	0	0	1	0	1	0	0
chr19:4558481-4558981	0	0	0	0	0	0	0
chr19:4578804-4579304	0	0	0	0	0	0	0
chr19:4588919-4589419	0	0	0	0	0	0	0
chr19:4594446-4594946	0	0	0	0	0	0	2
chr19:4613652-4614152	0	0	0	0	0	0	0
chr19:4617928-4618428	0	0	0	0	0	0	0
chr19:4793691-4794191	0	0	0	0	0	0	0
chr19:6286733-6287233	0	2	0	0	0	2	0
chr19:10183121-10183621	0	0	0	0	0	0	0
chr19:10188300-10188800	0	0	0	0	0	0	0
chr19:26607785-26608285	0	0	0	0	0	0	0
chr19:26675628-26676128	0	4	0	0	0	2	0
chr19:28207168-28207668	1	0	0	0	0	0	0
chr19:28355432-28355932	0	0	0	0	0	0	0
chr19:44394373-44394873	0	0	0	0	0	0	0
chr19:44407660-44408160	0	0	0	0	0	0	0
chr19:44415626-44416126	0	0	0	0	0	0	2
chr19:55115463-55115963	1	0	0	0	0	0	0
chr19:55126764-55127264	0	0	0	0	0	0	0
chr19:55137730-55138230	0	0	0	0	0	0	0
chr19:55145205-55145705	0	2	0	0	0	0	0
chr19:55184293-55184793	0	2	0	0	0	2	0
chr19:55187420-55187920	1	0	0	0	0	0	0
chr19:56156717-56157217	0	0	0	0	0	0	0
chr19:56169649-56170149	1	0	0	0	0	0	2
chr19:56185582-56186082	0	0	0	0	0	0	0
chr19:56555996-56556496	0	0	0	0	0	0	0
chr19:56720791-56721291	1	0	0	0	0	0	0
chr19:56726746-56727246	0	0	0	0	0	0	0
chr2:16356313-16356813	0	0	0	0	0	0	0
chr2:16664085-16664585	0	2	0	0	0	1	0
chr2:20458736-20459236	1	0	0	2	0	1	0
chr2:25465670-25466170	0	0	0	0	0	0	2
chr2:25486261-25486761	0	0	0	0	0	0	2
chr2:27212110-27212610	0	0	0	0	0	0	0
chr2:27596704-27597204	0	0	0	0	0	0	0
chr2:30350966-30351466	0	0	0	0	0	0	0
chr2:30357827-30358327	0	0	1	0	1	0	0
chr2:30754136-30754636	0	0	0	0	0	0	0
chr2:30893395-30893895	0	0	0	0	0	0	0
chr2:30902096-30902596	0	2	0	0	0	2	2
chr2:30918323-30918823	0	0	0	0	0	2	0
chr2:30928198-30928698	0	0	0	0	0	0	2
chr2:32252095-32252595	0	0	1	0	1	0	0
chr2:32256128-32256628	0	0	0	0	0	0	0
chr2:32258967-32259467	0	0	0	0	0	0	0
chr2:32325907-32326407	0	0	0	0	0	0	0
chr2:33058733-33059233	1	2	0	0	0	2	2
chr2:33274754-33275254	0	2	0	0	0	0	0
chr2:44222011-44222511	0	0	0	0	0	0	0
chr2:45593636-45594136	2	0	0	0	0	0	0
chr2:46371063-46371563	1	0	1	0	1	0	0
chr2:46462196-46462696	0	0	1	0	1	0	0
chr2:48212789-48213289	0	0	1	0	1	0	0
chr2:52471943-52472443	0	0	0	0	0	0	0
chr2:57252769-57253269	0	0	0	0	0	0	0
chr2:57254204-57254704	0	0	0	0	0	0	0
chr2:57255410-57255910	1	0	0	0	0	0	0
chr2:58279181-58279681	1	0	0	0	0	0	0
chr2:58426557-58427057	0	0	0	0	0	0	0
chr2:64039082-64039582	0	0	0	0	0	3	0
chr2:67972309-67972809	0	0	0	0	0	0	0
chr2:68301851-68302351	1	0	1	2	1	0	0
chr2:68335043-68335543	0	0	0	0	0	0	0
chr2:70337184-70337684	0	0	0	0	0	0	0
chr2:71719433-71719933	0	0	0	0	0	0	0
chr2:73046934-73047434	2	0	1	2	1	0	0
chr2:73659728-73660228	0	0	0	0	0	0	0
chr2:91250391-91250891	0	0	0	0	0	0	0
chr2:92603132-92603632	0	0	0	0	0	0	0
chr2:92613094-92613594	0	0	0	0	0	0	0
chr2:93791384-93791884	0	0	1	0	1	0	0
chr2:93859586-93860086	0	0	0	0	0	0	0
chr2:110137372-110137872	0	0	0	0	0	0	2
chr2:110182703-110183203	1	0	0	0	0	0	0
chr2:116050946-116051446	0	0	0	0	0	0	0
chr2:118033758-118034258	0	0	0	0	0	0	0
chr2:118499830-118500330	0	0	0	0	0	0	0
chr2:118529388-118529888	1	0	0	0	0	0	0
chr2:118697732-118698232	0	0	0	0	0	0	0
chr2:122781429-122781929	0	0	1	0	1	0	0
chr2:126040300-126040800	0	0	0	0	0	0	0
chr2:126042198-126042698	0	0	0	0	0	0	0
chr2:126052938-126053438	0	0	0	0	0	0	0
chr2:126865170-126865670	0	0	0	0	0	1	0
chr2:130003785-130004285	0	2	0	0	0	0	0
chr2:130039876-130040376	1	0	0	0	0	0	0
chr2:130049505-130050005	0	0	0	0	0	1	0
chr2:130819108-130819608	0	0	0	0	0	0	0
chr2:130835457-130835957	0	0	0	0	0	0	0
chr2:130929946-130930446	1	0	0	0	0	0	0
chr2:131157218-131157718	0	0	0	0	0	0	0
chr2:131551584-131552084	0	0	0	0	0	0	0
chr2:132006432-132006932	0	0	0	0	0	0	0
chr2:132030129-132030629	0	0	0	0	0	0	0
chr2:132043084-132043584	0	0	0	0	0	0	0
chr2:132689485-132689985	0	0	0	2	0	0	2
chr2:132846330-132846830	0	0	0	0	0	0	0
chr2:132893988-132894488	0	0	0	0	0	0	0
chr2:134723971-134724471	2	0	0	1	0	0	0
chr2:134756005-134756505	2	1	0	0	0	2	0
chr2:134821349-134821849	1	0	0	0	0	0	0
chr2:136503900-136504400	0	0	0	0	0	0	0
chr2:137046814-137047314	0	0	0	0	0	0	0
chr2:145268392-145268892	0	0	0	0	0	0	0
chr2:146546213-146546713	0	0	0	0	0	0	0
chr2:148502524-148503024	0	0	0	0	0	1	0
chr2:151910172-151910672	0	2	0	0	0	2	0
chr2:152741679-152742179	1	0	0	2	0	0	0
chr2:155703673-155704173	0	0	0	0	0	0	0
chr2:155707161-155707661	0	0	0	0	0	1	0
chr2:156324120-156324620	2	0	0	2	0	0	0
chr2:156731917-156732417	0	0	1	0	1	0	0
chr2:157519402-157519902	0	2	0	0	0	0	0
chr2:157559534-157560034	0	0	0	0	0	2	0
chr2:159716140-159716640	0	0	0	0	0	0	0
chr2:159853870-159854370	1	0	0	0	0	0	0
chr2:166104526-166105026	0	0	0	0	0	0	0
chr2:167909740-167910240	0	0	0	0	0	0	0
chr2:167945076-167945576	0	0	0	0	0	0	0
chr2:167965533-167966033	0	0	0	0	0	0	2
chr2:169686947-169687447	0	0	0	0	0	1	0
chr2:169841729-169842229	0	0	0	0	0	0	0
chr2:170007089-170007589	0	0	0	0	0	0	0
chr2:170075175-170075675	0	0	0	0	0	1	0
chr2:173306790-173307290	0	0	0	0	0	0	0
chr3:10263406-10263906	0	0	0	0	0	0	0
chr3:14786990-14787490	0	0	0	0	0	0	0
chr3:14815259-14815759	0	0	0	0	0	0	0
chr3:21479262-21479762	0	0	0	0	0	1	2
chr3:30244230-30244730	0	0	0	0	0	0	0
chr3:35149735-35150235	0	4	0	0	0	1	0
chr3:37137108-37137608	0	0	1	0	1	0	0
chr3:37145581-37146081	0	2	0	0	0	2	0
chr3:53211661-53212161	0	0	0	0	0	0	0
chr3:59005115-59005615	0	0	0	0	0	0	0
chr3:81149615-81150115	0	0	1	0	1	0	0
chr3:84048851-84049351	0	0	0	0	0	0	0
chr3:87508754-87509254	0	0	0	0	0	0	0
chr3:87553256-87553756	0	0	0	0	0	0	0
chr3:87812781-87813281	0	0	0	0	0	0	0
chr3:88541962-88542462	0	0	0	0	0	0	2
chr3:89534456-89534956	0	0	0	0	0	0	0
chr3:89909764-89910264	0	1	1	0	1	0	0
chr3:94372583-94373083	0	0	0	0	0	0	0
chr3:95565344-95565844	0	2	0	0	0	0	0
chr3:95865028-95865528	0	0	1	0	1	0	0
chr3:97057552-97058052	0	0	0	0	0	0	0
chr3:98050129-98050629	0	3	0	0	0	2	0
chr3:100430492-100430992	0	0	0	0	0	0	0
chr3:101572047-101572547	0	0	0	0	0	0	2
chr3:102194447-102194947	0	2	0	0	0	2	0
chr3:104542556-104543056	0	0	0	0	0	2	0
chr3:105116556-105117056	0	0	0	0	0	0	0
chr3:105127712-105128212	0	0	0	0	0	0	0
chr3:105151759-105152259	0	0	0	0	0	0	0
chr3:105479920-105480420	0	4	0	0	0	2	2
chr3:106485435-106485935	0	0	0	0	0	0	0
chr3:106494258-106494758	0	0	0	0	0	0	0
chr3:107829237-107829737	0	0	0	0	0	0	0
chr3:107831814-107832314	0	0	0	0	0	0	0
chr3:107841193-107841693	0	0	0	0	0	0	0
chr3:122936017-122936517	0	0	0	0	0	0	0
chr3:128287799-128288299	0	0	0	0	0	0	0
chr3:132382097-132382597	0	2	0	0	0	2	0
chr3:141468380-141468880	0	0	0	0	0	0	0
chr3:144110151-144110651	1	2	0	0	0	2	0
chr3:145995431-145995931	0	0	0	0	0	0	0
chr3:149103288-149103788	0	0	0	0	0	0	0
chr4:13785280-13785780	0	0	0	0	0	0	0
chr4:13801055-13801555	0	0	0	0	0	0	0
chr4:13833050-13833550	0	0	0	0	0	0	0
chr4:40815133-40815633	0	0	0	0	0	0	0
chr4:40873644-40874144	0	0	0	0	0	0	0
chr4:44192718-44193218	0	0	0	0	0	0	0
chr4:44488545-44489045	0	0	0	0	0	2	0
chr4:44537501-44538001	0	0	0	0	0	0	0
chr4:45413653-45414153	3	0	1	0	1	0	0
chr4:53146775-53147275	0	0	0	0	0	1	0
chr4:56514562-56515062	2	0	0	2	0	0	2
chr4:62723740-62724240	0	0	0	0	0	0	0
chr4:62744251-62744751	0	0	0	0	0	0	0
chr4:63221530-63222030	0	0	0	0	0	0	0
chr4:65126252-65126752	0	2	0	0	0	0	0
chr4:65294858-65295358	0	0	0	0	0	2	0
chr4:67124788-67125288	1	0	0	2	0	0	0
chr4:83949623-83950123	0	0	0	0	0	0	0
chr4:83971674-83972174	0	0	0	0	0	0	0
chr4:83974592-83975092	0	0	0	0	0	0	0
chr4:83998216-83998716	0	0	0	0	0	0	4
chr4:84540403-84540903	0	0	0	0	0	0	0
chr4:86288332-86288832	0	2	0	0	0	2	2
chr4:95290273-95290773	0	0	0	0	0	0	0
chr4:97439411-97439911	0	0	0	0	0	0	0
chr4:97923825-97924325	0	0	0	0	0	0	0
chr4:98104178-98104678	0	0	0	0	0	0	0
chr4:98120125-98120625	1	0	0	0	0	0	0
chr4:98122332-98122832	0	0	0	0	0	0	0
chr4:101350083-101350583	0	2	0	0	0	2	0
chr4:101354997-101355497	0	0	0	0	0	0	0
chr4:104043638-104044138	0	0	0	0	0	1	0
chr4:105328660-105329160	1	0	0	0	0	0	0
chr4:105973866-105974366	2	0	0	0	0	0	0
chr4:106186175-106186675	0	0	0	0	0	0	0
chr4:106191555-106192055	1	0	0	0	0	0	0
chr4:106195520-106196020	1	0	1	2	1	0	0
chr4:106213997-106214497	0	0	0	0	0	0	0
chr4:106215325-106215825	1	0	0	0	0	0	0
chr4:106220223-106220723	0	0	0	0	0	0	0
chr4:106848036-106848536	0	0	0	0	0	0	0
chr4:107937615-107938115	0	0	0	0	0	1	0
chr4:108019426-108019926	0	0	0	0	0	0	0
chr4:108024448-108024948	0	0	0	0	0	0	0
chr4:108032359-108032859	0	2	0	0	0	0	0
chr4:108216753-108217253	0	0	0	0	0	1	0
chr4:108708163-108708663	0	0	0	0	0	0	0
chr4:114945104-114945604	0	0	0	0	0	0	0
chr4:120277343-120277843	0	0	0	0	0	2	0
chr4:123038784-123039284	0	0	0	0	0	0	0
chr4:126065094-126065594	1	0	0	0	0	0	0
chr4:126067417-126067917	2	0	0	0	0	0	0
chr4:126080327-126080827	0	0	0	0	0	0	0
chr4:129125903-129126403	1	0	0	0	0	0	0
chr4:129251124-129251624	0	0	0	0	0	0	0
chr4:133700976-133701476	0	0	0	0	0	0	0
chr4:134841827-134842327	0	0	0	0	0	1	0
chr4:141016353-141016853	0	0	0	0	0	0	2
chr4:141648389-141648889	0	0	0	0	0	0	0
chr4:150120001-150120501	0	0	0	0	0	0	0
chr4:150227043-150227543	0	0	0	0	0	0	0
chr4:150745962-150746462	0	2	0	0	0	1	2
chr4:150755565-150756065	1	2	0	2	0	2	0
chr4:150778496-150778996	0	2	0	0	0	2	4
chr4:154971176-154971676	0	0	0	0	0	0	0
chr5:8527553-8528053	0	2	0	0	0	1	0
chr5:24383248-24383748	0	2	0	0	0	0	0
chr5:24713108-24713608	1	0	0	0	0	0	0
chr5:24731183-24731683	0	0	0	2	0	0	0
chr5:24739181-24739681	0	0	0	0	0	0	0
chr5:24960840-24961340	0	0	0	0	0	0	0
chr5:24964246-24964746	0	0	0	0	0	0	0
chr5:25089569-25090069	0	0	0	0	0	1	0
chr5:31018218-31018718	1	0	0	0	0	0	0
chr5:31792766-31793266	0	0	0	0	0	0	2
chr5:32084475-32084975	0	0	0	0	0	0	0
chr5:35084815-35085315	0	2	0	0	0	2	2
chr5:35613791-35614291	0	1	0	0	0	2	0
chr5:35636051-35636551	0	4	0	0	0	2	0
chr5:35787873-35788373	1	0	0	0	0	0	0
chr5:36516034-36516534	0	0	0	0	0	0	0
chr5:36544495-36544995	1	0	0	0	0	0	0
chr5:53332718-53333218	0	0	0	0	0	0	0
chr5:53337543-53338043	0	2	0	0	0	2	0
chr5:64312125-64312625	0	0	0	0	0	1	0
chr5:65348419-65348919	0	0	0	0	0	0	0
chr5:66077230-66077730	0	0	0	0	0	0	0
chr5:66132182-66132682	0	2	0	0	0	2	0
chr5:74250800-74251300	0	2	0	0	0	2	0
chr5:75596169-75596669	0	0	0	0	0	0	0
chr5:75598374-75598874	0	0	0	0	0	0	0
chr5:77132698-77133198	0	0	0	0	0	0	0
chr5:77400638-77401138	0	0	0	0	0	0	0
chr5:87573037-87573537	0	0	1	0	1	0	0
chr5:90640603-90641103	0	0	1	0	1	0	0
chr5:90778342-90778842	1	0	0	0	0	0	0
chr5:90789434-90789934	0	0	0	0	0	0	0
chr5:91518723-91519223	0	0	0	0	0	0	0
chr5:91629523-91630023	0	0	0	0	0	0	2
chr5:97831492-97831992	0	0	0	0	0	0	0
chr5:107120986-107121486	0	0	0	0	0	0	0
chr5:107164678-107165178	0	0	0	0	0	0	0
chr5:113607229-113607729	0	0	0	0	0	0	2
chr5:113609803-113610303	0	0	0	0	0	0	0
chr5:113626045-113626545	0	0	0	0	0	0	0
chr5:113635872-113636372	0	0	0	0	0	0	0
chr5:113637538-113638038	0	0	0	0	0	0	0
chr5:113649745-113650245	0	0	0	0	0	0	0
chr5:114146228-114146728	0	0	0	0	0	0	0
chr5:114157492-114157992	0	0	0	0	0	0	0
chr5:114161752-114162252	0	0	0	0	0	0	0
chr5:114251663-114252163	0	0	0	0	0	1	0
chr5:118347770-118348270	0	0	0	0	0	0	0
chr5:118495188-118495688	0	0	0	0	0	0	0
chr5:122241118-122241618	0	2	0	0	0	0	2
chr5:122242457-122242957	1	0	0	0	0	0	2
chr5:122756647-122757147	0	0	0	0	0	0	0
chr5:122770638-122771138	1	1	0	0	0	0	2
chr5:123090757-123091257	0	0	0	0	0	0	0
chr5:123879356-123879856	0	0	0	0	0	0	0
chr5:125292805-125293305	2	0	0	0	0	0	0
chr5:125325907-125326407	0	2	0	0	0	2	0
chr5:125490845-125491345	0	0	0	0	0	0	0
chr5:125495462-125495962	0	0	0	0	0	0	0
chr5:132337487-132337987	0	2	0	0	0	2	2
chr5:134027801-134028301	0	0	0	0	0	0	0
chr5:134622167-134622667	0	0	0	0	0	0	0
chr5:135090096-135090596	1	0	0	0	0	0	0
chr5:135497502-135498002	0	0	0	0	0	0	0
chr5:135655861-135656361	0	2	0	0	0	2	0
chr5:135660466-135660966	0	0	0	0	0	0	0
chr5:135707687-135708187	0	0	0	0	0	0	0
chr5:136721639-136722139	0	0	0	0	0	0	0
chr5:139324063-139324563	0	0	0	0	0	0	0
chr5:140091755-140092255	0	0	0	0	0	0	0
chr5:140115561-140116061	0	0	0	0	0	0	0
chr5:140626131-140626631	0	0	0	0	0	0	0
chr5:142604528-142605028	0	0	0	0	0	0	0
chr5:144948217-144948717	0	0	0	0	0	0	0
chr5:149020100-149020600	1	0	0	0	0	0	0
chr5:149686350-149686850	0	0	0	0	0	0	0
chr5:150599915-150600415	0	0	0	0	0	0	0
chr6:5193551-5194051	0	0	0	0	0	0	0
chr6:7715939-7716439	0	0	0	0	0	0	0
chr6:17541431-17541931	0	0	0	0	0	0	0
chr6:23821723-23822223	0	0	0	0	0	0	0
chr6:29923642-29924142	0	0	0	0	0	0	0
chr6:30548078-30548578	1	0	0	0	0	0	0
chr6:30644259-30644759	0	0	0	0	0	0	0
chr6:32388259-32388759	1	0	1	0	1	0	0
chr6:37419167-37419667	0	2	0	0	0	2	0
chr6:39242353-39242853	0	0	0	0	0	1	0
chr6:39249175-39249675	1	0	0	0	0	0	2
chr6:51170800-51171300	0	0	0	0	0	0	0
chr6:52064127-52064627	0	0	0	0	0	0	0
chr6:52177574-52178074	0	0	0	0	0	0	0
chr6:52189640-52190140	0	0	0	0	0	0	0
chr6:52200217-52200717	0	0	0	0	0	0	0
chr6:52204367-52204867	1	0	0	2	0	0	0
chr6:52205578-52206078	0	0	0	0	0	0	0
chr6:52212247-52212747	1	0	0	0	0	0	0
chr6:52217083-52217583	0	0	0	0	0	0	0
chr6:52221506-52222006	0	0	0	0	0	0	0
chr6:53596377-53596877	0	0	0	0	0	0	0
chr6:53658190-53658690	0	0	0	0	0	1	0
chr6:55174540-55175040	0	0	0	0	0	0	0
chr6:55461505-55462005	0	0	0	0	0	0	0
chr6:55482428-55482928	1	0	0	0	0	0	0
chr6:55716912-55717412	0	1	0	0	0	0	0
chr6:58991346-58991846	1	0	0	0	0	0	0
chr6:59030778-59031278	0	0	0	0	0	0	0
chr6:72210831-72211331	0	0	0	0	0	0	0
chr6:78715839-78716339	0	0	0	0	0	0	0
chr6:82872126-82872626	0	0	0	0	0	2	0
chr6:82886115-82886615	0	0	0	0	0	0	0
chr6:83510486-83510986	1	0	0	0	0	0	0
chr6:85295561-85296061	0	0	0	0	0	0	0
chr6:85712854-85713354	0	2	0	0	0	2	2
chr6:85755950-85756450	0	0	0	0	0	0	0
chr6:85810828-85811328	0	0	0	0	0	0	0
chr6:85823346-85823846	0	0	0	0	0	0	0
chr6:85834620-85835120	0	0	0	0	0	0	0
chr6:86515759-86516259	0	0	0	0	0	0	0
chr6:88027271-88027771	0	0	0	1	0	0	0
chr6:91663654-91664154	0	0	0	0	0	0	0
chr6:91752583-91753083	0	0	0	0	0	0	0
chr6:92850100-92850600	0	2	0	0	0	2	0
chr6:94928184-94928684	0	0	0	0	0	0	0
chr6:94944101-94944601	0	0	0	0	0	0	0
chr6:94950327-94950827	0	0	0	0	0	0	0
chr6:97486122-97486622	0	0	1	0	1	0	0
chr6:97488280-97488780	0	0	0	0	0	0	2
chr6:98843671-98844171	0	2	0	0	0	0	0
chr6:99443393-99443893	1	1	0	0	0	0	0
chr6:99658097-99658597	0	0	0	0	0	0	0
chr6:108601742-108602242	0	4	0	0	0	2	2
chr6:112495043-112495543	0	0	0	0	0	0	0
chr6:112501403-112501903	0	0	0	0	0	0	0
chr6:114857989-114858489	1	0	0	0	0	1	0
chr6:115499804-115500304	0	0	0	0	0	0	0
chr6:115519362-115519862	0	0	0	0	0	0	0
chr6:116054939-116055439	0	0	1	0	1	0	0
chr6:116058594-116059094	1	0	0	0	0	0	0
chr6:116637587-116638087	0	0	0	0	0	0	0
chr6:118631281-118631781	0	0	0	0	0	0	0
chr6:118688670-118689170	0	0	1	0	1	0	0
chr6:118865904-118866404	0	0	0	0	0	0	0
chr6:119217735-119218235	0	0	0	0	0	0	0
chr6:119399539-119400039	0	0	0	0	0	0	0
chr6:119409958-119410458	0	0	0	0	0	2	0
chr6:121122856-121123356	1	0	0	0	0	0	0
chr6:121170967-121171467	0	0	0	0	0	0	0
chr6:122763405-122763905	0	0	0	0	0	0	0
chr6:122801315-122801815	0	0	0	0	0	0	0
chr6:125233692-125234192	0	0	0	0	0	0	0
chr6:125653920-125654420	0	0	0	0	0	0	0
chr6:126140265-126140765	0	0	0	0	0	0	0
chr6:126509183-126509683	0	0	0	0	0	0	0
chr6:127381384-127381884	0	0	0	0	0	0	2
chr6:128294633-128295133	0	0	0	0	0	0	0
chr6:134200663-134201163	0	0	0	0	0	0	0
chr6:135682914-135683414	0	0	0	0	0	0	0
chr6:135745520-135746020	0	0	0	0	0	0	0
chr6:140300387-140300887	0	0	0	0	0	0	0
chr6:142446265-142446765	0	0	0	0	0	0	0
chr6:144695786-144696286	0	0	0	0	0	0	0
chr6:145789761-145790261	0	0	0	0	0	0	0
chr6:146351522-146352022	0	0	0	0	0	0	0
chr6:146357712-146358212	0	0	0	0	0	0	0
chr6:147850658-147851158	0	2	0	0	0	2	0
chr6:147858124-147858624	0	0	0	0	0	0	0
chr6:147876776-147877276	0	2	0	0	0	4	0
chr6:147908770-147909270	0	0	0	0	0	0	0
chr6:147944684-147945184	0	0	0	0	0	0	0
chr6:148955873-148956373	0	0	0	0	0	0	0
chr7:34693055-34693555	0	1	0	0	0	1	0
chr7:40258372-40258872	1	0	0	0	0	0	0
chr7:40261978-40262478	0	2	0	0	0	0	0
chr7:45439120-45439620	0	0	0	0	0	0	0
chr7:45575404-45575904	0	0	0	0	0	0	0
chr7:65891933-65892433	0	0	0	0	0	0	0
chr7:65902400-65902900	0	0	0	0	0	0	0
chr7:66118965-66119465	0	0	0	0	0	2	0
chr7:67479410-67479910	0	0	0	0	0	0	0
chr7:68374046-68374546	0	0	0	0	0	0	0
chr7:70331753-70332253	0	0	0	0	0	0	0
chr7:70346150-70346650	1	0	0	0	0	0	0
chr7:70350266-70350766	1	0	0	2	0	0	0
chr7:70357055-70357555	0	0	0	0	0	0	0
chr7:70365239-70365739	1	0	0	0	0	0	0
chr7:70369715-70370215	0	0	0	0	0	0	0
chr7:71409158-71409658	0	0	0	0	0	4	0
chr7:71411605-71412105	1	0	0	2	0	0	0
chr7:72513150-72513650	0	0	0	0	0	2	0
chr7:73330847-73331347	0	2	0	0	0	2	2
chr7:73338283-73338783	0	0	0	0	0	0	0
chr7:78450398-78450898	0	0	0	0	0	0	0
chr7:78571191-78571691	0	0	0	0	0	0	0
chr7:78605709-78606209	0	0	1	0	1	0	0
chr7:78620165-78620665	0	0	0	0	0	0	0
chr7:78958495-78958995	0	4	0	0	0	0	0
chr7:80457321-80457821	0	0	0	0	0	0	0
chr7:81132318-81132818	0	0	0	0	0	0	2
chr7:83828012-83828512	0	0	0	0	0	0	0
chr7:84618266-84618766	0	0	1	0	1	0	0
chr7:88310747-88311247	2	0	0	0	0	0	0
chr7:88314212-88314712	0	0	1	0	1	0	0
chr7:96552559-96553059	0	0	0	0	0	0	0
chr7:97351529-97352029	0	0	0	0	0	0	0
chr7:97411641-97412141	0	0	0	0	0	0	0
chr7:97418004-97418504	0	0	0	0	0	0	0
chr7:97420807-97421307	0	0	0	0	0	0	0
chr7:98385218-98385718	0	0	1	0	1	0	0
chr7:99664903-99665403	0	0	0	0	0	0	0
chr7:99694057-99694557	0	0	0	0	0	0	0
chr7:99695334-99695834	0	0	0	0	0	1	0
chr7:99699938-99700438	0	0	0	0	0	0	0
chr7:110708109-110708609	0	2	0	2	0	1	2
chr7:110950125-110950625	0	0	0	0	0	0	0
chr7:111163194-111163694	0	0	0	0	0	0	0
chr7:112656265-112656765	0	0	0	0	0	0	0
chr7:113765974-113766474	0	0	0	0	0	0	0
chr7:113890788-113891288	0	0	0	0	0	0	0
chr7:115920391-115920891	0	0	0	0	0	0	0
chr7:115939423-115939923	2	2	1	0	1	1	0
chr7:119748933-119749433	1	0	0	0	0	0	0
chr7:119912366-119912866	0	0	0	0	0	0	0
chr7:120849858-120850358	0	0	0	2	0	0	0
chr7:121966153-121966653	0	0	0	0	0	0	0
chr7:125500259-125500759	0	2	0	0	0	1	2
chr7:127816067-127816567	0	0	0	0	0	0	0
chr7:127908540-127909040	0	0	0	0	0	0	0
chr7:129847083-129847583	0	0	0	0	0	0	0
chr7:129876343-129876843	0	1	0	0	0	2	0
chr7:129918372-129918872	0	2	0	0	0	0	0
chr7:130935425-130935925	0	2	0	0	0	3	0
chr7:131012001-131012501	0	0	0	0	0	0	0
chr7:132223334-132223834	0	0	0	0	0	0	0
chr7:135900617-135901117	0	0	0	0	0	2	0
chr7:137443016-137443516	0	0	0	0	0	0	0
chr7:137490705-137491205	1	2	0	0	0	2	2
chr7:137530412-137530912	1	0	0	0	0	1	0
chr7:137535141-137535641	0	2	0	0	0	2	0
chr7:137536674-137537174	0	0	0	0	0	0	0
chr7:140710614-140711114	0	0	0	0	0	0	0
chr7:140717654-140718154	0	0	0	0	0	0	0
chr7:140748584-140749084	1	0	0	0	0	0	0
chr7:140763907-140764407	0	0	0	0	0	0	0
chr7:140766031-140766531	0	0	0	0	0	0	0
chr7:141121074-141121574	0	0	0	0	0	0	0
chr7:143755115-143755615	0	2	0	0	0	2	0
chr7:143943105-143943605	0	0	0	0	0	0	0
chr8:4242641-4243141	0	0	0	0	0	1	0
chr8:12842831-12843331	0	0	0	0	0	0	0
chr8:13506780-13507280	0	0	0	0	0	0	2
chr8:13517380-13517880	0	0	0	0	0	0	0
chr8:13521353-13521853	0	0	0	0	0	0	0
chr8:13529895-13530395	0	0	0	0	0	0	0
chr8:13594941-13595441	0	0	0	0	0	0	0
chr8:26590377-26590877	0	0	0	0	0	0	0
chr8:34589596-34590096	0	0	0	0	0	0	0
chr8:34698013-34698513	0	1	1	0	1	2	0
chr8:36378048-36378548	1	0	0	0	0	0	0
chr8:46419459-46419959	0	0	0	0	0	0	0
chr8:46433676-46434176	0	0	0	0	0	0	0
chr8:46436531-46437031	0	0	0	0	0	0	0
chr8:46715832-46716332	0	0	1	0	1	2	0
chr8:46719890-46720390	0	0	0	0	0	0	0
chr8:46732815-46733315	0	0	0	0	0	0	0
chr8:47362697-47363197	0	0	0	0	0	1	0
chr8:64923204-64923704	1	0	0	0	0	2	0
chr8:80263288-80263788	0	0	0	0	0	0	0
chr8:82665027-82665527	0	0	0	0	0	0	0
chr8:82669410-82669910	0	0	0	0	0	0	0
chr8:82673020-82673520	0	0	0	0	0	0	0
chr8:84723222-84723722	0	0	0	0	0	0	0
chr8:86301882-86302382	1	1	0	0	0	0	0
chr8:87308306-87308806	0	2	0	0	0	2	2
chr8:87314449-87314949	0	0	0	0	0	0	0
chr8:89111678-89112178	1	0	0	0	0	0	2
chr8:91529498-91529998	0	0	0	0	0	0	0
chr8:93279308-93279808	0	0	0	0	0	0	0
chr8:95165755-95166255	0	0	0	0	0	0	0
chr8:105152826-105153326	0	0	0	0	0	0	0
chr8:105453868-105454368	0	0	0	0	0	0	0
chr8:105743179-105743679	0	0	0	0	0	0	0
chr8:105745696-105746196	0	0	0	0	0	0	0
chr8:105768764-105769264	0	0	1	0	1	0	0
chr8:110816930-110817430	0	0	0	0	0	0	0
chr8:115486251-115486751	0	1	0	0	0	0	0
chr8:118713357-118713857	0	0	1	0	1	0	0
chr8:118755575-118756075	1	0	0	1	0	0	0
chr8:120004198-120004698	0	2	0	0	0	2	2
chr8:120029796-120030296	0	0	0	0	0	0	0
chr8:120036712-120037212	1	0	0	0	0	0	0
chr8:120046154-120046654	0	0	0	0	0	0	0
chr8:120062658-120063158	0	0	0	0	0	0	0
chr8:120071986-120072486	0	0	0	0	0	0	0
chr8:121164100-121164600	0	2	0	0	0	1	0
chr8:121213036-121213536	0	0	0	0	0	1	0
chr8:121681129-121681629	0	0	0	0	0	0	0
chr8:121695477-121695977	1	0	0	0	0	0	0
chr8:121999225-121999725	0	0	0	0	0	0	0
chr8:122047126-122047626	0	2	0	0	0	2	2
chr8:122078730-122079230	0	0	0	0	0	0	0
chr8:122112228-122112728	0	2	0	0	0	2	2
chr8:122134070-122134570	0	0	0	0	0	0	0
chr8:122807651-122808151	0	0	0	0	0	0	0
chr8:123162549-123163049	0	0	0	0	0	0	0
chr8:123702126-123702626	0	0	0	2	0	0	0
chr8:124569612-124570112	0	0	0	0	0	0	0
chr8:124584075-124584575	0	0	0	0	0	0	0
chr8:126815053-126815553	0	0	0	0	0	0	0
chr8:126894994-126895494	0	0	0	0	0	0	0
chr8:126907252-126907752	0	0	0	0	0	0	2
chr8:126909059-126909559	0	0	0	0	0	0	0
chr8:126913322-126913822	0	0	0	0	0	0	0
chr9:21831112-21831612	0	0	0	0	0	0	0
chr9:21835239-21835739	1	0	0	0	0	0	0
chr9:25460889-25461389	0	0	0	0	0	0	0
chr9:30228036-30228536	2	1	1	0	1	2	0
chr9:30803527-30804027	0	0	1	0	1	0	0
chr9:30808986-30809486	0	2	0	0	0	0	0
chr9:30852321-30852821	2	0	0	0	0	0	0
chr9:31564980-31565480	0	0	0	0	0	0	0
chr9:31644073-31644573	0	0	0	0	0	1	0
chr9:35045659-35046159	0	0	0	0	0	0	0
chr9:35125843-35126343	1	2	0	0	0	2	0
chr9:35162921-35163421	0	0	0	0	0	0	0
chr9:40699877-40700377	0	0	0	0	0	0	0
chr9:42194202-42194702	0	0	0	0	0	0	0
chr9:42196534-42197034	0	0	0	0	0	0	0
chr9:42206642-42207142	0	0	0	0	0	0	0
chr9:42217605-42218105	1	0	0	0	0	2	0
chr9:44078671-44079171	0	2	0	0	0	2	0
chr9:44085935-44086435	0	0	1	0	1	0	2
chr9:45150217-45150717	0	0	0	0	0	1	0
chr9:45198445-45198945	1	0	0	0	0	0	0
chr9:45317821-45318321	0	0	0	0	0	0	0
chr9:45958182-45958682	0	0	0	0	0	0	0
chr9:45959611-45960111	0	0	0	2	0	0	0
chr9:46146618-46147118	0	0	0	0	0	0	0
chr9:48834090-48834590	0	0	0	0	0	1	0
chr9:49964387-49964887	0	0	0	0	0	0	0
chr9:50697960-50698460	0	0	0	0	0	0	0
chr9:55246491-55246991	0	0	0	0	0	0	4
chr9:55250510-55251010	0	0	0	0	0	1	0
chr9:55283239-55283739	0	0	0	0	0	0	0
chr9:58315066-58315566	0	0	0	0	0	0	0
chr9:61169394-61169894	1	0	0	2	0	1	0
chr9:61596339-61596839	0	0	0	0	0	0	0
chr9:61810626-61811126	0	0	1	0	1	0	0
chr9:61906587-61907087	0	0	0	0	0	2	0
chr9:62452716-62453216	0	0	1	0	1	0	0
chr9:62461560-62462060	1	0	0	0	0	0	0
chr9:62526441-62526941	0	1	0	0	0	1	0
chr9:62531972-62532472	0	0	0	0	0	0	0
chr9:64806734-64807234	1	0	0	0	0	0	0
chr9:65382584-65383084	0	0	0	0	0	0	0
chr9:65657399-65657899	0	0	0	0	0	0	0
chr9:66206236-66206736	1	0	0	2	0	1	0
chr9:67831845-67832345	0	0	0	0	0	1	0
chr9:74045662-74046162	0	0	0	0	0	0	0
chr9:74049633-74050133	0	0	0	0	0	0	0
chr9:74915830-74916330	0	0	0	0	0	0	0
chr9:76843002-76843502	1	0	1	0	1	0	2
chr9:77838316-77838816	0	0	0	0	0	0	0
chr9:78520887-78521387	0	0	0	0	0	0	0
chr9:84093636-84094136	0	0	0	0	0	0	0
chr9:84480814-84481314	1	0	0	0	0	0	0
chr9:85327733-85328233	0	0	0	0	0	0	0
chr9:85337940-85338440	1	0	0	2	0	2	0
chr9:85343136-85343636	1	0	0	0	0	0	0
chr9:85347697-85348197	0	0	0	0	0	1	0
chr9:85355063-85355563	0	0	0	0	0	0	0
chr9:85407948-85408448	0	0	0	0	0	0	0
chr9:85545655-85546155	0	2	0	0	0	2	0
chr9:86594262-86594762	0	0	0	0	0	0	0
chr9:86605497-86605997	0	0	0	0	0	0	0
chr9:92207565-92208065	0	0	0	0	0	0	0
chr9:98018777-98019277	0	2	0	0	0	0	0
chr9:98805381-98805881	1	0	0	0	0	0	0
chr9:99171176-99171676	0	0	0	0	0	0	0
chr9:100419347-100419847	1	0	0	0	0	0	0
chr9:107296469-107296969	0	0	0	0	0	0	0
chr9:107305798-107306298	0	0	0	0	0	0	0
chr9:107307805-107308305	1	0	0	0	0	0	0
chr9:107325378-107325878	0	0	0	0	0	0	0
chr9:110758714-110759214	0	0	0	0	0	0	0
chr9:110765531-110766031	0	0	0	0	0	0	0
chr9:116136469-116136969	0	0	0	0	0	0	0
chr9:116150938-116151438	0	0	0	0	0	0	0
chr9:116178208-116178708	1	0	0	0	0	0	0
chr9:116183102-116183602	0	0	0	0	0	0	0
chr9:116278209-116278709	0	0	0	0	0	0	0
chr9:116324037-116324537	1	0	0	0	0	0	0
chr9:122353188-122353688	0	0	0	0	0	0	0
chr9:122357175-122357675	2	0	0	2	0	0	0
chr9:122378357-122378857	0	0	1	0	1	0	0
chr9:122635391-122635891	0	0	0	0	0	0	0
chrX:36989241-36989741	0	0	0	0	0	0	0
chrX:48022539-48023039	0	0	0	0	0	0	0
chrX:48029330-48029830	1	0	0	0	0	2	0
chrX:48104789-48105289	0	0	0	0	0	0	0
chrX:48106406-48106906	0	1	0	0	0	2	2
chrX:56455110-56455610	0	0	1	0	1	0	0
chrX:71051374-71051874	0	0	0	0	0	0	0
chrX:72992272-72992772	0	0	0	0	0	0	0
chrX:93307820-93308320	0	0	0	0	0	2	0
chrX:96049052-96049552	0	0	0	0	0	0	0
chrX:99432355-99432855	0	0	0	0	0	0	0
chrX:99602177-99602677	0	0	0	0	0	0	0
chrX:99605021-99605521	0	0	0	0	0	0	0
chrX:99609249-99609749	0	0	0	0	0	0	0
chrX:101419978-101420478	0	0	0	0	0	0	0
chrX:102004025-102004525	0	0	0	0	0	0	0
chrX:102005443-102005943	0	0	0	0	0	0	0
chrX:134342325-134342825	0	0	0	0	0	0	0
chrX:137920624-137921124	0	0	0	0	0	0	0
chrX:137926849-137927349	0	0	0	0	0	0	0
chrX:160147105-160147605	1	0	0	0	0	0	0
chrX:160385144-160385644	1	2	0	2	0	0	0
chrX:160390891-160391391	0	0	0	0	0	0	0
chrX:161435615-161436115	0	0	0	0	0	0	0
chrX:161487824-161488324	0	0	0	2	0	0	0
