motif_id	n_with_m	n_m_and_gr	cooc_or	cooc_p	cooc_q	log2_or	neg_log10_q	motif_alt_ID	log2_enrich_hvc	neg_log10_padj_hvc	pct_HFD	pct_CHD	adj_p_hvc	combined_score	in_quadrant_TR
MA1603.2	773	215	1.4153518070474218	4.4899825834189355e-5	0.011554221847998059	0.501160701253481	1.9372592979996945	Dmrt1	0.47957255623257683	25.939302159646388	60	42.89	1.15e-26	0.24034291858344264	TRUE
MA0896.2	486	133	1.3579858530980886	0.002725252361087753	0.1753245685633121	0.441468450295796	0.756157221134746	Hmx1	0.49755888218960714	13.655607726314889	42.49	29.95	2.21e-14	0.21965654865115442	TRUE
MA0713.1	475	121	1.2212433693553737	0.03988973753516526	0.5702755069842145	0.28835072921590077	0.2439152807207476	PHOX2A	0.7416099908876661	25.18045606445813	38.91	23.07	6.600000000000001e-26	0.21384378166625603	TRUE
MA2095.1	929	235	1.227507270791621	0.007327256674606666	0.26936391203792126	0.29573156996070077	0.5696605892092728	Sox7	0.7140784836190767	11.91721462968355	25.14	15.13	1.21e-12	0.21117555103582608	TRUE
MA0911.2	283	75	1.2837135216412667	0.042771267810120625	0.6003530681711478	0.36032328110434986	0.2215932655142983	Hoxa11	0.5831392335235857	26.181774106386044	50.9	33.81	6.580000000000001e-27	0.21011864196389407	TRUE
MA1500.2	359	95	1.2849437067925487	0.02592936918472293	0.4899335488263394	0.3617051565318496	0.30986282065534515	HOXB6	0.5525710419644927	38.37468754903833	63.58	43.19	4.22e-39	0.19986779522873405	TRUE
MA1640.2	617	160	1.2601954763139016	0.010425235860271232	0.32001895707856237	0.3336475359753689	0.49482429445897347	MEIS2	0.5417707806669607	24.718966632752274	52.97	36.23	1.9099999999999999e-25	0.18076048603298348	TRUE
MA0594.3	41	11	1.293325415598423	0.2861443243516132	0.9999580513982196	0.37108531954290497	1.821842839826268e-5	HOXA9	0.48173388550932844	41.070581074285705	71.29	50.91	8.5e-42	0.17876437283887434	TRUE
MA1502.2	359	95	1.2849437067925487	0.02592936918472293	0.4899335488263394	0.3617051565318496	0.30986282065534515	HOXB8	0.48833861215343766	27.896196279044045	61	43.34	1.27e-28	0.17663459414950536	TRUE
MA0084.2	792	200	1.2183474483798982	0.014210022710202568	0.34281679788363695	0.284925619757284	0.46493790597452017	SRY	0.5917655233379515	56.705533773838404	70.71	46.75	1.97e-57	0.16860915848805932	TRUE
MA0793.2	512	141	1.37279079234065	0.0015657142008421085	0.12333024934347411	0.4571117814575033	0.908930390462321	POU6F2	0.358245419105481	13.476253533188435	58.03	45.16	3.34e-14	0.16375820172629632	TRUE
MA0898.2	409	107	1.2663620836436054	0.025909884161279897	0.4899335488263394	0.34068996526378365	0.30986282065534515	Hmx3	0.46827529487789266	17.225483034271452	50.84	36.61	5.95e-18	0.1595366939458373	TRUE
MA1549.2	526	145	1.3759073194438147	0.0012874677297382434	0.12333024934347411	0.46038329396296707	0.908930390462321	POU6F1	0.3452896626867122	13.661543506395395	60.2	47.28	2.18e-14	0.15896559227907037	TRUE
MA0873.2	212	57	1.3064432735837817	0.055351378174790265	0.6361171842671554	0.3856444834822099	0.1964628720989968	HOXD12	0.4070305510622142	3.8927900303521317	27.65	20.73	1.28e-4	0.15696908662586687	TRUE
MA0681.3	697	178	1.235217678065458	0.013173059331776987	0.33898672680439446	0.3047653052857171	0.4698173064826485	PHOX2B	0.48926208430057094	27.694648630553377	60.52	42.97	2.02e-28	0.14911010848658976	TRUE
MA0693.4	751	194	1.259519235716649	0.005892090316222674	0.2561959230672494	0.3328731554672346	0.5914277856119593	Vdr	0.4312903377959368	3.537602002101044	26.28	19.36	2.9e-4	0.143564975664663	TRUE
MA0485.3	309	80	1.2429598431210689	0.06059612348939801	0.6682886761973609	0.31377968732689526	0.17503589770716924	HOXC9	0.45567948377619	2.0048037084028207	16.78	12.1	0.00989	0.14298296594057394	TRUE
MA1113.3	576	145	1.2041648260302593	0.037718870724607986	0.5531867322798503	0.2680328816500456	0.2571282446269849	PBX2	0.5276881189276406	21.35163998901907	50.49	34.87	4.45e-22	0.14143776712866746	TRUE
MA1978.2	1187	288	1.157941239740772	0.028176818857186637	0.4899335488263394	0.21156204496317807	0.30986282065534515	ZNF354A	0.664693951448	41.75448733218585	57.25	35.93	1.76e-42	0.1406240116429943	TRUE
MA1518.3	193	52	1.3092398530032467	0.06279253604486446	0.6742900292107263	0.38872942351659445	0.17115326222871002	Lhx1	0.3599157298495931	4.403402904373539	35.96	27.91	3.95e-5	0.13990983417898667	TRUE
MA1476.3	347	88	1.2085499069565517	0.07819368332968517	0.7192995299395832	0.2732770502918077	0.14309022350946243	Dlx5	0.5079298381391476	20.378823718224965	51.19	35.85	4.1800000000000005e-21	0.13880556792186158	TRUE
MA0908.2	275	73	1.286315318796444	0.043694971161470336	0.6023663881545553	0.36324433870217687	0.22013926961987537	HOXD11	0.37755279654858576	17.34008379993015	61.17	46.97	4.57e-18	0.13714391590744857	TRUE
MA1580.1	617	164	1.3079883857725536	0.003434223656936883	0.1767480442103516	0.3873497305433872	0.7526453831511561	ZBTB32	0.33992343182170087	2.001304841688344	27.13	21.33	0.00997	0.1316692497215193	TRUE
MA1503.2	308	80	1.2486531365571583	0.05681164732872992	0.6361171842671554	0.3203727662428939	0.1964628720989968	HOXB9	0.395404418530119	4.1944991418416	29.91	22.62	6.39e-5	0.1266768073491572	TRUE
MA0885.3	347	88	1.2085499069565517	0.07819368332968517	0.7192995299395832	0.2732770502918077	0.14309022350946243	Dlx2	0.44808233593663127	19.66958622665081	56.32	41.15	2.14e-20	0.12245061905262546	TRUE
MA0780.1	207	52	1.1878481112096766	0.16509874782709505	0.9156315688337391	0.2483503721539393	0.03827924228196063	PAX3	0.4763452114023862	3.245651664288981	19.77	14.07	5.68e-4	0.1183005105255295	TRUE
MA0868.3	640	156	1.1503975551478105	0.0824185783801017	0.7465149373792902	0.2021325148433624	0.12696149784318028	SOX8	0.563532472573189	52.903089986991944	71	47.88	1.25e-53	0.11390823587711682	TRUE
MA0078.3	918	226	1.1761601666197967	0.028395080150163177	0.4899335488263394	0.23408453624060396	0.30986282065534515	Sox17	0.48559209379977014	19.1944991418416	51.88	36.91	6.39e-20	0.11366960007922305	TRUE
MA1974.2	392	100	1.22046213315395	0.05594652039399109	0.6361171842671554	0.287427533825745	0.1964628720989968	ZNF211	0.3934087426524002	9.377785977033705	44.96	34.11	4.19e-10	0.11307650468606657	TRUE
MA0036.4	389	98	1.1987345037472261	0.07606050549986851	0.7192995299395832	0.2615121653901999	0.14309022350946243	GATA2	0.42359316581139445	6.5934598195660445	35.58	26.4	2.55e-7	0.11077476603582775	TRUE
MA0757.2	551	140	1.2197230016637943	0.030882828597495905	0.49669882660972575	0.2865535498375557	0.30390686597120137	ONECUT3	0.37051579836146603	2.453457336521869	25.77	19.82	0.00352	0.1061726172913741	TRUE
MA1562.2	385	96	1.1812201739299202	0.09651969569931837	0.7681773719574617	0.24027790142543828	0.11453848990548028	SOX14	0.43089318135820764	11.531652669587842	45.55	33.66	2.94e-12	0.10353410935528091	TRUE
MA0906.2	269	68	1.2003124712213498	0.1160280276365782	0.8450343144852676	0.26341002416633447	0.07312565520531283	HOXC12	0.38999291145068316	4.507239610973163	31.67	24.05	3.11e-5	0.10272804222992359	TRUE
MA0135.2	632	152	1.127884679390938	0.11969114789093852	0.8453054678675527	0.17361956687155075	0.07298632177671423	Lhx3	0.578519010595678	12.2958494831602	33.01	21.94	5.06e-13	0.1004422200465797	TRUE
MA0790.2	734	183	1.192732707074421	0.029999926976823285	0.49276475800228886	0.2542707694504235	0.30736036000036204	POU4F1	0.3867565552182016	32.11350927482752	74.43	56.81	7.7e-33	0.09834088688532733	TRUE
MA0627.3	921	224	1.154389743940372	0.04651552086000873	0.6110728228740152	0.2071303875196312	0.21390703085767054	POU2F3	0.4734731171931808	27.991399828238084	62.48	44.86	1.02e-28	0.0980706702443513	TRUE
MA0724.1	275	68	1.1641117775281773	0.16080310620370397	0.9156315688337391	0.21922959187440547	0.03827924228196063	VENTX	0.4347615314233157	11.560667306169737	45.16	33.28	2.75e-12	0.095312593096625	TRUE
MA1128.2	923	217	1.0960675453696074	0.1460558337052782	0.8878354615785414	0.13233670739250866	0.05166751254301273	FOSL1::JUN	0.7097944364995517	7.188424994129407	18.26	10.97	6.48e-8	0.09393185865187174	TRUE
MA0754.3	195	51	1.2557468583478526	0.09996937520044952	0.7805359244339707	0.3285456656514761	0.10760710358888625	CUX1	0.2830976706934177	5.621602099051862	50.91	41.75	2.39e-6	0.09301051266235129	TRUE
MA0152.3	1263	298	1.1087164925606008	0.08695627058244763	0.7538249368660855	0.1488905043034542	0.12272949999306648	Nfatc2	0.6052266420835953	12.59176003468815	32.48	21.18	2.56e-13	0.0901124999577127	TRUE
MA1115.2	782	189	1.1396663472878164	0.07826575196233808	0.7192995299395832	0.18861151775092805	0.14309022350946243	POU5F1	0.4579418051610365	45.51855737149769	75.72	54.99	3.03e-46	0.08637309891302287	TRUE
MA0068.2	197	48	1.138852787930203	0.24421701631400136	0.9999580513982196	0.18758127132250474	1.821842839826268e-5	PAX4	0.44515330658811375	25.042871802323187	62.59	45.84	9.060000000000001e-26	0.0835024231832151	TRUE
MA1138.2	864	209	1.1432785346633545	0.06439257336920076	0.6758144808888434	0.19317692728270905	0.1701725066973471	FOSL2::JUNB	0.42294742561281445	5.889410289700751	33.03	24.51	1.29e-6	0.08170368408201566	TRUE
MA1636.2	1179	286	1.157308783695918	0.0289928160749373	0.4899335488263394	0.21077384393698154	0.30986282065534515	CEBPG	0.3871509573865164	11.978810700930062	51.59	39.33	1.05e-12	0.0816012954722386	TRUE
MA1506.2	288	71	1.1596026463397646	0.16165488011800658	0.9156315688337391	0.21363053090320183	0.03827924228196063	HOXD10	0.38010633882788575	2.692503962086787	25.75	19.67	0.00203	0.08120231896347355	TRUE
MA0602.2	230	55	1.110789669379286	0.2755245034167396	0.9999580513982196	0.15158566490841505	1.821842839826268e-5	Arid5a	0.5349161999111063	51.49620931694282	72.45	49.85	3.1899999999999996e-52	0.08108562783380771	TRUE
MA0905.2	333	84	1.1989636247461672	0.0924809767721189	0.7660779735386908	0.26178788961587607	0.11572702442200426	HOXC10	0.30517066574805385	31.943095148663527	82.74	66.87	1.1399999999999999e-32	0.07988998455885493	TRUE
MA1471.2	494	117	1.1006317375068952	0.206565371701632	0.9999580513982196	0.13833183552772474	1.821842839826268e-5	BARX2	0.573249080157366	55.021819483062586	71.26	47.73	9.509999999999998e-56	0.07929859747274824	TRUE
MA0755.2	109	28	1.2213824410934737	0.2126089453805421	0.9999580513982196	0.28851500988979134	1.821842839826268e-5	CUX2	0.2651465844922926	6.0338582672609675	55.55	46.14	9.25e-7	0.07649876944703819	TRUE
MA0841.2	739	172	1.0769593546113196	0.22385495315038803	0.9999580513982196	0.10696380233596268	1.821842839826268e-5	NFE2	0.7085675990244925	3.853871964321762	11.07	6.58	1.4e-4	0.07579108460372348	TRUE
MA0897.2	524	129	1.1638981881729873	0.08475640772230623	0.7465149373792902	0.21896486422381647	0.12696149784318028	Hmx2	0.34148416112808183	9.026410376572743	51.12	40.24	9.41e-10	0.0747730329759943	TRUE
MA0468.1	588	141	1.1220972151926119	0.13891002314892179	0.8878354615785414	0.16619767220392534	0.05166751254301273	DUX4	0.4226809345926473	5	29.78	22.09	1e-5	0.0702485874142776	TRUE
MA1124.1	836	204	1.1577716170893293	0.05007670654520776	0.6337576631623015	0.21135069427021566	0.1980767762992695	ZNF24	0.32416656708336167	2.5243288116755704	31.75	25.26	0.00299	0.06851282901226093	TRUE
MA0037.5	399	94	1.0909541766470965	0.25490261106393214	0.9999580513982196	0.1255905054082092	1.821842839826268e-5	Gata3	0.5224210346524433	4.244887733604929	21.62	14.9	5.69e-5	0.06561112177787992	TRUE
MA0025.3	1011	238	1.0998273402786363	0.12729323429598893	0.8696493528894111	0.13727705568153398	0.0606558218664016	NFIL3	0.47718596339569874	25.595166283380063	59.9	42.89	2.54e-26	0.06550668406751776	TRUE
MA1473.2	684	160	1.084122430714442	0.21151702402593736	0.9999580513982196	0.11652769046550816	1.821842839826268e-5	CDX4	0.5543422271553341	11.943095148663527	34.23	23.15	1.14e-12	0.06459621945791719	TRUE
MA1479.2	659	161	1.1548008561893361	0.0737404686073853	0.7192995299395832	0.20764408232599513	0.14309022350946243	DMRTC2	0.30440151380623215	10.03763066432998	59.43	48.03	9.17e-11	0.0632071729929388	TRUE
MA0683.2	707	163	1.0617895686635925	0.2769553475218834	0.9999580513982196	0.0864978731788883	1.821842839826268e-5	POU4F2	0.717936365990577	2.978810700930062	9.04	5.3	0.00105	0.06209996873596486	TRUE
MA1130.2	858	207	1.1385347295819317	0.07143040574271982	0.7161593926412948	0.1871782997586235	0.14499030780300806	FOSL2::JUN	0.3237708354507827	8.279840696594043	52.38	41.75	5.25e-9	0.060602874491106566	TRUE
MA0901.3	858	201	1.089112272233128	0.17226392304538152	0.9299842558813604	0.12315268338908922	0.03152440374899559	HOXB13	0.4917968826866632	43.29499204066666	71.68	50.83	5.07e-44	0.060566105785251685	TRUE
MA0680.3	407	98	1.1249121697346496	0.17786427990044482	0.9535501672440513	0.16981236390025192	0.020656453342541695	Pax7	0.3563240047928656	22.568636235841012	69.96	54.54	2.7e-23	0.0605082215682812	TRUE
MA0478.2	1123	259	1.0670401263010252	0.2123122055557935	0.9999580513982196	0.09361443007705261	1.821842839826268e-5	FOSL2	0.6122207077655799	4.304518323509803	16.33	10.51	4.96e-5	0.057312692638844545	TRUE
MA1125.2	1751	413	1.1192822236810513	0.046701161333635874	0.6110728228740152	0.16257385344417927	0.21390703085767054	ZNF384	0.35089349079549825	28.91721462968355	75.97	59.46	1.2100000000000001e-29	0.0570461069471038	TRUE
MA0655.1	772	181	1.089099751013601	0.18409545802684701	0.9734362575118212	0.12313609703190737	0.011692481655225956	JDP2	0.4624746728974107	3.3124710387853655	21.45	15.43	4.87e-4	0.05694732619669518	TRUE
MA0158.2	354	86	1.1378424333284367	0.17127213495812704	0.9299842558813604	0.18630078928381405	0.03152440374899559	HOXA5	0.30410523767270514	10.630784142589857	60.64	49.02	2.34e-11	0.05665504580376683	TRUE
MA0845.1	940	221	1.09638635121452	0.14330291790107952	0.8878354615785414	0.1327562734462534	0.05166751254301273	FOXB1	0.425443961499336	28.97469413473523	68.14	50.61	1.0600000000000001e-29	0.05648035488886315	TRUE
MA1639.2	578	141	1.1500884465261059	0.093278924239167	0.7660779735386908	0.2017448146113344	0.11572702442200426	MEIS1	0.2758723897373928	13.246416941107093	69.71	57.49	5.67e-14	0.0556558241239561	TRUE
MA0515.1	1263	300	1.1208037892905989	0.0657846079940393	0.6771428982853113	0.16453373845231287	0.16931967195291822	Sox6	0.33373061745166827	11.59176003468815	57.8	45.76	2.56e-12	0.054909946125321664	TRUE
MA1135.2	777	179	1.0613215238167175	0.26922842350711323	0.9999580513982196	0.08586178212097745	1.821842839826268e-5	FOSB::JUNB	0.6354205397493756	6.20342566678957	19.43	12.33	6.26e-7	0.05455833993915478	TRUE
MA0791.2	733	172	1.0898364473644648	0.1879474218062154	0.9737946955328745	0.12411164483667667	0.011532595478229263	POU4F3	0.4375562928988117	34.694648630553374	71.17	52.42	2.02e-35	0.054305831220310186	TRUE
MA0833.3	950	238	1.2099116967026506	0.01119520957757381	0.3201000664402585	0.27490175875779693	0.4947142357133039	ATF4	0.19486888576750855	2.869666231504994	58.86	51.36	0.00135	0.05356979942466032	TRUE
MA1496.2	387	92	1.1045728506693424	0.22668089615147485	0.9999580513982196	0.1434885729108424	1.821842839826268e-5	HOXA4	0.36722851769975323	29.00612308505879	74.39	57.56	9.86e-30	0.05269309593690162	TRUE
MA0878.3	674	158	1.0873702222525086	0.20416792946671572	0.9999580513982196	0.12084322543472516	1.821842839826268e-5	CDX1	0.41727117274732084	16.7594507517174	55.52	41.45	1.74e-17	0.05042439439571664	TRUE
MA1104.3	399	94	1.0909541766470965	0.25490261106393214	0.9999580513982196	0.1255905054082092	1.821842839826268e-5	GATA6	0.4011284115487462	8.365522729839268	42.51	32.07	4.31e-9	0.050377919939999176	TRUE
MA1137.2	799	185	1.0694978152897954	0.23893879626116665	0.9999580513982196	0.09693353544938338	1.821842839826268e-5	FOSL1::JUNB	0.5145165065542588	10.576754126063193	35.87	24.96	2.65e-11	0.049873904027370144	TRUE
MA0142.1	1082	254	1.09631906961894	0.12885171725075334	0.870205554802084	0.13266773731787557	0.06037814879302205	Pou5f1::Sox2	0.356968443023314	19.638272163982407	66.7	51.97	2.3e-20	0.047358195629788054	TRUE
MA0032.2	1072	246	1.058190096497406	0.24927715251384766	0.9999580513982196	0.0815988208725011	1.821842839826268e-5	FOXC1	0.5802999645233297	36.20134935455473	59.74	39.79	6.289999999999999e-37	0.04735179285745792	TRUE
MA0889.2	361	84	1.0718842074358068	0.31374704918103963	0.9999580513982196	0.10014906402240643	1.821842839826268e-5	GBX1	0.47154263211956815	19.393618634889396	53.48	38.43	4.04e-20	0.04722455325343668	TRUE
MA0676.1	988	232	1.0951589139495908	0.14111367134192335	0.8878354615785414	0.13114022848617404	0.05166751254301273	Nr2e1	0.35946879079375393	9.913640169325252	51.28	39.86	1.22e-10	0.047140819358341586	TRUE
MA1144.2	789	183	1.072104413601607	0.23186930511910495	0.9999580513982196	0.1004454185285571	1.821842839826268e-5	FOSL2::JUND	0.4650239464334965	8.72584215073632	36.01	25.95	1.88e-9	0.04670952492531387	TRUE
MA1134.2	809	186	1.0585308261873132	0.2750615373120681	0.9999580513982196	0.08206328364876071	1.821842839826268e-5	FOS::JUNB	0.5597035489231953	4.1771783546968955	18.75	12.56	6.65e-5	0.045931111094502194	TRUE
MA0913.3	701	165	1.0942726176110231	0.18134691733211944	0.9655160012441117	0.12997220346797048	0.015240524376107014	HOXD9	0.3466694522122246	26.723538195826755	74.78	58.7	1.89e-27	0.04505739257905712	TRUE
MA0722.2	354	81	1.0473904922902255	0.38190360251505184	0.9999580513982196	0.06679941386400455	1.821842839826268e-5	VAX1	0.6674246609131292	56.97469413473523	65.65	41.15	1.0599999999999999e-57	0.04458357614737902	TRUE
MA1970.2	399	94	1.0909541766470965	0.25490261106393214	0.9999580513982196	0.1255905054082092	1.821842839826268e-5	TRPS1	0.3497158128338814	10.785156151952302	54.41	42.59	1.64e-11	0.04392098568304986	TRUE
MA0710.2	354	81	1.0473904922902255	0.38190360251505184	0.9999580513982196	0.06679941386400455	1.821842839826268e-5	NOTO	0.640033883214832	49.28650945690606	63.58	40.62	5.17e-50	0.04275388825185352	TRUE
MA1141.2	962	228	1.1103786124503117	0.1089833328133514	0.8248542444304635	0.15105168483623788	0.08362278651916932	FOS::JUND	0.28221925672957365	7.121478204498794	55.67	45.69	7.56e-8	0.04262969422223287	TRUE
MA0912.2	319	74	1.066917133144864	0.3382872514446754	0.9999580513982196	0.09344812719927174	1.821842839826268e-5	HOXD3	0.4205756828202737	9.782516055786093	43	32	1.65e-10	0.0393020099051095	TRUE
MA0052.5	1265	290	1.058582149845125	0.2321752263572341	0.9999580513982196	0.08213323209974871	1.821842839826268e-5	MEF2A	0.47573047346352326	48.60032627851896	75.72	54.31	2.5100000000000002e-49	0.0390732813939029	TRUE
MA0642.3	361	84	1.0718842074358068	0.31374704918103963	0.9999580513982196	0.10014906402240643	1.821842839826268e-5	EN2	0.3786635338615243	32.27736607746619	75.48	57.94	5.2800000000000004e-33	0.03792279849564846	TRUE
MA1633.2	932	215	1.0651752727312738	0.23763248919894678	0.9999580513982196	0.09109084293450807	1.821842839826268e-5	BACH1	0.4145602123982247	13.069050968832476	49.87	37.29	8.53e-14	0.037762639194462995	TRUE
MA0726.2	354	81	1.0473904922902255	0.38190360251505184	0.9999580513982196	0.06679941386400455	1.821842839826268e-5	VSX2	0.5515289605243571	36.31158017799729	62.2	42.28	4.88e-37	0.036841811292050754	TRUE
MA0043.4	797	190	1.1168406054406006	0.11536649721303259	0.8450343144852676	0.1594233002802269	0.07312565520531283	HLF	0.22738172477596247	10.329754146925875	72.88	62.18	4.68e-11	0.03624994498719417	TRUE
MA0099.4	825	195	1.1031906353068013	0.14100761045960516	0.8878354615785414	0.14168211536030675	0.05166751254301273	FOS::JUN	0.2512668800185784	8.539102157243452	65.19	54.69	2.89e-9	0.03560002308101658	TRUE
MA0854.2	253	59	1.0738635643685766	0.34304298097056307	0.9999580513982196	0.1028107088611416	1.821842839826268e-5	Alx1	0.34432637054825477	7.1432711096171175	45.75	35.93	7.19e-8	0.035400438235650186	TRUE
MA0087.3	677	157	1.0705110653561092	0.25311669751281474	0.9999580513982196	0.09829970824269228	1.821842839826268e-5	Sox5	0.35267482944882655	20.70996538863748	68.62	53.63	1.95e-21	0.03466783283936091	TRUE
MA0658.2	253	63	1.1749268835587667	0.15614871395432472	0.9156315688337391	0.23257097976108596	0.03827924228196063	LHX6	0.14671028786656187	4.782516055786093	78.1	70.5	1.65e-5	0.03412055539015726	TRUE
MA0517.2	1809	416	1.071041484791017	0.1545614634970528	0.9156315688337391	0.09901436126759976	0.03827924228196063	STAT1::STAT2	0.3421601997211021	2.2104192878355744	29.48	23.15	0.00616	0.03387877362657929	TRUE
MA0047.4	684	157	1.0547684135338824	0.3040875567829085	0.9999580513982196	0.07692627350856698	1.821842839826268e-5	FOXA2	0.4394898679760679	22.33068311943389	60.39	44.4	4.6699999999999993e-23	0.033808317788171	TRUE
MA0523.2	887	208	1.0912027772289195	0.16297461460287999	0.9156315688337391	0.12591922129408778	0.03827924228196063	TCF7L2	0.26663889250801	9.061480274823507	63.62	52.8	8.68e-10	0.033574961711326595	TRUE
MA0122.4	643	150	1.0792780432645217	0.23226881104644587	0.9999580513982196	0.11006657934375946	1.821842839826268e-5	Nkx3-2	0.3019794270330938	14.6903698325741	67.91	54.99	2.04e-15	0.033237842565721036	TRUE
MA0784.3	738	167	1.0336468574603115	0.37659966948812357	0.9999580513982196	0.04774337713107198	1.821842839826268e-5	POU1F1	0.6891810776079029	3.159893905543242	10.19	6.13	6.92e-4	0.0329038320998327	TRUE
MA0618.2	354	81	1.0473904922902255	0.38190360251505184	0.9999580513982196	0.06679941386400455	1.821842839826268e-5	LBX1	0.469774464292164	22.214670164989233	57.07	41.07	6.099999999999999e-23	0.031380658862993294	TRUE
MA0725.2	354	81	1.0473904922902255	0.38190360251505184	0.9999580513982196	0.06679941386400455	1.821842839826268e-5	VSX1	0.4615376249100542	49.906578314837766	77.48	56.13	1.24e-50	0.030830442820176406	TRUE
MA0899.2	804	182	1.034562708506013	0.36726900901365744	0.9999580513982196	0.04902109469889914	1.821842839826268e-5	HOXA10	0.6075644735790068	56.07675598136972	69.3	45.31	8.38e-57	0.029783475595003297	TRUE
MA0040.2	784	177	1.0304253308033493	0.3857719851727052	0.9999580513982196	0.04323996457369279	1.821842839826268e-5	Foxq1	0.6734482007522039	12.681936665037238	28.16	17.47	2.08e-13	0.02911987634274245	TRUE
MA0644.3	354	81	1.0473904922902255	0.38190360251505184	0.9999580513982196	0.06679941386400455	1.821842839826268e-5	ESX1	0.4353611269387945	26.54515513999149	65.03	47.96	2.8500000000000002e-27	0.029081868098683954	TRUE
MA0610.2	390	97	1.1771306842212852	0.10009463279658433	0.7805359244339707	0.23527449625735472	0.10760710358888625	DMRT3	0.12294201596965859	2.752026733638193	78.46	72.01	0.00177	0.028925120876125084	TRUE
MA2124.1	1287	291	1.0357165154698662	0.3298083090977859	0.9999580513982196	0.05062917899782863	1.821842839826268e-5	Hmga1	0.561269790087923	54.02410886359821	71.67	48.41	9.459999999999998e-55	0.028416628668435154	TRUE
MA1623.2	2248	512	1.0581351284389393	0.1873914889598528	0.9737946955328745	0.08152387762234213	0.011532595478229263	Stat2	0.34229371436785055	14.698970004336019	62.28	49.02	2e-15	0.027905110881021582	TRUE
MA1530.2	459	104	1.0340020094576174	0.4050783431973117	0.9999580513982196	0.048238989358575436	1.821842839826268e-5	NKX6-3	0.5776625212387025	20.195179321278836	44.84	29.88	6.3800000000000005e-21	0.027865856214881628	TRUE
MA0465.3	687	155	1.0289782775521024	0.39933219649600665	0.9999580513982196	0.04121252625651875	1.821842839826268e-5	CDX2	0.6749317494601802	40.14206473528057	55.49	34.57	7.209999999999999e-41	0.027815642445985812	TRUE
MA0850.1	509	115	1.0301555041344939	0.41195887343448695	0.9999580513982196	0.042862131690185386	1.821842839826268e-5	FOXP3	0.6373195257695484	39.255707016877324	57.58	36.84	5.5499999999999996e-40	0.027316873442260883	TRUE
MA1657.2	598	135	1.029424282084099	0.4055162994745272	0.9999580513982196	0.0418377183828917	1.821842839826268e-5	ZNF652	0.6503701727931949	2.344861565188618	11.57	7.19	0.00452	0.027210004133954302	TRUE
MA0606.3	1633	370	1.0418020595541557	0.2837091022043343	0.9999580513982196	0.059081194289590334	1.821842839826268e-5	Nfat5	0.43532063704596446	28.80966830182971	67.07	49.47	1.55e-29	0.02571926313558086	TRUE
MA0619.2	773	176	1.0431778086087367	0.3360337642448519	0.9999580513982196	0.06098508473659984	1.821842839826268e-5	LIN54	0.41552514337369767	18.899629454882437	58.68	43.87	1.26e-19	0.025340836078832748	TRUE
MA1103.3	509	115	1.0301555041344939	0.41195887343448695	0.9999580513982196	0.042862131690185386	1.821842839826268e-5	FOXK2	0.5912047812926504	30.031517051446066	53.93	35.63	9.299999999999999e-31	0.025340297191632832	TRUE
MA1463.2	290	67	1.0607306688540417	0.3622384153406903	0.9999580513982196	0.08505838666302436	1.821842839826268e-5	ARGFX	0.29353893959302096	9.671620396561263	60.01	48.87	2.13e-10	0.024967948624557326	TRUE
MA1707.2	592	139	1.08866009774907	0.21550255141039884	0.9999580513982196	0.1225535850589485	1.821842839826268e-5	DMRTA1	0.2031487970112154	11.447331783887806	79.06	68.61	3.57e-12	0.024896613374137053	TRUE
MA0650.4	634	144	1.0385626146240317	0.3682059661100053	0.9999580513982196	0.054588198449699726	1.821842839826268e-5	Hoxa13	0.446628231777916	39.86646109162978	73.68	53.93	1.36e-40	0.024380630549531365	TRUE
MA0033.2	509	115	1.0301555041344939	0.41195887343448695	0.9999580513982196	0.042862131690185386	1.821842839826268e-5	FOXL1	0.5672485187948582	24.801342913045577	50.9	34.19	1.58e-25	0.02431348071364781	TRUE
MA1606.2	509	115	1.0301555041344939	0.41195887343448695	0.9999580513982196	0.042862131690185386	1.821842839826268e-5	Foxf1	0.5576527942969838	30.158015195409885	56.8	38.43	6.949999999999999e-31	0.02390218750655718	TRUE
MA2102.1	34	8	1.0840169699014564	0.4877001360398314	0.9999580513982196	0.11638734174809712	1.821842839826268e-5	ZBTB17	0.20030255926983123	10.45842075605342	78.03	67.85	3.48e-11	0.023312682418756326	TRUE
MA0476.2	940	212	1.0296438865233828	0.3781175993302208	0.9999580513982196	0.04214545198932914	1.821842839826268e-5	FOS	0.5207268782278948	5.321481620959886	23.33	16.11	4.77e-6	0.02194626964590698	TRUE
MA1563.2	486	112	1.0589262515089972	0.32188734017674775	0.9999580513982196	0.08260211691558442	1.821842839826268e-5	SOX18	0.24596031349209863	5.432973633840939	58.13	48.94	3.69e-6	0.020316842571668128	TRUE
MA1991.2	1008	232	1.0623292022809983	0.23989492302190474	0.9999580513982196	0.08723090823429731	1.821842839826268e-5	Hnf1A	0.23282744186529108	5.213958789757446	60.09	51.06	6.11e-6	0.020309749215777398	TRUE
MA0046.3	420	95	1.0313470504290518	0.41871498413768155	0.9999580513982196	0.04452988428915906	1.821842839826268e-5	HNF1A	0.4519159462305724	6.508638306165727	31.33	22.77	3.1e-7	0.020123764794073216	TRUE
MA0157.4	509	115	1.0301555041344939	0.41195887343448695	0.9999580513982196	0.042862131690185386	1.821842839826268e-5	Foxo3	0.4567768661371168	30.137272471682024	66.01	47.96	7.289999999999999e-31	0.019578430189399282	TRUE
MA0909.4	785	178	1.0370153537944113	0.35903597810954585	0.9999580513982196	0.052437254497402185	1.821842839826268e-5	Hoxd13	0.369056611788003	34.104025267640935	77.52	59.91	7.869999999999999e-35	0.01935231547627647	TRUE
MA0075.4	354	81	1.0473904922902255	0.38190360251505184	0.9999580513982196	0.06679941386400455	1.821842839826268e-5	PRRX2	0.2881984527521461	13.537602002101044	68.09	55.67	2.9e-14	0.01925148772035637	TRUE
MA0481.4	509	115	1.0301555041344939	0.41195887343448695	0.9999580513982196	0.042862131690185386	1.821842839826268e-5	FOXP1	0.4437390908341077	32.607303046740334	69.22	50.76	2.4700000000000002e-33	0.01901960334741466	TRUE
MA0490.3	963	221	1.0571695807199697	0.2633317020232736	0.9999580513982196	0.08020681819670691	1.821842839826268e-5	JUNB	0.22699534467952714	4.8326826652518236	59.67	50.91	1.47e-5	0.018206574342209656	TRUE
MA0102.5	1335	300	1.0258381285591773	0.376003343579902	0.9999580513982196	0.03680309980567738	1.821842839826268e-5	CEBPA	0.49160564486842023	18.62342304294349	50.51	35.78	2.38e-19	0.01809261161312686	TRUE
MA0031.2	509	115	1.0301555041344939	0.41195887343448695	0.9999580513982196	0.042862131690185386	1.821842839826268e-5	FOXD1	0.41696850624498477	32.49620931694282	71.77	53.63	3.19e-33	0.017872159025332426	TRUE
MA1121.2	835	191	1.0508138405593865	0.3004107887176683	0.9999580513982196	0.07150710784425994	1.821842839826268e-5	TEAD2	0.24894560697923018	7.485452247339714	63.29	53.18	3.27e-8	0.017801380365618562	TRUE
MA1683.2	509	115	1.0301555041344939	0.41195887343448695	0.9999580513982196	0.042862131690185386	1.821842839826268e-5	FOXA3	0.415037499278844	28.950781977329818	69.26	51.82	1.1200000000000001e-29	0.017789391950455032	TRUE
MA0852.3	509	115	1.0301555041344939	0.41195887343448695	0.9999580513982196	0.042862131690185386	1.821842839826268e-5	FOXK1	0.41399341907962023	23.047207556955907	63.96	47.88	8.97e-24	0.01774464044746079	TRUE
MA0042.2	509	115	1.0301555041344939	0.41195887343448695	0.9999580513982196	0.042862131690185386	1.821842839826268e-5	FOXI1	0.41041501023121923	15.328827157284916	54.55	40.92	4.69e-16	0.017591262216159302	TRUE
MA0148.5	509	115	1.0301555041344939	0.41195887343448695	0.9999580513982196	0.042862131690185386	1.821842839826268e-5	FOXA1	0.4079963842235459	31.196542884351587	71.72	53.93	6.36e-32	0.0174875947497091	TRUE
MA0661.2	354	81	1.0473904922902255	0.38190360251505184	0.9999580513982196	0.06679941386400455	1.821842839826268e-5	MEOX1	0.2546999225682697	16.52870828894106	77.17	64.6	2.96e-17	0.01701380553876776	TRUE
MA2118.1	507	115	1.03582702199516	0.3928596404627039	0.9999580513982196	0.05078310018103823	1.821842839826268e-5	FOXS1	0.32915383012501115	23.279840696594043	74.06	58.85	5.2499999999999995e-24	0.01671545193021088	TRUE
MA1608.2	330	74	1.0188835824301088	0.4674451046663224	0.9999580513982196	0.026989218681690092	1.821842839826268e-5	Isl1	0.5916813321399828	28.200659450546418	52.23	34.49	6.3e-29	0.015969016862999702	TRUE
MA0480.3	509	115	1.0301555041344939	0.41195887343448695	0.9999580513982196	0.042862131690185386	1.821842839826268e-5	Foxo1	0.3687466765704912	25.1249387366083	71.06	54.92	7.500000000000001e-26	0.01580526861148259	TRUE
MA0788.1	723	163	1.0280367271098547	0.4001676552502468	0.9999580513982196	0.03989180643136959	1.821842839826268e-5	POU3F3	0.39611408755620675	31.707743928643524	73.22	55.52	1.96e-32	0.015801706505530786	TRUE
MA0848.1	509	115	1.0301555041344939	0.41195887343448695	0.9999580513982196	0.042862131690185386	1.821842839826268e-5	FOXO4	0.36348781493645893	22.46470587995723	69.14	53.63	3.4299999999999996e-23	0.015579862591584236	TRUE
MA0701.3	354	81	1.0473904922902255	0.38190360251505184	0.9999580513982196	0.06679941386400455	1.821842839826268e-5	LHX9	0.23076298223078043	12.97469413473523	76.42	65.05	1.06e-13	0.01541483195452583	TRUE
MA2117.1	509	115	1.0301555041344939	0.41195887343448695	0.9999580513982196	0.042862131690185386	1.821842839826268e-5	FOXP4	0.35470503591313596	29.49214412830417	76.07	59.38	3.22e-30	0.01520341396048077	TRUE
MA0050.4	1658	372	1.0247465025979459	0.37070599426380624	0.9999580513982196	0.03526706614423613	1.821842839826268e-5	Irf1	0.41357467097746675	21.177831920631984	61.93	46.37	6.64e-22	0.014585565276943014	TRUE
MA0849.1	509	115	1.0301555041344939	0.41195887343448695	0.9999580513982196	0.042862131690185386	1.821842839826268e-5	FOXO6	0.26287348953884276	5.034798298974088	53.29	44.33	9.23e-6	0.011267318126472449	TRUE
MA0018.5	785	179	1.0455566131677705	0.3256692978668212	0.9999580513982196	0.06427118084201337	1.821842839826268e-5	CREB1	0.17048577225082226	2.3516399890190685	63.83	56.66	0.00445	0.010957321899322903	TRUE
MA0491.3	919	207	1.0275822897988827	0.3885192960175588	0.9999580513982196	0.03925393096882334	1.821842839826268e-5	JUND	0.24320290782790005	5.962573502059376	59.9	50.53	1.09e-6	0.009546670155293493	TRUE
MA1634.2	960	214	1.0118911945718738	0.45817055522624195	0.9999580513982196	0.017054169982141664	1.821842839826268e-5	BATF	0.5475767571968848	6.162411561764489	24.45	16.57	6.88e-7	0.009338467095505587	TRUE
MA0772.2	981	219	1.0141497967252755	0.44687835724603125	0.9999580513982196	0.020270763812051406	1.821842839826268e-5	IRF7	0.33593790983250077	2.3251388592621884	29.25	23.07	0.00473	0.006809718025728845	TRUE
MA1988.2	960	214	1.0118911945718738	0.45817055522624195	0.9999580513982196	0.017054169982141664	1.821842839826268e-5	Atf3	0.3899973552068385	10.485452247339714	48.43	36.84	3.27e-11	0.006651081188283105	TRUE
MA0835.3	960	214	1.0118911945718738	0.45817055522624195	0.9999580513982196	0.017054169982141664	1.821842839826268e-5	BATF3	0.3842455928929673	7.616184634019569	42.61	32.53	2.42e-8	0.006552989656085469	TRUE
MA0497.2	1260	280	1.0075660536662188	0.47312717163639334	0.9999580513982196	0.01087442155517822	1.821842839826268e-5	MEF2C	0.5242806086451677	27.512861624522813	57.23	39.64	3.07e-28	0.005701248351612968	TRUE
MA0462.3	960	214	1.0118911945718738	0.45817055522624195	0.9999580513982196	0.017054169982141664	1.821842839826268e-5	BATF::JUN	0.32475665749913385	4.5718652059712115	41.62	33.13	2.68e-5	0.00553845523982239	TRUE
MA2339.1	405	91	1.0219023746918763	0.45034394060999683	0.9999580513982196	0.031257378002268	1.821842839826268e-5	Nanog	0.1626294643066579	6.764471553092451	79.14	70.65	1.72e-7	0.005083370640139557	TRUE
MA1487.3	1381	308	1.013613537160117	0.43854856297618205	0.9999580513982196	0.01950769741234756	1.821842839826268e-5	FOXE1	0.24883457579058457	12.065501548756432	72.09	60.59	8.6e-13	0.004854189610252589	TRUE
MA1709.2	1643	366	1.01227896406251	0.4409185826971712	0.9999580513982196	0.01760692304552038	1.821842839826268e-5	ZIM3	0.2408386597195977	2.2395775165767877	45.94	38.8	0.00576	0.004240427748069225	TRUE
MA1928.2	960	214	1.0118911945718738	0.45817055522624195	0.9999580513982196	0.017054169982141664	1.821842839826268e-5	BNC2	0.19367308601154512	6.407823242604133	71.7	62.63	3.91e-7	0.0033029337298068335	TRUE
MA1142.2	833	186	1.0141185631631378	0.4523885049810091	0.9999580513982196	0.02022633132362915	1.821842839826268e-5	FOSL1::JUND	0.12158298538879446	8.991399828238082	90.07	82.75	1.02e-9	0.002459177745789719	TRUE
MA0489.3	959	214	1.0134682111151343	0.4508114529293455	0.9999580513982196	0.019300837314133918	1.821842839826268e-5	Jun	0.12231248094661834	4.06198090252379	82.54	75.79	8.6700000000000007e-05	0.002360733296238785	TRUE
MA0477.3	926	206	1.0087572727884435	0.47373958625435286	0.9999580513982196	0.012579074869100213	1.821842839826268e-5	FOSL1	0.12083985003807882	2.0570004066339593	76.54	70.35	0.00877	0.0015200535207998357	TRUE
MA0030.2	614	123	0.8718912569652582	0.9132576231215359	0.9999580513982196	-0.1977798828436938	1.821842839826268e-5	FOXF2	0.2743598537946286	2.1426675035687315	37.61	31.01	0.0072	0	FALSE
MA0035.5	336	64	0.8211415163649173	0.9293259384873704	0.9999580513982196	-0.2842972159246456	1.821842839826268e-5	GATA1	0.17496194372315457	5.705533773838407	74.1	65.58	1.97e-6	0	FALSE
MA0041.3	1478	323	0.980766128087165	0.6201232451167277	0.9999580513982196	-0.02801894016994407	1.821842839826268e-5	FOXD3	0.36401610039469984	33.85387196432176	77.93	60.44	1.4e-34	0	FALSE
MA0063.3	439	92	0.9294430293644481	0.7449658611572594	0.9999580513982196	-0.10556165768484405	1.821842839826268e-5	NKX2-5	0.15127437502088384	6.403402904373539	80.87	72.77	3.95e-7	0	FALSE
MA0069.1	368	69	0.8038411805302033	0.9539543687128588	0.9999580513982196	-0.31501760678545737	1.821842839826268e-5	PAX6	0.477013625455066	1.9469215565165803	16.94	12.03	0.0113	0	FALSE
MA0077.2	534	109	0.8957617922676039	0.8515006667178397	0.9999580513982196	-0.1588129639489664	1.821842839826268e-5	SOX9	0.37587978970527625	38.62893213772826	79.46	61.12	2.35e-39	0	FALSE
MA0095.4	878	191	0.9760811002136247	0.6234993055459211	0.9999580513982196	-0.03492707208369458	1.821842839826268e-5	Yy1	0.5372116617957888	7.847711655616943	28.77	19.67	1.42e-8	0	FALSE
MA0124.3	405	80	0.8595161665530615	0.8941049937614697	0.9999580513982196	-0.21840331942301966	1.821842839826268e-5	Nkx3-1	0.2648200047223289	2.171984935776023	41.54	34.49	0.00673	0	FALSE
MA0143.5	503	109	0.9722677274602394	0.6171373677335306	0.9999580513982196	-0.04057446017689929	1.821842839826268e-5	SOX2	0.7602655320249355	40.25258819211358	50.06	29.35	5.59e-41	0	FALSE
MA0153.2	370	76	0.9056666981071325	0.7914119133232108	0.9999580513982196	-0.14294788507771655	1.821842839826268e-5	HNF1B	0.4740580130910445	4.8326826652518236	24.78	17.7	1.47e-5	0	FALSE
MA0479.2	652	132	0.8839265236865033	0.896824323696878	0.9999580513982196	-0.178001644183286	1.821842839826268e-5	FOXH1	0.25183619922892986	3.360513510731414	48.01	40.24	4.36e-4	0	FALSE
MA0495.4	1048	221	0.9311208399828163	0.8186855409247787	0.9999580513982196	-0.10295968335363803	1.821842839826268e-5	MAFF	0.4055147251603371	5.443697499232713	34.23	25.72	3.6e-6	0	FALSE
MA0507.3	789	170	0.9630268111186003	0.6736579139402766	0.9999580513982196	-0.05435213095216669	1.821842839826268e-5	POU2F2	0.7019951846431336	5.568636235841013	14.58	8.77	2.7e-6	0	FALSE
MA0514.3	503	109	0.9722677274602394	0.6171373677335306	0.9999580513982196	-0.04057446017689929	1.821842839826268e-5	Sox3	0.4519846950024047	32.8153085691824	68.58	50	1.53e-33	0	FALSE
MA0593.2	950	201	0.9367300055378714	0.7899668325166942	0.9999580513982196	-0.0942948162686162	1.821842839826268e-5	FOXP2	0.27753397552890896	5.987162775294828	53.1	43.72	1.03e-6	0	FALSE
MA0613.1	624	123	0.8527422238019892	0.94295200704738	0.9999580513982196	-0.229818400995278	1.821842839826268e-5	FOXG1	0.2832433567461639	6.325138859262188	53.13	43.57	4.73e-7	0	FALSE
MA0614.1	605	121	0.8701263983813841	0.914880232119519	0.9999580513982196	-0.20070310648626843	1.821842839826268e-5	Foxj2	0.5663051548670717	15.443697499232712	39.45	26.48	3.6e-16	0	FALSE
MA0629.2	443	96	0.9725481267591009	0.6117468664788811	0.9999580513982196	-0.04015845093894333	1.821842839826268e-5	Rhox11	0.22560712706714764	10.910094888560602	74.38	63.54	1.23e-11	0	FALSE
MA0660.1	781	164	0.9283668729104917	0.8003163307401698	0.9999580513982196	-0.10723305124464082	1.821842839826268e-5	MEF2B	1.052380820954112	9.978810700930062	11.84	5.45	1.05e-10	0	FALSE
MA0678.1	356	78	0.9874393757669292	0.5599841896490447	0.9999580513982196	-0.01823591882696296	1.821842839826268e-5	OLIG2	0.5859278370173863	2.8664610916297826	14.45	9.46	0.00136	0	FALSE
MA0679.3	413	90	0.9800799098958306	0.585222243140925	0.9999580513982196	-0.02902871207742159	1.821842839826268e-5	ONECUT1	0.6658332553254266	20.75448733218585	38.94	24.36	1.76e-21	0	FALSE
MA0703.3	422	85	0.881668673734084	0.8577861578525439	0.9999580513982196	-0.18169149416682995	1.821842839826268e-5	LMX1B	0.4435761024069772	2.217527375833714	18.39	13.39	0.00606	0	FALSE
MA0706.2	333	65	0.8476575356788372	0.8933550167224533	0.9999580513982196	-0.2384465793559104	1.821842839826268e-5	MEOX2	0.4710483333359	43.12147820449879	73.38	52.8	7.56e-44	0	FALSE
MA0715.1	440	92	0.9265882997020468	0.7532116002963701	0.9999580513982196	-0.10999962972792805	1.821842839826268e-5	PROP1	0.5556205900866785	20.533132379645892	46.71	31.62	2.9300000000000004e-21	0	FALSE
MA0768.3	829	178	0.9580317046607829	0.6972411095068414	0.9999580513982196	-0.06185469424947218	1.821842839826268e-5	Lef1	0.5105832323998644	10.8153085691824	36.64	25.57	1.53e-11	0	FALSE
MA0769.3	577	113	0.8462758747745149	0.944795291467704	0.9999580513982196	-0.24080005531263773	1.821842839826268e-5	TCF7	0.343489438682191	12.866461091629782	59.16	46.52	1.36e-13	0	FALSE
MA0773.1	935	206	0.9943779591322907	0.5410705431470619	0.9999580513982196	-0.008133776174911275	1.821842839826268e-5	MEF2D	0.9958780113648134	10.497572880015568	13.48	6.51	3.18e-11	0	FALSE
MA0785.2	674	148	0.9898949836401253	0.5577981495106192	0.9999580513982196	-0.014652614763664099	1.821842839826268e-5	POU2F1	0.6938735281350631	39.91721462968355	54.03	33.21	1.2099999999999999e-40	0	FALSE
MA0786.2	793	173	0.980422695164591	0.6009377037197489	0.9999580513982196	-0.028524214290891317	1.821842839826268e-5	POU3F1	0.5085216951155047	50.322393047279505	73.93	51.82	4.76e-51	0	FALSE
MA0787.1	761	155	0.8895412943298809	0.9001845621661306	0.9999580513982196	-0.16886651497995817	1.821842839826268e-5	POU3F2	0.393707849372001	27.51999305704285	70.22	53.33	3.02e-28	0	FALSE
MA0789.1	709	152	0.9567359390711719	0.6918855359581692	0.9999580513982196	-0.06380730179615884	1.821842839826268e-5	POU3F4	0.691417930360375	26.183758700008216	42.94	26.4	6.55e-27	0	FALSE
MA0792.1	724	157	0.9722592679697172	0.6317123701814176	0.9999580513982196	-0.040587012808005536	1.821842839826268e-5	POU5F1B	0.5036960415040235	47.46344155742847	72.93	51.29	3.4399999999999995e-48	0	FALSE
MA0808.1	1038	223	0.9573725780179175	0.7155051455398849	0.9999580513982196	-0.06284761129065686	1.821842839826268e-5	TEAD3	0.24556770720543258	2.5421181032660076	46.46	39.11	0.00287	0	FALSE
MA0809.3	1228	270	0.9909191515775703	0.5610309044714821	0.9999580513982196	-0.013160741185232964	1.821842839826268e-5	TEAD4	0.27099559786334737	3.9507819773298185	48.2	39.86	1.12e-4	0	FALSE
MA0836.3	1210	263	0.9734493736101743	0.649992941307497	0.9999580513982196	-0.03882214454042586	1.821842839826268e-5	CEBPD	0.6783113764453957	18.45099673797421	35.65	22.09	3.54e-19	0	FALSE
MA0846.2	1211	261	0.9608231168373791	0.7106500174775006	0.9999580513982196	-0.05765723303464857	1.821842839826268e-5	FOXC2	0.4559216611714448	34.35163998901907	69.29	50.38	4.4499999999999995e-35	0	FALSE
MA0847.4	1278	274	0.9525682843675815	0.7518239492734565	0.9999580513982196	-0.07010557972239985	1.821842839826268e-5	FOXD2	0.2677069203375292	16.332547047110047	74.96	62.18	4.65e-17	0	FALSE
MA0851.2	906	196	0.9680455461798366	0.6603443932589421	0.9999580513982196	-0.046853167530096086	1.821842839826268e-5	Foxj3	0.39174534093626734	15.040005161671584	56.23	42.74	9.12e-16	0	FALSE
MA0853.2	290	63	0.9763885017411603	0.5889284756849594	0.9999580513982196	-0.03447278929992401	1.821842839826268e-5	Alx4	0.34601763713192224	6.23210238398191	42.83	33.59	5.86e-7	0	FALSE
MA0856.1	1317	277	0.9242203731626533	0.8623221428078436	0.9999580513982196	-0.11369120281121109	1.821842839826268e-5	RXRG	0.8056023058782377	2.0915149811213505	5.67	3.03	0.0081	0	FALSE
MA0867.3	1048	231	0.9949459637859227	0.5389787660716177	0.9999580513982196	-0.007309920884352485	1.821842839826268e-5	SOX4	0.3491903900885373	18.72124639904717	66.81	52.34	1.9e-19	0	FALSE
MA0874.2	322	70	0.9771784883797836	0.58884100854501	0.9999580513982196	-0.033305990440404686	1.821842839826268e-5	Arx	0.3561658615216693	10.26680273489343	51.84	40.39	5.41e-11	0	FALSE
MA0893.3	333	65	0.8476575356788372	0.8933550167224533	0.9999580513982196	-0.2384465793559104	1.821842839826268e-5	GSX2	0.5835620112276203	31.87942606879415	56.13	37.29	1.3199999999999998e-32	0	FALSE
MA0895.2	339	67	0.8613925290713769	0.8730265440464747	0.9999580513982196	-0.215257283866699	1.821842839826268e-5	HMBOX1	0.5053779840657708	34.31425826139774	64.74	45.46	4.849999999999999e-35	0	FALSE
MA0907.2	455	100	0.9914466296781894	0.5487354009735645	0.9999580513982196	-0.012392981708050692	1.821842839826268e-5	HOXC13	0.3455633207835247	7.962573502059376	47.81	37.52	1.09e-8	0	FALSE
MA0910.3	334	72	0.9661678796760489	0.6215777483144825	0.9999580513982196	-0.0496542038254589	1.821842839826268e-5	HOXD8	0.4928041804596673	28.019088062223158	60.67	42.97	9.57e-29	0	FALSE
MA1120.2	503	109	0.9722677274602394	0.6171373677335306	0.9999580513982196	-0.04057446017689929	1.821842839826268e-5	SOX13	0.6536142365172346	40.40011692792631	57.17	36.16	3.98e-41	0	FALSE
MA1132.2	896	195	0.9766299672435487	0.6218506936547936	0.9999580513982196	-0.03411604809122713	1.821842839826268e-5	JUN::JUNB	0.1648344924079309	4.546681659952962	73.41	65.43	2.84e-5	0	FALSE
MA1143.2	311	66	0.9463928999737897	0.6733509660668304	0.9999580513982196	-0.0794888445518279	1.821842839826268e-5	FOSL1::JUND	0.24456921218112276	3.075204004202088	49.65	41.83	8.41e-4	0	FALSE
MA1480.2	337	67	0.8681122031221301	0.860591975582498	0.9999580513982196	-0.20404657246381802	1.821842839826268e-5	DPRX	0.0832204158218048	2.612610173661271	89.06	84.04	0.00244	0	FALSE
MA1489.1	128	27	0.940398987036103	0.6450556250300998	0.9999580513982196	-0.08865510991469457	1.821842839826268e-5	FOXN3	0.6745756716943646	2.7825160557860937	11.04	6.73	0.00165	0	FALSE
MA1497.2	333	65	0.8476575356788372	0.8933550167224533	0.9999580513982196	-0.2384465793559104	1.821842839826268e-5	HOXA6	0.6254640496065067	60.23210238398191	69.94	45.16	5.86e-61	0	FALSE
MA1501.2	333	65	0.8476575356788372	0.8933550167224533	0.9999580513982196	-0.2384465793559104	1.821842839826268e-5	HOXB7	0.5281189291063112	20.636388020107855	49.64	34.27	2.3100000000000003e-21	0	FALSE
MA1519.2	333	65	0.8476575356788372	0.8933550167224533	0.9999580513982196	-0.2384465793559104	1.821842839826268e-5	LHX5	0.3345976109591094	7.525783735923745	48.68	38.5	2.98e-8	0	FALSE
MA1607.2	905	198	0.9842011136349947	0.5878531023578708	0.9999580513982196	-0.022974945992186142	1.821842839826268e-5	Foxl2	0.403316193951728	28.576754126063193	70.19	52.95	2.65e-29	0	FALSE
MA1962.1	817	173	0.9391342459024508	0.7679432397175343	0.9999580513982196	-0.09059669413885017	1.821842839826268e-5	POU2F1::SOX2	0.6306986468505311	3.709965388637482	13.28	8.4	1.95e-4	0	FALSE
MA1963.2	480	104	0.9721613131857811	0.6158175502317171	0.9999580513982196	-0.0407323711553765	1.821842839826268e-5	SATB1	0.6084751347549556	29.939302159646388	52.39	34.19	1.15e-30	0	FALSE
MA1994.2	527	102	0.83412664740414	0.95150323678024	0.9999580513982196	-0.26166164681661236	1.821842839826268e-5	Nkx2-1	0.19696034132913678	2.869666231504994	59.29	51.66	0.00135	0	FALSE
MA2001.2	392	75	0.8245960983061509	0.9386046870229421	0.9999580513982196	-0.2782404599622387	1.821842839826268e-5	Six4	0.20588831359175103	9.978810700930062	76.42	66.19	1.05e-10	0	FALSE
MA2093.1	333	65	0.8476575356788372	0.8933550167224533	0.9999580513982196	-0.2384465793559104	1.821842839826268e-5	HOXB1	0.20464750843150167	8.154901959985743	73.3	63.54	7e-9	0	FALSE
MA2119.1	333	65	0.8476575356788372	0.8933550167224533	0.9999580513982196	-0.2384465793559104	1.821842839826268e-5	HOXA3	0.42372322714506616	13.1944991418416	49.48	36.76	6.39e-14	0	FALSE
MA2333.1	656	136	0.9133275599083139	0.8281131823459646	0.9999580513982196	-0.1307957272265626	1.821842839826268e-5	ZNF35	0.7986408768336977	82.24412514432751	68	38.88	5.7e-83	0	FALSE
