rank	motif_DB	motif_ID	motif_alt_ID	consensus	p-value	adj_p-value	E-value	tests	FASTA_max	pos	neg	U	pleft	pright	pboth	adj_pleft	adj_pright	adj_pboth
1	JASPAR2024_CORE_vertebrates_non-redundant.meme	MA0892.2	GSX1	YMATTA	3.69e-71	3.69e-71	3.25e-68	1	6900	6900	0	3.154e+06	1.00e0	3.69e-71	7.38e-71	1.00e0	3.69e-71	7.38e-71
2	JASPAR2024_CORE_vertebrates_non-redundant.meme	MA0108.3	TBP	TATAAAW	2.04e-66	2.04e-66	1.79e-63	1	6900	6900	0	3.203e+06	1.00e0	2.04e-66	4.08e-66	1.00e0	2.04e-66	4.08e-66
3	JASPAR2024_CORE_vertebrates_non-redundant.meme	MA1978.2	ZNF354A	WAADWATAAATGRAYWAWTT	2.53e-66	2.53e-66	2.23e-63	1	6900	6900	0	3.204e+06	1.00e0	2.53e-66	5.07e-66	1.00e0	2.53e-66	5.07e-66
4	JASPAR2024_CORE_vertebrates_non-redundant.meme	MA0723.3	VAX2	YAATTA	4.19e-66	4.19e-66	3.69e-63	1	6900	6900	0	3.206e+06	1.00e0	4.19e-66	8.39e-66	1.00e0	4.19e-66	8.39e-66
5	JASPAR2024_CORE_vertebrates_non-redundant.meme	MA1498.3	HOXA7	YMATTA	7.13e-64	7.13e-64	6.27e-61	1	6900	6900	0	3.230e+06	1.00e0	7.13e-64	1.43e-63	1.00e0	7.13e-64	1.43e-63
6	JASPAR2024_CORE_vertebrates_non-redundant.meme	MA0052.5	MEF2A	CTAAAAATAG	9.72e-64	9.72e-64	8.54e-61	1	6900	6900	0	3.232e+06	1.00e0	9.72e-64	1.94e-63	1.00e0	9.72e-64	1.94e-63
7	JASPAR2024_CORE_vertebrates_non-redundant.meme	MA2333.1	ZNF35	AATTCTA	7.47e-63	7.47e-63	6.56e-60	1	6900	6900	0	3.241e+06	1.00e0	7.47e-63	1.49e-62	1.00e0	7.47e-63	1.49e-62
8	JASPAR2024_CORE_vertebrates_non-redundant.meme	MA2124.1	Hmga1	ATTTTTAW	7.77e-60	7.77e-60	6.83e-57	1	6900	6900	0	3.274e+06	1.00e0	7.77e-60	1.55e-59	1.00e0	7.77e-60	1.55e-59
9	JASPAR2024_CORE_vertebrates_non-redundant.meme	MA0899.2	HOXA10	GYMATAAAA	9.92e-60	9.92e-60	8.72e-57	1	6900	6900	0	3.276e+06	1.00e0	9.92e-60	1.98e-59	1.00e0	9.92e-60	1.98e-59
10	JASPAR2024_CORE_vertebrates_non-redundant.meme	MA0602.2	Arid5a	YAATATTG	2.99e-59	2.99e-59	2.63e-56	1	6900	6900	0	3.281e+06	1.00e0	2.99e-59	5.98e-59	1.00e0	2.99e-59	5.98e-59
11	JASPAR2024_CORE_vertebrates_non-redundant.meme	MA0788.1	POU3F3	WWTATGCWAATTW	5.43e-58	5.43e-58	4.78e-55	1	6900	6900	0	3.295e+06	1.00e0	5.43e-58	1.09e-57	1.00e0	5.43e-58	1.09e-57
12	JASPAR2024_CORE_vertebrates_non-redundant.meme	MA0792.1	POU5F1B	TATGCWAAT	6.85e-58	6.85e-58	6.02e-55	1	6900	6900	0	3.296e+06	1.00e0	6.85e-58	1.37e-57	1.00e0	6.85e-58	1.37e-57
13	JASPAR2024_CORE_vertebrates_non-redundant.meme	MA1471.2	BARX2	WAAYMATTA	1.55e-57	1.55e-57	1.37e-54	1	6900	6900	0	3.300e+06	1.00e0	1.55e-57	3.11e-57	1.00e0	1.55e-57	3.11e-57
14	JASPAR2024_CORE_vertebrates_non-redundant.meme	MA0675.2	NKX6-2	YMATTA	2.11e-57	2.11e-57	1.85e-54	1	6900	6900	0	3.302e+06	1.00e0	2.11e-57	4.22e-57	1.00e0	2.11e-57	4.22e-57
15	JASPAR2024_CORE_vertebrates_non-redundant.meme	MA0786.2	POU3F1	WTATGCWAAT	6.13e-57	6.13e-57	5.38e-54	1	6900	6900	0	3.307e+06	1.00e0	6.13e-57	1.23e-56	1.00e0	6.13e-57	1.23e-56
16	JASPAR2024_CORE_vertebrates_non-redundant.meme	MA0880.2	Dlx3	YAATTA	1.13e-56	1.13e-56	9.94e-54	1	6900	6900	0	3.310e+06	1.00e0	1.13e-56	2.26e-56	1.00e0	1.13e-56	2.26e-56
17	JASPAR2024_CORE_vertebrates_non-redundant.meme	MA0773.1	MEF2D	DCTAWAAATAGM	1.58e-56	1.58e-56	1.39e-53	1	6900	6900	0	3.312e+06	1.00e0	1.58e-56	3.16e-56	1.00e0	1.58e-56	3.16e-56
18	JASPAR2024_CORE_vertebrates_non-redundant.meme	MA0660.1	MEF2B	RCTAWAAATAGC	2.26e-55	2.26e-55	1.99e-52	1	6900	6900	0	3.325e+06	1.00e0	2.26e-55	4.53e-55	1.00e0	2.26e-55	4.53e-55
19	JASPAR2024_CORE_vertebrates_non-redundant.meme	MA0787.1	POU3F2	WTATGCWAATKA	1.11e-54	1.11e-54	9.77e-52	1	6900	6900	0	3.333e+06	1.00e0	1.11e-54	2.22e-54	1.00e0	1.11e-54	2.22e-54
20	JASPAR2024_CORE_vertebrates_non-redundant.meme	MA0790.2	POU4F1	TGMATAATTAAT	4.35e-54	4.35e-54	3.83e-51	1	6900	6900	0	3.340e+06	1.00e0	4.35e-54	8.71e-54	1.00e0	4.35e-54	8.71e-54
21	JASPAR2024_CORE_vertebrates_non-redundant.meme	MA0791.2	POU4F3	TGMATWATTAAT	6.03e-54	6.03e-54	5.30e-51	1	6900	6900	0	3.342e+06	1.00e0	6.03e-54	1.21e-53	1.00e0	6.03e-54	1.21e-53
22	JASPAR2024_CORE_vertebrates_non-redundant.meme	MA0785.2	POU2F1	TATGCWAAT	2.31e-53	2.31e-53	2.03e-50	1	6900	6900	0	3.349e+06	1.00e0	2.31e-53	4.62e-53	1.00e0	2.31e-53	4.62e-53
23	JASPAR2024_CORE_vertebrates_non-redundant.meme	MA0630.2	SHOX	TAATTR	3.91e-53	3.91e-53	3.43e-50	1	6900	6900	0	3.351e+06	1.00e0	3.91e-53	7.82e-53	1.00e0	3.91e-53	7.82e-53
24	JASPAR2024_CORE_vertebrates_non-redundant.meme	MA0881.2	Dlx4	YAATTA	6.42e-53	6.42e-53	5.65e-50	1	6900	6900	0	3.354e+06	1.00e0	6.42e-53	1.28e-52	1.00e0	6.42e-53	1.28e-52
25	JASPAR2024_CORE_vertebrates_non-redundant.meme	MA0681.3	PHOX2B	TAATCAAATTAW	1.84e-52	1.84e-52	1.62e-49	1	6900	6900	0	3.359e+06	1.00e0	1.84e-52	3.68e-52	1.00e0	1.84e-52	3.68e-52
26	JASPAR2024_CORE_vertebrates_non-redundant.meme	MA0634.2	ALX3	YAATTA	8.47e-52	8.47e-52	7.45e-49	1	6900	6900	0	3.367e+06	1.00e0	8.47e-52	1.69e-51	1.00e0	8.47e-52	1.69e-51
27	JASPAR2024_CORE_vertebrates_non-redundant.meme	MA0909.4	Hoxd13	CAATAAA	9.06e-52	9.06e-52	7.96e-49	1	6900	6900	0	3.368e+06	1.00e0	9.06e-52	1.81e-51	1.00e0	9.06e-52	1.81e-51
28	JASPAR2024_CORE_vertebrates_non-redundant.meme	MA0721.2	UNCX	YAATTA	1.16e-51	1.16e-51	1.02e-48	1	6900	6900	0	3.369e+06	1.00e0	1.16e-51	2.32e-51	1.00e0	1.16e-51	2.32e-51
29	JASPAR2024_CORE_vertebrates_non-redundant.meme	MA0465.3	CDX2	GCAATAAA	1.21e-51	1.21e-51	1.06e-48	1	6900	6900	0	3.369e+06	1.00e0	1.21e-51	2.41e-51	1.00e0	1.21e-51	2.41e-51
30	JASPAR2024_CORE_vertebrates_non-redundant.meme	MA0715.1	PROP1	TAATYWAATTA	2.19e-51	2.19e-51	1.92e-48	1	6900	6900	0	3.372e+06	1.00e0	2.19e-51	4.37e-51	1.00e0	2.19e-51	4.37e-51
31	JASPAR2024_CORE_vertebrates_non-redundant.meme	MA0717.2	RAX2	YAATTA	3.19e-51	3.19e-51	2.81e-48	1	6900	6900	0	3.374e+06	1.00e0	3.19e-51	6.38e-51	1.00e0	3.19e-51	6.38e-51
32	JASPAR2024_CORE_vertebrates_non-redundant.meme	MA0635.2	BARHL2	TAAAYG	3.44e-51	3.44e-51	3.02e-48	1	6900	6900	0	3.375e+06	1.00e0	3.44e-51	6.87e-51	1.00e0	3.44e-51	6.87e-51
33	JASPAR2024_CORE_vertebrates_non-redundant.meme	MA0722.2	VAX1	YTAATTA	4.36e-51	4.36e-51	3.83e-48	1	6900	6900	0	3.376e+06	1.00e0	4.36e-51	8.71e-51	1.00e0	4.36e-51	8.71e-51
34	JASPAR2024_CORE_vertebrates_non-redundant.meme	MA0868.3	SOX8	AACAATR	9.69e-51	9.69e-51	8.52e-48	1	6900	6900	0	3.380e+06	1.00e0	9.69e-51	1.94e-50	1.00e0	9.69e-51	1.94e-50
35	JASPAR2024_CORE_vertebrates_non-redundant.meme	MA1497.2	HOXA6	GYMATTA	1.93e-50	1.93e-50	1.70e-47	1	6900	6900	0	3.384e+06	1.00e0	1.93e-50	3.86e-50	1.00e0	1.93e-50	3.86e-50
36	JASPAR2024_CORE_vertebrates_non-redundant.meme	MA0699.2	LBX2	YAATTA	3.93e-50	3.93e-50	3.45e-47	1	6900	6900	0	3.387e+06	1.00e0	3.93e-50	7.86e-50	1.00e0	3.93e-50	7.86e-50
37	JASPAR2024_CORE_vertebrates_non-redundant.meme	MA0903.2	HOXB3	YMATTA	4.31e-50	4.31e-50	3.79e-47	1	6900	6900	0	3.388e+06	1.00e0	4.31e-50	8.62e-50	1.00e0	4.31e-50	8.62e-50
38	JASPAR2024_CORE_vertebrates_non-redundant.meme	MA0901.3	HOXB13	CCAATAAAA	7.33e-50	7.33e-50	6.44e-47	1	6900	6900	0	3.391e+06	1.00e0	7.33e-50	1.47e-49	1.00e0	7.33e-50	1.47e-49
39	JASPAR2024_CORE_vertebrates_non-redundant.meme	MA0789.1	POU3F4	TATGCWAAT	6.06e-49	6.06e-49	5.33e-46	1	6900	6900	0	3.402e+06	1.00e0	6.06e-49	1.21e-48	1.00e0	6.06e-49	1.21e-48
40	JASPAR2024_CORE_vertebrates_non-redundant.meme	MA0084.2	SRY	WAACAAT	7.72e-49	7.72e-49	6.79e-46	1	6900	6900	0	3.403e+06	1.00e0	7.72e-49	1.54e-48	1.00e0	7.72e-49	1.54e-48
41	JASPAR2024_CORE_vertebrates_non-redundant.meme	MA1115.2	POU5F1	ATGCAAA	9.77e-48	9.77e-48	8.58e-45	1	6900	6900	0	3.417e+06	1.00e0	9.77e-48	1.95e-47	1.00e0	9.77e-48	1.95e-47
42	JASPAR2024_CORE_vertebrates_non-redundant.meme	MA0882.2	DLX6	YAATTA	1.56e-47	1.56e-47	1.37e-44	1	6900	6900	0	3.420e+06	1.00e0	1.56e-47	3.11e-47	1.00e0	1.56e-47	3.11e-47
43	JASPAR2024_CORE_vertebrates_non-redundant.meme	MA0601.2	Arid3b	TATTAAT	2.01e-47	2.01e-47	1.77e-44	1	6900	6900	0	3.421e+06	1.00e0	2.01e-47	4.03e-47	1.00e0	2.01e-47	4.03e-47
44	JASPAR2024_CORE_vertebrates_non-redundant.meme	MA0662.2	MIXL1	YAATTA	6.03e-47	6.03e-47	5.30e-44	1	6900	6900	0	3.427e+06	1.00e0	6.03e-47	1.21e-46	1.00e0	6.03e-47	1.21e-46
45	JASPAR2024_CORE_vertebrates_non-redundant.meme	MA0125.2	Nobox	TAATTR	6.55e-47	6.55e-47	5.76e-44	1	6900	6900	0	3.428e+06	1.00e0	6.55e-47	1.31e-46	1.00e0	6.55e-47	1.31e-46
46	JASPAR2024_CORE_vertebrates_non-redundant.meme	MA0628.2	POU6F1	TAATTA	8.18e-47	8.18e-47	7.19e-44	1	6900	6900	0	3.429e+06	1.00e0	8.18e-47	1.64e-46	1.00e0	8.18e-47	1.64e-46
47	JASPAR2024_CORE_vertebrates_non-redundant.meme	MA1152.2	SOX15	CYWTTGT	3.32e-46	3.32e-46	2.92e-43	1	6900	6900	0	3.436e+06	1.00e0	3.32e-46	6.64e-46	1.00e0	3.32e-46	6.64e-46
48	JASPAR2024_CORE_vertebrates_non-redundant.meme	MA0627.3	POU2F3	TATGCAAAT	1.08e-45	1.08e-45	9.48e-43	1	6900	6900	0	3.443e+06	1.00e0	1.08e-45	2.16e-45	1.00e0	1.08e-45	2.16e-45
49	JASPAR2024_CORE_vertebrates_non-redundant.meme	MA0718.2	RAX	YAATTA	8.85e-45	8.85e-45	7.78e-42	1	6900	6900	0	3.455e+06	1.00e0	8.85e-45	1.77e-44	1.00e0	8.85e-45	1.77e-44
50	JASPAR2024_CORE_vertebrates_non-redundant.meme	MA0507.3	POU2F2	WTATGCAAATKAG	4.07e-44	4.07e-44	3.58e-41	1	6900	6900	0	3.463e+06	1.00e0	4.07e-44	8.14e-44	1.00e0	4.07e-44	8.14e-44
51	JASPAR2024_CORE_vertebrates_non-redundant.meme	MA0674.2	NKX6-1	TMATTAA	5.57e-44	5.57e-44	4.90e-41	1	6900	6900	0	3.465e+06	1.00e0	5.57e-44	1.11e-43	1.00e0	5.57e-44	1.11e-43
52	JASPAR2024_CORE_vertebrates_non-redundant.meme	MA0619.2	LIN54	TTTRAAT	8.04e-44	8.04e-44	7.07e-41	1	6900	6900	0	3.467e+06	1.00e0	8.04e-44	1.61e-43	1.00e0	8.04e-44	1.61e-43
53	JASPAR2024_CORE_vertebrates_non-redundant.meme	MA0905.2	HOXC10	GTCRTAAAA	1.14e-43	1.14e-43	1.00e-40	1	6900	6900	0	3.469e+06	1.00e0	1.14e-43	2.29e-43	1.00e0	1.14e-43	2.29e-43
54	JASPAR2024_CORE_vertebrates_non-redundant.meme	MA1962.1	POU2F1::SOX2	MATTTRCATMACAATRG	1.71e-43	1.71e-43	1.50e-40	1	6900	6900	0	3.472e+06	1.00e0	1.71e-43	3.42e-43	1.00e0	1.71e-43	3.42e-43
55	JASPAR2024_CORE_vertebrates_non-redundant.meme	MA0720.2	Shox2	YAATTA	2.10e-43	2.10e-43	1.85e-40	1	6900	6900	0	3.473e+06	1.00e0	2.10e-43	4.20e-43	1.00e0	2.10e-43	4.20e-43
56	JASPAR2024_CORE_vertebrates_non-redundant.meme	MA0913.3	HOXD9	GYMATAAAA	2.35e-43	2.35e-43	2.06e-40	1	6900	6900	0	3.473e+06	1.00e0	2.35e-43	4.70e-43	1.00e0	2.35e-43	4.70e-43
57	JASPAR2024_CORE_vertebrates_non-redundant.meme	MA0680.3	Pax7	TAATCAATTA	1.32e-42	1.32e-42	1.16e-39	1	6900	6900	0	3.483e+06	1.00e0	1.32e-42	2.65e-42	1.00e0	1.32e-42	2.65e-42
58	JASPAR2024_CORE_vertebrates_non-redundant.meme	MA0713.1	PHOX2A	TAATYYAATTA	2.03e-42	2.03e-42	1.79e-39	1	6900	6900	0	3.486e+06	1.00e0	2.03e-42	4.07e-42	1.00e0	2.03e-42	4.07e-42
59	JASPAR2024_CORE_vertebrates_non-redundant.meme	MA1963.2	SATB1	CTAATAA	4.07e-42	4.07e-42	3.58e-39	1	6900	6900	0	3.490e+06	1.00e0	4.07e-42	8.14e-42	1.00e0	4.07e-42	8.14e-42
60	JASPAR2024_CORE_vertebrates_non-redundant.meme	MA0700.3	LHX2	CAATTA	5.83e-42	5.83e-42	5.13e-39	1	6900	6900	0	3.492e+06	1.00e0	5.83e-42	1.17e-41	1.00e0	5.83e-42	1.17e-41
61	JASPAR2024_CORE_vertebrates_non-redundant.meme	MA0725.2	VSX1	YTAATTA	7.17e-42	7.17e-42	6.30e-39	1	6900	6900	0	3.493e+06	1.00e0	7.17e-42	1.43e-41	1.00e0	7.17e-42	1.43e-41
62	JASPAR2024_CORE_vertebrates_non-redundant.meme	MA0887.2	EVX1	TAATTA	3.15e-41	3.15e-41	2.77e-38	1	6900	6900	0	3.502e+06	1.00e0	3.15e-41	6.29e-41	1.00e0	3.15e-41	6.29e-41
63	JASPAR2024_CORE_vertebrates_non-redundant.meme	MA0650.4	Hoxa13	CCAATAAA	4.00e-41	4.00e-41	3.52e-38	1	6900	6900	0	3.503e+06	1.00e0	4.00e-41	8.00e-41	1.00e0	4.00e-41	8.00e-41
64	JASPAR2024_CORE_vertebrates_non-redundant.meme	MA0716.2	PRRX1	YAATTA	4.89e-41	4.89e-41	4.30e-38	1	6900	6900	0	3.504e+06	1.00e0	4.89e-41	9.78e-41	1.00e0	4.89e-41	9.78e-41
65	JASPAR2024_CORE_vertebrates_non-redundant.meme	MA0704.2	Lhx4	TAATTA	6.30e-41	6.30e-41	5.54e-38	1	6900	6900	0	3.506e+06	1.00e0	6.30e-41	1.26e-40	1.00e0	6.30e-41	1.26e-40
66	JASPAR2024_CORE_vertebrates_non-redundant.meme	MA0654.2	ISX	YAATTA	6.88e-41	6.88e-41	6.05e-38	1	6900	6900	0	3.506e+06	1.00e0	6.88e-41	1.38e-40	1.00e0	6.88e-41	1.38e-40
67	JASPAR2024_CORE_vertebrates_non-redundant.meme	MA0845.1	FOXB1	WATGTAAATAT	7.64e-41	7.64e-41	6.71e-38	1	6900	6900	0	3.507e+06	1.00e0	7.64e-41	1.53e-40	1.00e0	7.64e-41	1.53e-40
68	JASPAR2024_CORE_vertebrates_non-redundant.meme	MA0077.2	SOX9	CYATTGTT	1.00e-40	1.00e-40	8.83e-38	1	6900	6900	0	3.509e+06	1.00e0	1.00e-40	2.01e-40	1.00e0	1.00e-40	2.01e-40
69	JASPAR2024_CORE_vertebrates_non-redundant.meme	MA0888.2	EVX2	TAATTA	1.02e-40	1.02e-40	8.95e-38	1	6900	6900	0	3.509e+06	1.00e0	1.02e-40	2.04e-40	1.00e0	1.02e-40	2.04e-40
70	JASPAR2024_CORE_vertebrates_non-redundant.meme	MA0135.2	Lhx3	WAATTAATTAWY	2.15e-40	2.15e-40	1.89e-37	1	6900	6900	0	3.513e+06	1.00e0	2.15e-40	4.30e-40	1.00e0	2.15e-40	4.30e-40
71	JASPAR2024_CORE_vertebrates_non-redundant.meme	MA0497.2	MEF2C	CYAAAAATAGM	2.21e-40	2.21e-40	1.94e-37	1	6900	6900	0	3.513e+06	1.00e0	2.21e-40	4.42e-40	1.00e0	2.21e-40	4.42e-40
72	JASPAR2024_CORE_vertebrates_non-redundant.meme	MA0784.3	POU1F1	CTMATTWGCATAWT	4.21e-40	4.21e-40	3.70e-37	1	6900	6900	0	3.517e+06	1.00e0	4.21e-40	8.42e-40	1.00e0	4.21e-40	8.42e-40
73	JASPAR2024_CORE_vertebrates_non-redundant.meme	MA0879.3	DLX1	YAATTA	7.97e-40	7.97e-40	7.01e-37	1	6900	6900	0	3.521e+06	1.00e0	7.97e-40	1.59e-39	1.00e0	7.97e-40	1.59e-39
74	JASPAR2024_CORE_vertebrates_non-redundant.meme	MA0683.2	POU4F2	TGCATAATTAATGAG	2.15e-39	2.15e-39	1.89e-36	1	6900	6900	0	3.527e+06	1.00e0	2.15e-39	4.30e-39	1.00e0	2.15e-39	4.30e-39
75	JASPAR2024_CORE_vertebrates_non-redundant.meme	MA1505.2	HOXC8	TAATTA	6.22e-39	6.22e-39	5.47e-36	1	6900	6900	0	3.533e+06	1.00e0	6.22e-39	1.24e-38	1.00e0	6.22e-39	1.24e-38
76	JASPAR2024_CORE_vertebrates_non-redundant.meme	MA0142.1	Pou5f1::Sox2	CWTTGTYATGCAAAT	6.47e-39	6.47e-39	5.68e-36	1	6900	6900	0	3.533e+06	1.00e0	6.47e-39	1.29e-38	1.00e0	6.47e-39	1.29e-38
77	JASPAR2024_CORE_vertebrates_non-redundant.meme	MA0594.3	HOXA9	RTCGTWA	1.36e-38	1.36e-38	1.19e-35	1	6900	6900	0	3.538e+06	1.00e0	1.36e-38	2.72e-38	1.00e0	1.36e-38	2.72e-38
78	JASPAR2024_CORE_vertebrates_non-redundant.meme	MA0890.2	GBX2	YAATTA	2.28e-38	2.28e-38	2.01e-35	1	6900	6900	0	3.541e+06	1.00e0	2.28e-38	4.56e-38	1.00e0	2.28e-38	4.56e-38
79	JASPAR2024_CORE_vertebrates_non-redundant.meme	MA0911.2	Hoxa11	GTCGTAAAA	8.69e-38	8.69e-38	7.64e-35	1	6900	6900	0	3.549e+06	1.00e0	8.69e-38	1.74e-37	1.00e0	8.69e-38	1.74e-37
80	JASPAR2024_CORE_vertebrates_non-redundant.meme	MA0151.1	Arid3a	ATYAAA	2.65e-37	2.65e-37	2.33e-34	1	6900	6900	0	3.556e+06	1.00e0	2.65e-37	5.31e-37	1.00e0	2.65e-37	5.31e-37
81	JASPAR2024_CORE_vertebrates_non-redundant.meme	MA0032.2	FOXC1	WAWGTAAAYAW	3.06e-37	3.06e-37	2.69e-34	1	6900	6900	0	3.557e+06	1.00e0	3.06e-37	6.12e-37	1.00e0	3.06e-37	6.12e-37
82	JASPAR2024_CORE_vertebrates_non-redundant.meme	MA0877.4	BARHL1	CGTTTA	6.07e-37	6.07e-37	5.34e-34	1	6900	6900	0	3.561e+06	1.00e0	6.07e-37	1.21e-36	1.00e0	6.07e-37	1.21e-36
83	JASPAR2024_CORE_vertebrates_non-redundant.meme	MA0709.2	Msx3	CAATTA	9.40e-37	9.40e-37	8.26e-34	1	6900	6900	0	3.564e+06	1.00e0	9.40e-37	1.88e-36	1.00e0	9.40e-37	1.88e-36
84	JASPAR2024_CORE_vertebrates_non-redundant.meme	MA0726.2	VSX2	CTAATTA	9.55e-37	9.55e-37	8.40e-34	1	6900	6900	0	3.564e+06	1.00e0	9.55e-37	1.91e-36	1.00e0	9.55e-37	1.91e-36
85	JASPAR2024_CORE_vertebrates_non-redundant.meme	MA1125.2	ZNF384	AAAAAAAA	1.11e-36	1.11e-36	9.73e-34	1	6900	6900	0	3.565e+06	1.00e0	1.11e-36	2.21e-36	1.00e0	1.11e-36	2.21e-36
86	JASPAR2024_CORE_vertebrates_non-redundant.meme	MA1120.2	SOX13	ACAATGG	8.80e-36	8.80e-36	7.73e-33	1	6900	6900	0	3.578e+06	1.00e0	8.80e-36	1.76e-35	1.00e0	8.80e-36	1.76e-35
87	JASPAR2024_CORE_vertebrates_non-redundant.meme	MA0041.3	FOXD3	WAWGHAAATAAACA	1.44e-35	1.44e-35	1.26e-32	1	6900	6900	0	3.581e+06	1.00e0	1.44e-35	2.87e-35	1.00e0	1.44e-35	2.87e-35
88	JASPAR2024_CORE_vertebrates_non-redundant.meme	MA0908.2	HOXD11	RTCGTAAAA	4.13e-35	4.13e-35	3.63e-32	1	6900	6900	0	3.588e+06	1.00e0	4.13e-35	8.27e-35	1.00e0	4.13e-35	8.27e-35
89	JASPAR2024_CORE_vertebrates_non-redundant.meme	MA0679.3	ONECUT1	AAATCAATA	4.97e-35	4.97e-35	4.37e-32	1	6900	6900	0	3.589e+06	1.00e0	4.97e-35	9.94e-35	1.00e0	4.97e-35	9.94e-35
90	JASPAR2024_CORE_vertebrates_non-redundant.meme	MA0878.3	CDX1	GGYMATAAAA	4.84e-34	4.84e-34	4.25e-31	1	6900	6900	0	3.604e+06	1.00e0	4.84e-34	9.67e-34	1.00e0	4.84e-34	9.67e-34
91	JASPAR2024_CORE_vertebrates_non-redundant.meme	MA1473.2	CDX4	GYMATAAAA	6.49e-34	6.49e-34	5.71e-31	1	6900	6900	0	3.606e+06	1.00e0	6.49e-34	1.30e-33	1.00e0	6.49e-34	1.30e-33
92	JASPAR2024_CORE_vertebrates_non-redundant.meme	MA0886.2	EMX2	TAATTA	8.71e-34	8.71e-34	7.66e-31	1	6900	6900	0	3.608e+06	1.00e0	8.71e-34	1.74e-33	1.00e0	8.71e-34	1.74e-33
93	JASPAR2024_CORE_vertebrates_non-redundant.meme	MA0757.2	ONECUT3	AAAAATCRATAA	1.14e-33	1.14e-33	1.00e-30	1	6900	6900	0	3.609e+06	1.00e0	1.14e-33	2.27e-33	1.00e0	1.14e-33	2.27e-33
94	JASPAR2024_CORE_vertebrates_non-redundant.meme	MA0046.3	HNF1A	RTTAATNATTAAC	1.26e-33	1.26e-33	1.11e-30	1	6900	6900	0	3.610e+06	1.00e0	1.26e-33	2.52e-33	1.00e0	1.26e-33	2.52e-33
95	JASPAR2024_CORE_vertebrates_non-redundant.meme	MA0068.2	PAX4	CTAATTAG	1.47e-33	1.47e-33	1.29e-30	1	6900	6900	0	3.611e+06	1.00e0	1.47e-33	2.93e-33	1.00e0	1.47e-33	2.93e-33
96	JASPAR2024_CORE_vertebrates_non-redundant.meme	MA0703.3	LMX1B	TTAATTAA	1.53e-33	1.53e-33	1.35e-30	1	6900	6900	0	3.611e+06	1.00e0	1.53e-33	3.06e-33	1.00e0	1.53e-33	3.06e-33
97	JASPAR2024_CORE_vertebrates_non-redundant.meme	MA0710.2	NOTO	YTAATTA	1.57e-33	1.57e-33	1.38e-30	1	6900	6900	0	3.611e+06	1.00e0	1.57e-33	3.13e-33	1.00e0	1.57e-33	3.13e-33
98	JASPAR2024_CORE_vertebrates_non-redundant.meme	MA0914.2	ISL2	CAMTTA	1.58e-33	1.58e-33	1.39e-30	1	6900	6900	0	3.611e+06	1.00e0	1.58e-33	3.15e-33	1.00e0	1.58e-33	3.15e-33
99	JASPAR2024_CORE_vertebrates_non-redundant.meme	MA0895.2	HMBOX1	TAGTTAM	3.78e-33	3.78e-33	3.33e-30	1	6900	6900	0	3.617e+06	1.00e0	3.78e-33	7.57e-33	1.00e0	3.78e-33	7.57e-33
100	JASPAR2024_CORE_vertebrates_non-redundant.meme	MA0143.5	SOX2	ACAATGG	7.46e-33	7.46e-33	6.56e-30	1	6900	6900	0	3.622e+06	1.00e0	7.46e-33	1.49e-32	1.00e0	7.46e-33	1.49e-32
101	JASPAR2024_CORE_vertebrates_non-redundant.meme	MA1496.2	HOXA4	RTMATTA	1.30e-32	1.30e-32	1.14e-29	1	6900	6900	0	3.625e+06	1.00e0	1.30e-32	2.59e-32	1.00e0	1.30e-32	2.59e-32
102	JASPAR2024_CORE_vertebrates_non-redundant.meme	MA0153.2	HNF1B	GTTAATNATTAAY	1.68e-32	1.68e-32	1.47e-29	1	6900	6900	0	3.627e+06	1.00e0	1.68e-32	3.35e-32	1.00e0	1.68e-32	3.35e-32
103	JASPAR2024_CORE_vertebrates_non-redundant.meme	MA0706.2	MEOX2	STAATTA	6.61e-32	6.61e-32	5.81e-29	1	6900	6900	0	3.636e+06	1.00e0	6.61e-32	1.32e-31	1.00e0	6.61e-32	1.32e-31
104	JASPAR2024_CORE_vertebrates_non-redundant.meme	MA1608.2	Isl1	CCATTAG	6.84e-32	6.84e-32	6.01e-29	1	6900	6900	0	3.636e+06	1.00e0	6.84e-32	1.37e-31	1.00e0	6.84e-32	1.37e-31
105	JASPAR2024_CORE_vertebrates_non-redundant.meme	MA0132.3	PDX1	YAATTA	1.09e-31	1.09e-31	9.62e-29	1	6900	6900	0	3.640e+06	1.00e0	1.09e-31	2.19e-31	1.00e0	1.09e-31	2.19e-31
106	JASPAR2024_CORE_vertebrates_non-redundant.meme	MA0876.2	BSX	YVATTA	1.38e-31	1.38e-31	1.21e-28	1	6900	6900	0	3.641e+06	1.00e0	1.38e-31	2.76e-31	1.00e0	1.38e-31	2.76e-31
107	JASPAR2024_CORE_vertebrates_non-redundant.meme	MA0514.3	Sox3	ACAATGG	2.26e-31	2.26e-31	1.99e-28	1	6900	6900	0	3.644e+06	1.00e0	2.26e-31	4.52e-31	1.00e0	2.26e-31	4.52e-31
108	JASPAR2024_CORE_vertebrates_non-redundant.meme	MA1500.2	HOXB6	TAATKRC	2.49e-31	2.49e-31	2.19e-28	1	6900	6900	0	3.645e+06	1.00e0	2.49e-31	4.98e-31	1.00e0	2.49e-31	4.98e-31
109	JASPAR2024_CORE_vertebrates_non-redundant.meme	MA1113.3	PBX2	CATAAATCA	4.22e-31	4.22e-31	3.71e-28	1	6900	6900	0	3.649e+06	1.00e0	4.22e-31	8.44e-31	1.00e0	4.22e-31	8.44e-31
110	JASPAR2024_CORE_vertebrates_non-redundant.meme	MA0780.1	PAX3	TAATYRATTA	5.33e-31	5.33e-31	4.69e-28	1	6900	6900	0	3.650e+06	1.00e0	5.33e-31	1.07e-30	1.00e0	5.33e-31	1.07e-30
111	JASPAR2024_CORE_vertebrates_non-redundant.meme	MA2335.1	ZNF558	AWTTGATGAAAGACATRAATMTACAVATY	9.43e-31	9.43e-31	8.29e-28	1	6900	6900	0	3.654e+06	1.00e0	9.43e-31	1.89e-30	1.00e0	9.43e-31	1.89e-30
112	JASPAR2024_CORE_vertebrates_non-redundant.meme	MA0897.2	Hmx2	AAGCAATTAAHVVRT	1.45e-30	1.45e-30	1.27e-27	1	6900	6900	0	3.657e+06	1.00e0	1.45e-30	2.89e-30	1.00e0	1.45e-30	2.89e-30
113	JASPAR2024_CORE_vertebrates_non-redundant.meme	MA1504.2	HOXC4	TMATTA	1.46e-30	1.46e-30	1.28e-27	1	6900	6900	0	3.657e+06	1.00e0	1.46e-30	2.91e-30	1.00e0	1.46e-30	2.91e-30
114	JASPAR2024_CORE_vertebrates_non-redundant.meme	MA0621.2	mix-a	TTAATTA	2.37e-30	2.37e-30	2.09e-27	1	6900	6900	0	3.660e+06	1.00e0	2.37e-30	4.75e-30	1.00e0	2.37e-30	4.75e-30
115	JASPAR2024_CORE_vertebrates_non-redundant.meme	MA0894.2	HESX1	TAATTR	3.79e-30	3.79e-30	3.33e-27	1	6900	6900	0	3.664e+06	1.00e0	3.79e-30	7.57e-30	1.00e0	3.79e-30	7.57e-30
116	JASPAR2024_CORE_vertebrates_non-redundant.meme	MA1640.2	MEIS2	TGATTTATG	3.96e-30	3.96e-30	3.48e-27	1	6900	6900	0	3.664e+06	1.00e0	3.96e-30	7.91e-30	1.00e0	3.96e-30	7.91e-30
117	JASPAR2024_CORE_vertebrates_non-redundant.meme	MA0875.2	BARX1	CMATTA	5.65e-30	5.65e-30	4.96e-27	1	6900	6900	0	3.666e+06	1.00e0	5.65e-30	1.13e-29	1.00e0	5.65e-30	1.13e-29
118	JASPAR2024_CORE_vertebrates_non-redundant.meme	MA1974.2	ZNF211	YATATACCAY	8.27e-30	8.27e-30	7.27e-27	1	6900	6900	0	3.669e+06	1.00e0	8.27e-30	1.65e-29	1.00e0	8.27e-30	1.65e-29
119	JASPAR2024_CORE_vertebrates_non-redundant.meme	MA0898.2	Hmx3	AGCAATTAA	2.10e-29	2.10e-29	1.85e-26	1	6900	6900	0	3.676e+06	1.00e0	2.10e-29	4.20e-29	1.00e0	2.10e-29	4.20e-29
120	JASPAR2024_CORE_vertebrates_non-redundant.meme	MA0031.2	FOXD1	GTAAACA	2.25e-29	2.25e-29	1.98e-26	1	6900	6900	0	3.676e+06	1.00e0	2.25e-29	4.51e-29	1.00e0	2.25e-29	4.51e-29
121	JASPAR2024_CORE_vertebrates_non-redundant.meme	MA0040.2	Foxq1	ATTGTTTATW	4.75e-29	4.75e-29	4.17e-26	1	6900	6900	0	3.681e+06	1.00e0	4.75e-29	9.49e-29	1.00e0	4.75e-29	9.49e-29
122	JASPAR2024_CORE_vertebrates_non-redundant.meme	MA1507.2	HOXD4	TMATTA	5.89e-29	5.89e-29	5.18e-26	1	6900	6900	0	3.683e+06	1.00e0	5.89e-29	1.18e-28	1.00e0	5.89e-29	1.18e-28
123	JASPAR2024_CORE_vertebrates_non-redundant.meme	MA0027.3	EN1	YAATTA	6.17e-29	6.17e-29	5.42e-26	1	6900	6900	0	3.683e+06	1.00e0	6.17e-29	1.23e-28	1.00e0	6.17e-29	1.23e-28
124	JASPAR2024_CORE_vertebrates_non-redundant.meme	MA0902.3	HOXB2	YAATTA	7.42e-29	7.42e-29	6.53e-26	1	6900	6900	0	3.685e+06	1.00e0	7.42e-29	1.48e-28	1.00e0	7.42e-29	1.48e-28
125	JASPAR2024_CORE_vertebrates_non-redundant.meme	MA1607.2	Foxl2	WATGTAAACA	1.03e-28	1.03e-28	9.08e-26	1	6900	6900	0	3.687e+06	1.00e0	1.03e-28	2.07e-28	1.00e0	1.03e-28	2.07e-28
126	JASPAR2024_CORE_vertebrates_non-redundant.meme	MA0087.3	Sox5	AACAATGG	1.05e-28	1.05e-28	9.25e-26	1	6900	6900	0	3.687e+06	1.00e0	1.05e-28	2.11e-28	1.00e0	1.05e-28	2.11e-28
127	JASPAR2024_CORE_vertebrates_non-redundant.meme	MA1603.2	Dmrt1	TACAAAGTA	1.39e-28	1.39e-28	1.22e-25	1	6900	6900	0	3.689e+06	1.00e0	1.39e-28	2.78e-28	1.00e0	1.39e-28	2.78e-28
128	JASPAR2024_CORE_vertebrates_non-redundant.meme	MA0846.2	FOXC2	WAWGTAAACAW	1.52e-28	1.52e-28	1.33e-25	1	6900	6900	0	3.690e+06	1.00e0	1.52e-28	3.04e-28	1.00e0	1.52e-28	3.04e-28
129	JASPAR2024_CORE_vertebrates_non-redundant.meme	MA0148.5	FOXA1	GTAAACAT	1.87e-28	1.87e-28	1.64e-25	1	6900	6900	0	3.691e+06	1.00e0	1.87e-28	3.74e-28	1.00e0	1.87e-28	3.74e-28
130	JASPAR2024_CORE_vertebrates_non-redundant.meme	MA0854.2	Alx1	YTAATTAR	7.33e-28	7.33e-28	6.44e-25	1	6900	6900	0	3.701e+06	1.00e0	7.33e-28	1.47e-27	1.00e0	7.33e-28	1.47e-27
131	JASPAR2024_CORE_vertebrates_non-redundant.meme	MA0896.2	Hmx1	AGCAATTAA	9.47e-28	9.47e-28	8.33e-25	1	6900	6900	0	3.703e+06	1.00e0	9.47e-28	1.89e-27	1.00e0	9.47e-28	1.89e-27
132	JASPAR2024_CORE_vertebrates_non-redundant.meme	MA1499.2	HOXB4	TMATTA	1.74e-27	1.74e-27	1.53e-24	1	6900	6900	0	3.707e+06	1.00e0	1.74e-27	3.48e-27	1.00e0	1.74e-27	3.48e-27
133	JASPAR2024_CORE_vertebrates_non-redundant.meme	MA0874.2	Arx	CRYTAATTAR	1.97e-27	1.97e-27	1.73e-24	1	6900	6900	0	3.708e+06	1.00e0	1.97e-27	3.93e-27	1.00e0	1.97e-27	3.93e-27
134	JASPAR2024_CORE_vertebrates_non-redundant.meme	MA0906.2	HOXC12	RGTCGTAAAA	5.51e-27	5.51e-27	4.85e-24	1	6900	6900	0	3.716e+06	1.00e0	5.51e-27	1.10e-26	1.00e0	5.51e-27	1.10e-26
135	JASPAR2024_CORE_vertebrates_non-redundant.meme	MA0613.1	FOXG1	RTAAACAW	1.06e-26	1.06e-26	9.28e-24	1	6900	6900	0	3.720e+06	1.00e0	1.06e-26	2.11e-26	1.00e0	1.06e-26	2.11e-26
136	JASPAR2024_CORE_vertebrates_non-redundant.meme	MA1577.2	TLX2	YAATTA	1.23e-26	1.23e-26	1.08e-23	1	6900	6900	0	3.721e+06	1.00e0	1.23e-26	2.46e-26	1.00e0	1.23e-26	2.46e-26
137	JASPAR2024_CORE_vertebrates_non-redundant.meme	MA0612.3	EMX1	TAATTA	1.62e-26	1.62e-26	1.42e-23	1	6900	6900	0	3.723e+06	1.00e0	1.62e-26	3.23e-26	1.00e0	1.62e-26	3.23e-26
138	JASPAR2024_CORE_vertebrates_non-redundant.meme	MA1606.2	Foxf1	RTAAACA	2.26e-26	2.26e-26	1.99e-23	1	6900	6900	0	3.726e+06	1.00e0	2.26e-26	4.52e-26	1.00e0	2.26e-26	4.52e-26
139	JASPAR2024_CORE_vertebrates_non-redundant.meme	MA1495.2	HOXA1	TAATTA	2.54e-26	2.54e-26	2.23e-23	1	6900	6900	0	3.727e+06	1.00e0	2.54e-26	5.08e-26	1.00e0	2.54e-26	5.08e-26
140	JASPAR2024_CORE_vertebrates_non-redundant.meme	MA0910.3	HOXD8	GYMATTA	2.85e-26	2.85e-26	2.51e-23	1	6900	6900	0	3.728e+06	1.00e0	2.85e-26	5.70e-26	1.00e0	2.85e-26	5.70e-26
141	JASPAR2024_CORE_vertebrates_non-redundant.meme	MA0900.3	HOXA2	TAATTA	3.13e-26	3.13e-26	2.75e-23	1	6900	6900	0	3.728e+06	1.00e0	3.13e-26	6.25e-26	1.00e0	3.13e-26	6.25e-26
142	JASPAR2024_CORE_vertebrates_non-redundant.meme	MA0025.3	NFIL3	TTATGYAAT	3.29e-26	3.29e-26	2.89e-23	1	6900	6900	0	3.729e+06	1.00e0	3.29e-26	6.57e-26	1.00e0	3.29e-26	6.57e-26
143	JASPAR2024_CORE_vertebrates_non-redundant.meme	MA0904.3	HOXB5	TAATTA	3.48e-26	3.48e-26	3.06e-23	1	6900	6900	0	3.729e+06	1.00e0	3.48e-26	6.96e-26	1.00e0	3.48e-26	6.96e-26
144	JASPAR2024_CORE_vertebrates_non-redundant.meme	MA0893.3	GSX2	SYMATTA	5.39e-26	5.39e-26	4.74e-23	1	6900	6900	0	3.732e+06	1.00e0	5.39e-26	1.08e-25	1.00e0	5.39e-26	1.08e-25
145	JASPAR2024_CORE_vertebrates_non-redundant.meme	MA1502.2	HOXB8	GYMATTA	6.60e-26	6.60e-26	5.80e-23	1	6900	6900	0	3.734e+06	1.00e0	6.60e-26	1.32e-25	1.00e0	6.60e-26	1.32e-25
146	JASPAR2024_CORE_vertebrates_non-redundant.meme	MA1481.2	DRGX	YAATTA	6.62e-26	6.62e-26	5.82e-23	1	6900	6900	0	3.734e+06	1.00e0	6.62e-26	1.32e-25	1.00e0	6.62e-26	1.32e-25
147	JASPAR2024_CORE_vertebrates_non-redundant.meme	MA1463.2	ARGFX	CTAATTAR	1.91e-25	1.91e-25	1.68e-22	1	6900	6900	0	3.742e+06	1.00e0	1.91e-25	3.82e-25	1.00e0	1.91e-25	3.82e-25
148	JASPAR2024_CORE_vertebrates_non-redundant.meme	MA0889.2	GBX1	CYAATTA	6.64e-25	6.64e-25	5.83e-22	1	6900	6900	0	3.751e+06	1.00e0	6.64e-25	1.33e-24	1.00e0	6.64e-25	1.33e-24
149	JASPAR2024_CORE_vertebrates_non-redundant.meme	MA0468.1	DUX4	TAAYYYAATCA	6.74e-25	6.74e-25	5.92e-22	1	6900	6900	0	3.752e+06	1.00e0	6.74e-25	1.35e-24	1.00e0	6.74e-25	1.35e-24
150	JASPAR2024_CORE_vertebrates_non-redundant.meme	MA0891.2	GSC2	TAATCC	9.80e-25	9.80e-25	8.61e-22	1	6900	6900	0	3.754e+06	1.00e0	9.80e-25	1.96e-24	1.00e0	9.80e-25	1.96e-24
151	JASPAR2024_CORE_vertebrates_non-redundant.meme	MA1530.2	NKX6-3	VYCATTAW	1.57e-24	1.57e-24	1.38e-21	1	6900	6900	0	3.758e+06	1.00e0	1.57e-24	3.14e-24	1.00e0	1.57e-24	3.14e-24
152	JASPAR2024_CORE_vertebrates_non-redundant.meme	MA1633.2	BACH1	ATGACTCAT	1.90e-24	1.90e-24	1.67e-21	1	6900	6900	0	3.759e+06	1.00e0	1.90e-24	3.80e-24	1.00e0	1.90e-24	3.80e-24
153	JASPAR2024_CORE_vertebrates_non-redundant.meme	MA0606.3	Nfat5	ATGGAAAA	2.12e-24	2.12e-24	1.87e-21	1	6900	6900	0	3.760e+06	1.00e0	2.12e-24	4.25e-24	1.00e0	2.12e-24	4.25e-24
154	JASPAR2024_CORE_vertebrates_non-redundant.meme	MA0642.3	EN2	SYAATTA	2.75e-24	2.75e-24	2.42e-21	1	6900	6900	0	3.762e+06	1.00e0	2.75e-24	5.50e-24	1.00e0	2.75e-24	5.50e-24
155	JASPAR2024_CORE_vertebrates_non-redundant.meme	MA1142.2	FOSL1::JUND	RTGACTCA	7.75e-24	7.75e-24	6.81e-21	1	6900	6900	0	3.770e+06	1.00e0	7.75e-24	1.55e-23	1.00e0	7.75e-24	1.55e-23
156	JASPAR2024_CORE_vertebrates_non-redundant.meme	MA0867.3	SOX4	AACAAAGR	8.30e-24	8.30e-24	7.29e-21	1	6900	6900	0	3.771e+06	1.00e0	8.30e-24	1.66e-23	1.00e0	8.30e-24	1.66e-23
157	JASPAR2024_CORE_vertebrates_non-redundant.meme	MA0847.4	FOXD2	YTAARYAAACA	1.06e-23	1.06e-23	9.35e-21	1	6900	6900	0	3.773e+06	1.00e0	1.06e-23	2.13e-23	1.00e0	1.06e-23	2.13e-23
158	JASPAR2024_CORE_vertebrates_non-redundant.meme	MA1489.1	FOXN3	GTAAACAA	2.00e-23	2.00e-23	1.76e-20	1	6900	6900	0	3.778e+06	1.00e0	2.00e-23	4.00e-23	1.00e0	2.00e-23	4.00e-23
159	JASPAR2024_CORE_vertebrates_non-redundant.meme	MA0122.4	Nkx3-2	AAMCACTTAA	2.42e-23	2.42e-23	2.12e-20	1	6900	6900	0	3.779e+06	1.00e0	2.42e-23	4.83e-23	1.00e0	2.42e-23	4.83e-23
160	JASPAR2024_CORE_vertebrates_non-redundant.meme	MA1563.2	SOX18	AACAATDV	2.65e-23	2.65e-23	2.33e-20	1	6900	6900	0	3.780e+06	1.00e0	2.65e-23	5.29e-23	1.00e0	2.65e-23	5.29e-23
161	JASPAR2024_CORE_vertebrates_non-redundant.meme	MA0769.3	TCF7	CTTTGAW	5.22e-23	5.22e-23	4.59e-20	1	6900	6900	0	3.785e+06	1.00e0	5.22e-23	1.04e-22	1.00e0	5.22e-23	1.04e-22
162	JASPAR2024_CORE_vertebrates_non-redundant.meme	MA0078.3	Sox17	AGAACAATGG	6.25e-23	6.25e-23	5.49e-20	1	6900	6900	0	3.787e+06	1.00e0	6.25e-23	1.25e-22	1.00e0	6.25e-23	1.25e-22
163	JASPAR2024_CORE_vertebrates_non-redundant.meme	MA0755.2	CUX2	TRATCGATA	6.28e-23	6.28e-23	5.52e-20	1	6900	6900	0	3.787e+06	1.00e0	6.28e-23	1.26e-22	1.00e0	6.28e-23	1.26e-22
164	JASPAR2024_CORE_vertebrates_non-redundant.meme	MA0644.3	ESX1	YYAATTA	8.85e-23	8.85e-23	7.78e-20	1	6900	6900	0	3.790e+06	1.00e0	8.85e-23	1.77e-22	1.00e0	8.85e-23	1.77e-22
165	JASPAR2024_CORE_vertebrates_non-redundant.meme	MA0611.3	Dux	TGATTBAATCA	9.02e-23	9.02e-23	7.92e-20	1	6900	6900	0	3.790e+06	1.00e0	9.02e-23	1.80e-22	1.00e0	9.02e-23	1.80e-22
166	JASPAR2024_CORE_vertebrates_non-redundant.meme	MA1479.2	DMRTC2	AATTGMTACAT	1.01e-22	1.01e-22	8.90e-20	1	6900	6900	0	3.791e+06	1.00e0	1.01e-22	2.03e-22	1.00e0	1.01e-22	2.03e-22
167	JASPAR2024_CORE_vertebrates_non-redundant.meme	MA0907.2	HOXC13	CTCGTAAAA	1.04e-22	1.04e-22	9.10e-20	1	6900	6900	0	3.791e+06	1.00e0	1.04e-22	2.07e-22	1.00e0	1.04e-22	2.07e-22
168	JASPAR2024_CORE_vertebrates_non-redundant.meme	MA1103.3	FOXK2	GTAAACA	1.48e-22	1.48e-22	1.30e-19	1	6900	6900	0	3.794e+06	1.00e0	1.48e-22	2.97e-22	1.00e0	1.48e-22	2.97e-22
169	JASPAR2024_CORE_vertebrates_non-redundant.meme	MA1487.3	FOXE1	YTAAAYAAACAA	2.56e-22	2.56e-22	2.25e-19	1	6900	6900	0	3.798e+06	1.00e0	2.56e-22	5.13e-22	1.00e0	2.56e-22	5.13e-22
170	JASPAR2024_CORE_vertebrates_non-redundant.meme	MA0075.4	PRRX2	CTAATTA	2.56e-22	2.56e-22	2.25e-19	1	6900	6900	0	3.798e+06	1.00e0	2.56e-22	5.13e-22	1.00e0	2.56e-22	5.13e-22
171	JASPAR2024_CORE_vertebrates_non-redundant.meme	MA1639.2	MEIS1	CATMAATCA	2.66e-22	2.66e-22	2.34e-19	1	6900	6900	0	3.799e+06	1.00e0	2.66e-22	5.32e-22	1.00e0	2.66e-22	5.32e-22
172	JASPAR2024_CORE_vertebrates_non-redundant.meme	MA0666.3	MSX1	CAATTA	2.77e-22	2.77e-22	2.44e-19	1	6900	6900	0	3.799e+06	1.00e0	2.77e-22	5.55e-22	1.00e0	2.77e-22	5.55e-22
173	JASPAR2024_CORE_vertebrates_non-redundant.meme	MA0873.2	HOXD12	RGTCGTAAAA	3.14e-22	3.14e-22	2.76e-19	1	6900	6900	0	3.800e+06	1.00e0	3.14e-22	6.28e-22	1.00e0	3.14e-22	6.28e-22
174	JASPAR2024_CORE_vertebrates_non-redundant.meme	MA0481.4	FOXP1	GTAAACA	3.62e-22	3.62e-22	3.18e-19	1	6900	6900	0	3.801e+06	1.00e0	3.62e-22	7.23e-22	1.00e0	3.62e-22	7.23e-22
175	JASPAR2024_CORE_vertebrates_non-redundant.meme	MA1562.2	SOX14	CGAACAATG	3.73e-22	3.73e-22	3.27e-19	1	6900	6900	0	3.801e+06	1.00e0	3.73e-22	7.45e-22	1.00e0	3.73e-22	7.45e-22
176	JASPAR2024_CORE_vertebrates_non-redundant.meme	MA1636.2	CEBPG	ATGATGCAAT	4.76e-22	4.76e-22	4.18e-19	1	6900	6900	0	3.803e+06	1.00e0	4.76e-22	9.52e-22	1.00e0	4.76e-22	9.52e-22
177	JASPAR2024_CORE_vertebrates_non-redundant.meme	MA0708.3	MSX2	CAATTA	6.33e-22	6.33e-22	5.56e-19	1	6900	6900	0	3.806e+06	1.00e0	6.33e-22	1.27e-21	1.00e0	6.33e-22	1.27e-21
178	JASPAR2024_CORE_vertebrates_non-redundant.meme	MA0853.2	Alx4	CGCRYTAATTAR	1.35e-21	1.35e-21	1.18e-18	1	6900	6900	0	3.812e+06	1.00e0	1.35e-21	2.69e-21	1.00e0	1.35e-21	2.69e-21
179	JASPAR2024_CORE_vertebrates_non-redundant.meme	MA0772.2	IRF7	CGAAARYGAAAVT	1.36e-21	1.36e-21	1.19e-18	1	6900	6900	0	3.812e+06	1.00e0	1.36e-21	2.71e-21	1.00e0	1.36e-21	2.71e-21
180	JASPAR2024_CORE_vertebrates_non-redundant.meme	MA1476.3	Dlx5	GCAATTAG	1.56e-21	1.56e-21	1.37e-18	1	6900	6900	0	3.813e+06	1.00e0	1.56e-21	3.12e-21	1.00e0	1.56e-21	3.12e-21
181	JASPAR2024_CORE_vertebrates_non-redundant.meme	MA0702.3	LMX1A	TTAATTA	1.60e-21	1.60e-21	1.41e-18	1	6900	6900	0	3.813e+06	1.00e0	1.60e-21	3.20e-21	1.00e0	1.60e-21	3.20e-21
182	JASPAR2024_CORE_vertebrates_non-redundant.meme	MA0851.2	Foxj3	GTAAACAAA	2.31e-21	2.31e-21	2.03e-18	1	6900	6900	0	3.816e+06	1.00e0	2.31e-21	4.62e-21	1.00e0	2.31e-21	4.62e-21
183	JASPAR2024_CORE_vertebrates_non-redundant.meme	MA0651.3	HOXC11	AGGTCGTAAAA	2.81e-21	2.81e-21	2.47e-18	1	6900	6900	0	3.818e+06	1.00e0	2.81e-21	5.62e-21	1.00e0	2.81e-21	5.62e-21
184	JASPAR2024_CORE_vertebrates_non-redundant.meme	MA0661.2	MEOX1	STAATTA	3.15e-21	3.15e-21	2.77e-18	1	6900	6900	0	3.819e+06	1.00e0	3.15e-21	6.29e-21	1.00e0	3.15e-21	6.29e-21
185	JASPAR2024_CORE_vertebrates_non-redundant.meme	MA0618.2	LBX1	TAATTAG	3.49e-21	3.49e-21	3.06e-18	1	6900	6900	0	3.820e+06	1.00e0	3.49e-21	6.97e-21	1.00e0	3.49e-21	6.97e-21
186	JASPAR2024_CORE_vertebrates_non-redundant.meme	MA1683.2	FOXA3	GTAAACA	3.89e-21	3.89e-21	3.42e-18	1	6900	6900	0	3.821e+06	1.00e0	3.89e-21	7.79e-21	1.00e0	3.89e-21	7.79e-21
187	JASPAR2024_CORE_vertebrates_non-redundant.meme	MA1137.2	FOSL1::JUNB	RTGACTCAT	6.75e-21	6.75e-21	5.94e-18	1	6900	6900	0	3.825e+06	1.00e0	6.75e-21	1.35e-20	1.00e0	6.75e-21	1.35e-20
188	JASPAR2024_CORE_vertebrates_non-redundant.meme	MA1501.2	HOXB7	GTAATTA	6.86e-21	6.86e-21	6.03e-18	1	6900	6900	0	3.825e+06	1.00e0	6.86e-21	1.37e-20	1.00e0	6.86e-21	1.37e-20
189	JASPAR2024_CORE_vertebrates_non-redundant.meme	MA1128.2	FOSL1::JUN	ATGACTCAT	7.22e-21	7.22e-21	6.35e-18	1	6900	6900	0	3.826e+06	1.00e0	7.22e-21	1.44e-20	1.00e0	7.22e-21	1.44e-20
190	JASPAR2024_CORE_vertebrates_non-redundant.meme	MA0523.2	TCF7L2	ASATCAAAG	9.03e-21	9.03e-21	7.93e-18	1	6900	6900	0	3.828e+06	1.00e0	9.03e-21	1.81e-20	1.00e0	9.03e-21	1.81e-20
191	JASPAR2024_CORE_vertebrates_non-redundant.meme	MA0724.1	VENTX	AMCGATTAR	9.54e-21	9.54e-21	8.39e-18	1	6900	6900	0	3.828e+06	1.00e0	9.54e-21	1.91e-20	1.00e0	9.54e-21	1.91e-20
192	JASPAR2024_CORE_vertebrates_non-redundant.meme	MA0793.2	POU6F2	ASCTMATTA	9.92e-21	9.92e-21	8.72e-18	1	6900	6900	0	3.829e+06	1.00e0	9.92e-21	1.98e-20	1.00e0	9.92e-21	1.98e-20
193	JASPAR2024_CORE_vertebrates_non-redundant.meme	MA1141.2	FOS::JUND	ATGAGTCAT	1.51e-20	1.51e-20	1.33e-17	1	6900	6900	0	3.832e+06	1.00e0	1.51e-20	3.02e-20	1.00e0	1.51e-20	3.02e-20
194	JASPAR2024_CORE_vertebrates_non-redundant.meme	MA0754.3	CUX1	TAATCGATA	3.42e-20	3.42e-20	3.01e-17	1	6900	6900	0	3.839e+06	1.00e0	3.42e-20	6.84e-20	1.00e0	3.42e-20	6.84e-20
195	JASPAR2024_CORE_vertebrates_non-redundant.meme	MA0701.3	LHX9	CYAATTA	4.39e-20	4.39e-20	3.86e-17	1	6900	6900	0	3.841e+06	1.00e0	4.39e-20	8.78e-20	1.00e0	4.39e-20	8.78e-20
196	JASPAR2024_CORE_vertebrates_non-redundant.meme	MA0047.4	FOXA2	WGTAAACA	4.60e-20	4.60e-20	4.04e-17	1	6900	6900	0	3.842e+06	1.00e0	4.60e-20	9.20e-20	1.00e0	4.60e-20	9.20e-20
197	JASPAR2024_CORE_vertebrates_non-redundant.meme	MA0885.3	Dlx2	GCAATTAG	4.98e-20	4.98e-20	4.37e-17	1	6900	6900	0	3.842e+06	1.00e0	4.98e-20	9.95e-20	1.00e0	4.98e-20	9.95e-20
198	JASPAR2024_CORE_vertebrates_non-redundant.meme	MA1130.2	FOSL2::JUN	RTGAGTCAY	6.89e-20	6.89e-20	6.05e-17	1	6900	6900	0	3.845e+06	1.00e0	6.89e-20	1.38e-19	1.00e0	6.89e-20	1.38e-19
199	JASPAR2024_CORE_vertebrates_non-redundant.meme	MA1549.2	POU6F1	TAATGAG	9.02e-20	9.02e-20	7.93e-17	1	6900	6900	0	3.847e+06	1.00e0	9.02e-20	1.80e-19	1.00e0	9.02e-20	1.80e-19
200	JASPAR2024_CORE_vertebrates_non-redundant.meme	MA0850.1	FOXP3	RTAAACA	9.34e-20	9.34e-20	8.21e-17	1	6900	6900	0	3.848e+06	1.00e0	9.34e-20	1.87e-19	1.00e0	9.34e-20	1.87e-19
201	JASPAR2024_CORE_vertebrates_non-redundant.meme	MA0152.3	Nfatc2	AATGGAAA	1.36e-19	1.36e-19	1.20e-16	1	6900	6900	0	3.851e+06	1.00e0	1.36e-19	2.72e-19	1.00e0	1.36e-19	2.72e-19
202	JASPAR2024_CORE_vertebrates_non-redundant.meme	MA0490.3	JUNB	ATGACTCAT	1.43e-19	1.43e-19	1.26e-16	1	6900	6900	0	3.851e+06	1.00e0	1.43e-19	2.87e-19	1.00e0	1.43e-19	2.87e-19
203	JASPAR2024_CORE_vertebrates_non-redundant.meme	MA0884.2	DUXA	YTRATTWAATYAR	1.67e-19	1.67e-19	1.47e-16	1	6900	6900	0	3.853e+06	1.00e0	1.67e-19	3.33e-19	1.00e0	1.67e-19	3.33e-19
204	JASPAR2024_CORE_vertebrates_non-redundant.meme	MA0442.3	SOX10	ACAAAG	1.77e-19	1.77e-19	1.56e-16	1	6900	6900	0	3.853e+06	1.00e0	1.77e-19	3.54e-19	1.00e0	1.77e-19	3.54e-19
205	JASPAR2024_CORE_vertebrates_non-redundant.meme	MA0099.4	FOS::JUN	ATGAGTCAY	4.16e-19	4.16e-19	3.65e-16	1	6900	6900	0	3.861e+06	1.00e0	4.16e-19	8.31e-19	1.00e0	4.16e-19	8.31e-19
206	JASPAR2024_CORE_vertebrates_non-redundant.meme	MA1124.1	ZNF24	CATTCATTCATTC	4.55e-19	4.55e-19	4.00e-16	1	6900	6900	0	3.862e+06	1.00e0	4.55e-19	9.11e-19	1.00e0	4.55e-19	9.11e-19
207	JASPAR2024_CORE_vertebrates_non-redundant.meme	MA2117.1	FOXP4	GTAAACA	6.72e-19	6.72e-19	5.91e-16	1	6900	6900	0	3.865e+06	1.00e0	6.72e-19	1.34e-18	1.00e0	6.72e-19	1.34e-18
208	JASPAR2024_CORE_vertebrates_non-redundant.meme	MA2095.1	Sox7	AGAACAATGG	7.63e-19	7.63e-19	6.71e-16	1	6900	6900	0	3.866e+06	1.00e0	7.63e-19	1.53e-18	1.00e0	7.63e-19	1.53e-18
209	JASPAR2024_CORE_vertebrates_non-redundant.meme	MA1707.2	DMRTA1	TTGWTACAWT	1.92e-18	1.92e-18	1.69e-15	1	6900	6900	0	3.874e+06	1.00e0	1.92e-18	3.84e-18	1.00e0	1.92e-18	3.84e-18
210	JASPAR2024_CORE_vertebrates_non-redundant.meme	MA0707.3	MNX1	YRATTA	1.96e-18	1.96e-18	1.72e-15	1	6900	6900	0	3.875e+06	1.00e0	1.96e-18	3.91e-18	1.00e0	1.96e-18	3.91e-18
211	JASPAR2024_CORE_vertebrates_non-redundant.meme	MA1138.2	FOSL2::JUNB	RTGASTCAT	2.94e-18	2.94e-18	2.59e-15	1	6900	6900	0	3.878e+06	1.00e0	2.94e-18	5.89e-18	1.00e0	2.94e-18	5.89e-18
212	JASPAR2024_CORE_vertebrates_non-redundant.meme	MA2102.1	ZBTB17	AATCGATT	3.84e-18	3.84e-18	3.38e-15	1	6900	6900	0	3.881e+06	1.00e0	3.84e-18	7.69e-18	1.00e0	3.84e-18	7.69e-18
213	JASPAR2024_CORE_vertebrates_non-redundant.meme	MA1718.1	ZNF8	GTATGGATATACCACAKTTT	5.28e-18	5.28e-18	4.64e-15	1	6900	6900	0	3.884e+06	1.00e0	5.28e-18	1.06e-17	1.00e0	5.28e-18	1.06e-17
214	JASPAR2024_CORE_vertebrates_non-redundant.meme	MA0648.2	GSC	TAATCC	6.73e-18	6.73e-18	5.91e-15	1	6900	6900	0	3.886e+06	1.00e0	6.73e-18	1.35e-17	1.00e0	6.73e-18	1.35e-17
215	JASPAR2024_CORE_vertebrates_non-redundant.meme	MA0655.1	JDP2	ATGACTCAT	8.32e-18	8.32e-18	7.31e-15	1	6900	6900	0	3.888e+06	1.00e0	8.32e-18	1.66e-17	1.00e0	8.32e-18	1.66e-17
216	JASPAR2024_CORE_vertebrates_non-redundant.meme	MA2119.1	HOXA3	STAATTA	9.42e-18	9.42e-18	8.28e-15	1	6900	6900	0	3.889e+06	1.00e0	9.42e-18	1.88e-17	1.00e0	9.42e-18	1.88e-17
217	JASPAR2024_CORE_vertebrates_non-redundant.meme	MA1144.2	FOSL2::JUND	ATGACTCAT	1.31e-17	1.31e-17	1.15e-14	1	6900	6900	0	3.892e+06	1.00e0	1.31e-17	2.61e-17	1.00e0	1.31e-17	2.61e-17
218	JASPAR2024_CORE_vertebrates_non-redundant.meme	MA0491.3	JUND	ATGACTCAT	1.78e-17	1.78e-17	1.56e-14	1	6900	6900	0	3.895e+06	1.00e0	1.78e-17	3.56e-17	1.00e0	1.78e-17	3.56e-17
219	JASPAR2024_CORE_vertebrates_non-redundant.meme	MA1503.2	HOXB9	GTCGTAAAA	2.60e-17	2.60e-17	2.28e-14	1	6900	6900	0	3.898e+06	1.00e0	2.60e-17	5.19e-17	1.00e0	2.60e-17	5.19e-17
220	JASPAR2024_CORE_vertebrates_non-redundant.meme	MA1506.2	HOXD10	RGTCGTAAAA	3.10e-17	3.10e-17	2.72e-14	1	6900	6900	0	3.900e+06	1.00e0	3.10e-17	6.19e-17	1.00e0	3.10e-17	6.19e-17
221	JASPAR2024_CORE_vertebrates_non-redundant.meme	MA0102.5	CEBPA	ATTGCACAAT	5.23e-17	5.23e-17	4.60e-14	1	6900	6900	0	3.905e+06	1.00e0	5.23e-17	1.05e-16	1.00e0	5.23e-17	1.05e-16
222	JASPAR2024_CORE_vertebrates_non-redundant.meme	MA1634.2	BATF	TGACTCA	8.51e-17	8.51e-17	7.48e-14	1	6900	6900	0	3.909e+06	1.00e0	8.51e-17	1.70e-16	1.00e0	8.51e-17	1.70e-16
223	JASPAR2024_CORE_vertebrates_non-redundant.meme	MA2118.1	FOXS1	TGTAAACA	9.28e-17	9.28e-17	8.16e-14	1	6900	6900	0	3.910e+06	1.00e0	9.28e-17	1.86e-16	1.00e0	9.28e-17	1.86e-16
224	JASPAR2024_CORE_vertebrates_non-redundant.meme	MA0515.1	Sox6	CCWTTGTYYY	1.20e-16	1.20e-16	1.06e-13	1	6900	6900	0	3.913e+06	1.00e0	1.20e-16	2.40e-16	1.00e0	1.20e-16	2.40e-16
225	JASPAR2024_CORE_vertebrates_non-redundant.meme	MA1134.2	FOS::JUNB	ATGASTCAT	1.36e-16	1.36e-16	1.19e-13	1	6900	6900	0	3.914e+06	1.00e0	1.36e-16	2.71e-16	1.00e0	1.36e-16	2.71e-16
226	JASPAR2024_CORE_vertebrates_non-redundant.meme	MA0476.2	FOS	TGASTCAT	1.36e-16	1.36e-16	1.19e-13	1	6900	6900	0	3.914e+06	1.00e0	1.36e-16	2.71e-16	1.00e0	1.36e-16	2.71e-16
227	JASPAR2024_CORE_vertebrates_non-redundant.meme	MA1135.2	FOSB::JUNB	RTGASTCAT	1.57e-16	1.57e-16	1.38e-13	1	6900	6900	0	3.915e+06	1.00e0	1.57e-16	3.14e-16	1.00e0	1.57e-16	3.14e-16
228	JASPAR2024_CORE_vertebrates_non-redundant.meme	MA0866.1	SOX21	AACAATKKYAGTGTT	1.64e-16	1.64e-16	1.44e-13	1	6900	6900	0	3.916e+06	1.00e0	1.64e-16	3.28e-16	1.00e0	1.64e-16	3.28e-16
229	JASPAR2024_CORE_vertebrates_non-redundant.meme	MA0462.3	BATF::JUN	TGACTCA	2.51e-16	2.51e-16	2.21e-13	1	6900	6900	0	3.920e+06	1.00e0	2.51e-16	5.03e-16	1.00e0	2.51e-16	5.03e-16
230	JASPAR2024_CORE_vertebrates_non-redundant.meme	MA1988.2	Atf3	TGACTCA	2.90e-16	2.90e-16	2.55e-13	1	6900	6900	0	3.921e+06	1.00e0	2.90e-16	5.80e-16	1.00e0	2.90e-16	5.80e-16
231	JASPAR2024_CORE_vertebrates_non-redundant.meme	MA0477.3	FOSL1	ATGACTCAT	3.45e-16	3.45e-16	3.03e-13	1	6900	6900	0	3.923e+06	1.00e0	3.45e-16	6.90e-16	1.00e0	3.45e-16	6.90e-16
232	JASPAR2024_CORE_vertebrates_non-redundant.meme	MA0157.4	Foxo3	GTAAACA	3.54e-16	3.54e-16	3.11e-13	1	6900	6900	0	3.923e+06	1.00e0	3.54e-16	7.07e-16	1.00e0	3.54e-16	7.07e-16
233	JASPAR2024_CORE_vertebrates_non-redundant.meme	MA1132.2	JUN::JUNB	ATGACKCA	3.78e-16	3.78e-16	3.33e-13	1	6900	6900	0	3.924e+06	1.00e0	3.78e-16	7.57e-16	1.00e0	3.78e-16	7.57e-16
234	JASPAR2024_CORE_vertebrates_non-redundant.meme	MA1519.2	LHX5	STAATTA	4.34e-16	4.34e-16	3.82e-13	1	6900	6900	0	3.925e+06	1.00e0	4.34e-16	8.68e-16	1.00e0	4.34e-16	8.68e-16
235	JASPAR2024_CORE_vertebrates_non-redundant.meme	MA0835.3	BATF3	TGACTCA	4.39e-16	4.39e-16	3.86e-13	1	6900	6900	0	3.925e+06	1.00e0	4.39e-16	8.79e-16	1.00e0	4.39e-16	8.79e-16
236	JASPAR2024_CORE_vertebrates_non-redundant.meme	MA0705.2	Lhx8	TAATTA	5.50e-16	5.50e-16	4.83e-13	1	6900	6900	0	3.927e+06	1.00e0	5.50e-16	1.10e-15	1.00e0	5.50e-16	1.10e-15
237	JASPAR2024_CORE_vertebrates_non-redundant.meme	MA0033.2	FOXL1	RTAAACA	5.84e-16	5.84e-16	5.13e-13	1	6900	6900	0	3.928e+06	1.00e0	5.84e-16	1.17e-15	1.00e0	5.84e-16	1.17e-15
238	JASPAR2024_CORE_vertebrates_non-redundant.meme	MA0912.2	HOXD3	CTAATTAC	6.22e-16	6.22e-16	5.47e-13	1	6900	6900	0	3.928e+06	1.00e0	6.22e-16	1.24e-15	1.00e0	6.22e-16	1.24e-15
239	JASPAR2024_CORE_vertebrates_non-redundant.meme	MA0653.1	IRF9	AACGAAACCGAAACT	7.93e-16	7.93e-16	6.97e-13	1	6900	6900	0	3.931e+06	1.00e0	7.93e-16	1.59e-15	1.00e0	7.93e-16	1.59e-15
240	JASPAR2024_CORE_vertebrates_non-redundant.meme	MA0833.3	ATF4	ATGATGCAAT	1.37e-15	1.37e-15	1.21e-12	1	6900	6900	0	3.936e+06	1.00e0	1.37e-15	2.75e-15	1.00e0	1.37e-15	2.75e-15
241	JASPAR2024_CORE_vertebrates_non-redundant.meme	MA1518.3	Lhx1	GCTAATTAGC	1.54e-15	1.54e-15	1.35e-12	1	6900	6900	0	3.937e+06	1.00e0	1.54e-15	3.07e-15	1.00e0	1.54e-15	3.07e-15
242	JASPAR2024_CORE_vertebrates_non-redundant.meme	MA0050.4	Irf1	TGAAACTGAAA	1.88e-15	1.88e-15	1.66e-12	1	6900	6900	0	3.939e+06	1.00e0	1.88e-15	3.77e-15	1.00e0	1.88e-15	3.77e-15
243	JASPAR2024_CORE_vertebrates_non-redundant.meme	MA0485.3	HOXC9	GTCGTAAAA	2.07e-15	2.07e-15	1.82e-12	1	6900	6900	0	3.940e+06	1.00e0	2.07e-15	4.14e-15	1.00e0	2.07e-15	4.14e-15
244	JASPAR2024_CORE_vertebrates_non-redundant.meme	MA0809.3	TEAD4	ACATTCCA	6.91e-15	6.91e-15	6.07e-12	1	6900	6900	0	3.952e+06	1.00e0	6.91e-15	1.38e-14	1.00e0	6.91e-15	1.38e-14
245	JASPAR2024_CORE_vertebrates_non-redundant.meme	MA0030.2	FOXF2	SGTAAACAA	1.02e-14	1.02e-14	8.94e-12	1	6900	6900	0	3.956e+06	1.00e0	1.02e-14	2.03e-14	1.00e0	1.02e-14	2.03e-14
246	JASPAR2024_CORE_vertebrates_non-redundant.meme	MA0158.2	HOXA5	GYMATTAS	1.43e-14	1.43e-14	1.26e-11	1	6900	6900	0	3.960e+06	1.00e0	1.43e-14	2.86e-14	1.00e0	1.43e-14	2.86e-14
247	JASPAR2024_CORE_vertebrates_non-redundant.meme	MA0843.2	TEF	RTTACRTAAY	2.11e-14	2.11e-14	1.86e-11	1	6900	6900	0	3.964e+06	1.00e0	2.11e-14	4.23e-14	1.00e0	2.11e-14	4.23e-14
248	JASPAR2024_CORE_vertebrates_non-redundant.meme	MA0614.1	Foxj2	RTAAACAA	2.14e-14	2.14e-14	1.88e-11	1	6900	6900	0	3.964e+06	1.00e0	2.14e-14	4.28e-14	1.00e0	2.14e-14	4.28e-14
249	JASPAR2024_CORE_vertebrates_non-redundant.meme	MA0043.4	HLF	TTATGCAAC	2.34e-14	2.34e-14	2.06e-11	1	6900	6900	0	3.965e+06	1.00e0	2.34e-14	4.69e-14	1.00e0	2.34e-14	4.69e-14
250	JASPAR2024_CORE_vertebrates_non-redundant.meme	MA0852.3	FOXK1	GTAAACA	2.56e-14	2.56e-14	2.25e-11	1	6900	6900	0	3.966e+06	1.00e0	2.56e-14	5.11e-14	1.00e0	2.56e-14	5.11e-14
251	JASPAR2024_CORE_vertebrates_non-redundant.meme	MA0848.1	FOXO4	GTAAACA	3.03e-14	3.03e-14	2.67e-11	1	6900	6900	0	3.967e+06	1.00e0	3.03e-14	6.07e-14	1.00e0	3.03e-14	6.07e-14
252	JASPAR2024_CORE_vertebrates_non-redundant.meme	MA0808.1	TEAD3	RCATTCCW	3.13e-14	3.13e-14	2.75e-11	1	6900	6900	0	3.968e+06	1.00e0	3.13e-14	6.25e-14	1.00e0	3.13e-14	6.25e-14
253	JASPAR2024_CORE_vertebrates_non-redundant.meme	MA2093.1	HOXB1	STAATTA	3.25e-14	3.25e-14	2.86e-11	1	6900	6900	0	3.968e+06	1.00e0	3.25e-14	6.51e-14	1.00e0	3.25e-14	6.51e-14
254	JASPAR2024_CORE_vertebrates_non-redundant.meme	MA1121.2	TEAD2	ACATTCC	3.31e-14	3.31e-14	2.91e-11	1	6900	6900	0	3.968e+06	1.00e0	3.31e-14	6.62e-14	1.00e0	3.31e-14	6.62e-14
255	JASPAR2024_CORE_vertebrates_non-redundant.meme	MA0042.2	FOXI1	GTAAACA	3.50e-14	3.50e-14	3.08e-11	1	6900	6900	0	3.969e+06	1.00e0	3.50e-14	7.01e-14	1.00e0	3.50e-14	7.01e-14
256	JASPAR2024_CORE_vertebrates_non-redundant.meme	MA0629.2	Rhox11	CGCTGTWAW	7.00e-14	7.00e-14	6.15e-11	1	6900	6900	0	3.976e+06	1.00e0	7.00e-14	1.40e-13	1.00e0	7.00e-14	1.40e-13
257	JASPAR2024_CORE_vertebrates_non-redundant.meme	MA1580.1	ZBTB32	TGTACAGTAW	2.07e-13	2.07e-13	1.82e-10	1	6900	6900	0	3.988e+06	1.00e0	2.07e-13	4.14e-13	1.00e0	2.07e-13	4.14e-13
258	JASPAR2024_CORE_vertebrates_non-redundant.meme	MA0479.2	FOXH1	AATCCACA	3.30e-13	3.30e-13	2.90e-10	1	6900	6900	0	3.993e+06	1.00e0	3.30e-13	6.59e-13	1.00e0	3.30e-13	6.59e-13
259	JASPAR2024_CORE_vertebrates_non-redundant.meme	MA0029.2	Mecom	AGAYAAGATAA	3.61e-13	3.61e-13	3.17e-10	1	6900	6900	0	3.994e+06	1.00e0	3.61e-13	7.22e-13	1.00e0	3.61e-13	7.22e-13
260	JASPAR2024_CORE_vertebrates_non-redundant.meme	MA0711.2	OTX1	TAATCC	6.08e-13	6.08e-13	5.34e-10	1	6900	6900	0	3.999e+06	1.00e0	6.08e-13	1.22e-12	1.00e0	6.08e-13	1.22e-12
261	JASPAR2024_CORE_vertebrates_non-redundant.meme	MA1419.2	IRF4	CGAAACCGAAACYA	1.16e-12	1.16e-12	1.02e-9	1	6900	6900	0	4.006e+06	1.00e0	1.16e-12	2.33e-12	1.00e0	1.16e-12	2.33e-12
262	JASPAR2024_CORE_vertebrates_non-redundant.meme	MA0870.1	Sox1	AACAATANCATTGTT	2.16e-12	2.16e-12	1.90e-9	1	6900	6900	0	4.013e+06	1.00e0	2.16e-12	4.33e-12	1.00e0	2.16e-12	4.33e-12
263	JASPAR2024_CORE_vertebrates_non-redundant.meme	MA1623.2	Stat2	GAAACAGAAA	2.21e-12	2.21e-12	1.94e-9	1	6900	6900	0	4.014e+06	1.00e0	2.21e-12	4.41e-12	1.00e0	2.21e-12	4.41e-12
264	JASPAR2024_CORE_vertebrates_non-redundant.meme	MA0593.2	FOXP2	WGTAAACAV	3.48e-12	3.48e-12	3.06e-9	1	6900	6900	0	4.019e+06	1.00e0	3.48e-12	6.95e-12	1.00e0	3.48e-12	6.95e-12
265	JASPAR2024_CORE_vertebrates_non-redundant.meme	MA0714.2	PITX3	TAATCC	3.98e-12	3.98e-12	3.50e-9	1	6900	6900	0	4.020e+06	1.00e0	3.98e-12	7.97e-12	1.00e0	3.98e-12	7.97e-12
266	JASPAR2024_CORE_vertebrates_non-redundant.meme	MA1928.2	BNC2	TGAGTCA	6.31e-12	6.31e-12	5.54e-9	1	6900	6900	0	4.025e+06	1.00e0	6.31e-12	1.26e-11	1.00e0	6.31e-12	1.26e-11
267	JASPAR2024_CORE_vertebrates_non-redundant.meme	MA0480.3	Foxo1	GTAAACA	6.90e-12	6.90e-12	6.07e-9	1	6900	6900	0	4.026e+06	1.00e0	6.90e-12	1.38e-11	1.00e0	6.90e-12	1.38e-11
268	JASPAR2024_CORE_vertebrates_non-redundant.meme	MA0489.3	Jun	TGACTCAT	7.83e-12	7.83e-12	6.89e-9	1	6900	6900	0	4.028e+06	1.00e0	7.83e-12	1.57e-11	1.00e0	7.83e-12	1.57e-11
269	JASPAR2024_CORE_vertebrates_non-redundant.meme	MA0658.2	LHX6	CTAATTAR	9.39e-12	9.39e-12	8.25e-9	1	6900	6900	0	4.030e+06	1.00e0	9.39e-12	1.88e-11	1.00e0	9.39e-12	1.88e-11
270	JASPAR2024_CORE_vertebrates_non-redundant.meme	MA0035.5	GATA1	CTAATCT	2.32e-11	2.32e-11	2.04e-8	1	6900	6900	0	4.040e+06	1.00e0	2.32e-11	4.63e-11	1.00e0	2.32e-11	4.63e-11
271	JASPAR2024_CORE_vertebrates_non-redundant.meme	MA1418.2	IRF3	RRAAMGGAAACCGAAAC	2.42e-11	2.42e-11	2.12e-8	1	6900	6900	0	4.041e+06	1.00e0	2.42e-11	4.84e-11	1.00e0	2.42e-11	4.84e-11
272	JASPAR2024_CORE_vertebrates_non-redundant.meme	MA0836.3	CEBPD	TTGCACAA	5.26e-11	5.26e-11	4.63e-8	1	6900	6900	0	4.050e+06	1.00e0	5.26e-11	1.05e-10	1.00e0	5.26e-11	1.05e-10
273	JASPAR2024_CORE_vertebrates_non-redundant.meme	MA0682.3	PITX1	TAATCC	6.40e-11	6.40e-11	5.62e-8	1	6900	6900	0	4.053e+06	1.00e0	6.40e-11	1.28e-10	1.00e0	6.40e-11	1.28e-10
274	JASPAR2024_CORE_vertebrates_non-redundant.meme	MA0610.2	DMRT3	TGTATCA	2.00e-10	2.00e-10	1.76e-7	1	6900	6900	0	4.066e+06	1.00e0	2.00e-10	4.01e-10	1.00e0	2.00e-10	4.01e-10
275	JASPAR2024_CORE_vertebrates_non-redundant.meme	MA1143.2	FOSL1::JUND	RTGACGTMA	5.83e-10	5.83e-10	5.13e-7	1	6900	6900	0	4.080e+06	1.00e0	5.83e-10	1.17e-9	1.00e0	5.83e-10	1.17e-9
276	JASPAR2024_CORE_vertebrates_non-redundant.meme	MA0849.1	FOXO6	GTAAACA	7.07e-10	7.07e-10	6.22e-7	1	6900	6900	0	4.082e+06	1.00e0	7.07e-10	1.41e-9	1.00e0	7.07e-10	1.41e-9
277	JASPAR2024_CORE_vertebrates_non-redundant.meme	MA0838.1	CEBPG	ATTRCGCAAY	8.94e-10	8.94e-10	7.86e-7	1	6900	6900	0	4.085e+06	1.00e0	8.94e-10	1.79e-9	1.00e0	8.94e-10	1.79e-9
278	JASPAR2024_CORE_vertebrates_non-redundant.meme	MA0652.2	IRF8	CGAAACCGAAACT	1.12e-9	1.12e-9	9.87e-7	1	6900	6900	0	4.088e+06	1.00e0	1.12e-9	2.25e-9	1.00e0	1.12e-9	2.25e-9
279	JASPAR2024_CORE_vertebrates_non-redundant.meme	MA0768.3	Lef1	CCTTTGAT	2.64e-9	2.64e-9	2.32e-6	1	6900	6900	0	4.099e+06	1.00e0	2.64e-9	5.29e-9	1.00e0	2.64e-9	5.29e-9
280	JASPAR2024_CORE_vertebrates_non-redundant.meme	MA1989.2	Bcl11B	AAACCACAA	3.08e-9	3.08e-9	2.70e-6	1	6900	6900	0	4.101e+06	1.00e0	3.08e-9	6.15e-9	1.00e0	3.08e-9	6.15e-9
281	JASPAR2024_CORE_vertebrates_non-redundant.meme	MA0678.1	OLIG2	AMCATATGKT	3.76e-9	3.76e-9	3.30e-6	1	6900	6900	0	4.104e+06	1.00e0	3.76e-9	7.52e-9	1.00e0	3.76e-9	7.52e-9
282	JASPAR2024_CORE_vertebrates_non-redundant.meme	MA1478.2	DMRTA2	GHTACA	3.91e-9	3.91e-9	3.44e-6	1	6900	6900	0	4.105e+06	1.00e0	3.91e-9	7.82e-9	1.00e0	3.91e-9	7.82e-9
283	JASPAR2024_CORE_vertebrates_non-redundant.meme	MA0676.1	Nr2e1	AAAAGTCAA	5.41e-9	5.41e-9	4.75e-6	1	6900	6900	0	4.109e+06	1.00e0	5.41e-9	1.08e-8	1.00e0	5.41e-9	1.08e-8
284	JASPAR2024_CORE_vertebrates_non-redundant.meme	MA2339.1	Nanog	GCAATCA	7.27e-9	7.27e-9	6.39e-6	1	6900	6900	0	4.113e+06	1.00e0	7.27e-9	1.45e-8	1.00e0	7.27e-9	1.45e-8
285	JASPAR2024_CORE_vertebrates_non-redundant.meme	MA0090.4	TEAD1	ACATTCCAG	9.34e-9	9.34e-9	8.21e-6	1	6900	6900	0	4.116e+06	1.00e0	9.34e-9	1.87e-8	1.00e0	9.34e-9	1.87e-8
286	JASPAR2024_CORE_vertebrates_non-redundant.meme	MA1709.2	ZIM3	MAACAGAAACC	1.35e-8	1.35e-8	1.18e-5	1	6900	6900	0	4.121e+06	1.00e0	1.35e-8	2.69e-8	1.00e0	1.35e-8	2.69e-8
287	JASPAR2024_CORE_vertebrates_non-redundant.meme	MA0752.2	ZNF410	MCATCCCATAATAHTC	1.76e-8	1.76e-8	1.55e-5	1	6900	6900	0	4.125e+06	1.00e0	1.76e-8	3.52e-8	1.00e0	1.76e-8	3.52e-8
288	JASPAR2024_CORE_vertebrates_non-redundant.meme	MA0072.2	RORA	WAWBTAGGTCA	1.98e-8	1.98e-8	1.74e-5	1	6900	6900	0	4.127e+06	1.00e0	1.98e-8	3.96e-8	1.00e0	1.98e-8	3.96e-8
289	JASPAR2024_CORE_vertebrates_non-redundant.meme	MA0712.3	OTX2	RGGATTA	3.04e-8	3.04e-8	2.67e-5	1	6900	6900	0	4.133e+06	1.00e0	3.04e-8	6.09e-8	1.00e0	3.04e-8	6.09e-8
290	JASPAR2024_CORE_vertebrates_non-redundant.meme	MA1534.2	NR1I3	TGAACTTT	3.61e-8	3.61e-8	3.18e-5	1	6900	6900	0	4.135e+06	1.00e0	3.61e-8	7.23e-8	1.00e0	3.61e-8	7.23e-8
291	JASPAR2024_CORE_vertebrates_non-redundant.meme	MA0756.3	ONECUT2	GATCRATA	5.54e-8	5.54e-8	4.87e-5	1	6900	6900	0	4.141e+06	1.00e0	5.54e-8	1.11e-7	1.00e0	5.54e-8	1.11e-7
292	JASPAR2024_CORE_vertebrates_non-redundant.meme	MA0063.3	NKX2-5	CACTCAA	7.10e-8	7.10e-8	6.24e-5	1	6900	6900	0	4.145e+06	1.00e0	7.10e-8	1.42e-7	1.00e0	7.10e-8	1.42e-7
293	JASPAR2024_CORE_vertebrates_non-redundant.meme	MA0070.2	PBX1	ATCAATCAA	7.73e-8	7.73e-8	6.79e-5	1	6900	6900	0	4.146e+06	1.00e0	7.73e-8	1.55e-7	1.00e0	7.73e-8	1.55e-7
294	JASPAR2024_CORE_vertebrates_non-redundant.meme	MA0495.4	MAFF	GTCAGCATTTT	7.81e-8	7.81e-8	6.87e-5	1	6900	6900	0	4.146e+06	1.00e0	7.81e-8	1.56e-7	1.00e0	7.81e-8	1.56e-7
295	JASPAR2024_CORE_vertebrates_non-redundant.meme	MA1112.3	NR4A1	AAAGGTCA	1.25e-7	1.25e-7	1.10e-4	1	6900	6900	0	4.153e+06	1.00e0	1.25e-7	2.51e-7	1.00e0	1.25e-7	2.51e-7
296	JASPAR2024_CORE_vertebrates_non-redundant.meme	MA0840.2	Creb5	ATGACGTCAY	1.37e-7	1.37e-7	1.21e-4	1	6900	6900	0	4.154e+06	1.00e0	1.37e-7	2.74e-7	1.00e0	1.37e-7	2.74e-7
297	JASPAR2024_CORE_vertebrates_non-redundant.meme	MA1561.2	SOX12	ACCGAACAAT	1.79e-7	1.79e-7	1.57e-4	1	6900	6900	0	4.158e+06	1.00e0	1.79e-7	3.58e-7	1.00e0	1.79e-7	3.58e-7
298	JASPAR2024_CORE_vertebrates_non-redundant.meme	MA0095.4	Yy1	CAAAATGG	2.55e-7	2.55e-7	2.24e-4	1	6900	6900	0	4.164e+06	1.00e0	2.55e-7	5.10e-7	1.00e0	2.55e-7	5.10e-7
299	JASPAR2024_CORE_vertebrates_non-redundant.meme	MA0069.1	PAX6	TTCACGCWTSANTK	3.76e-7	3.76e-7	3.30e-4	1	6900	6900	0	4.170e+06	1.00e0	3.76e-7	7.51e-7	1.00e0	3.76e-7	7.51e-7
300	JASPAR2024_CORE_vertebrates_non-redundant.meme	MA0467.3	Crx	GGATTA	3.78e-7	3.78e-7	3.32e-4	1	6900	6900	0	4.170e+06	1.00e0	3.78e-7	7.56e-7	1.00e0	3.78e-7	7.56e-7
301	JASPAR2024_CORE_vertebrates_non-redundant.meme	MA1991.2	Hnf1A	CCTTTGATST	5.07e-7	5.07e-7	4.46e-4	1	6900	6900	0	4.174e+06	1.00e0	5.07e-7	1.01e-6	1.00e0	5.07e-7	1.01e-6
302	JASPAR2024_CORE_vertebrates_non-redundant.meme	MA0837.3	CEBPE	ATTGCGCAAT	5.74e-7	5.74e-7	5.04e-4	1	6900	6900	0	4.176e+06	1.00e0	5.74e-7	1.15e-6	1.00e0	5.74e-7	1.15e-6
303	JASPAR2024_CORE_vertebrates_non-redundant.meme	MA0051.2	IRF2	SGAAAGYGAAASCRWW	9.69e-7	9.69e-7	8.52e-4	1	6900	6900	0	4.185e+06	1.00e0	9.69e-7	1.94e-6	1.00e0	9.69e-7	1.94e-6
304	JASPAR2024_CORE_vertebrates_non-redundant.meme	MA1956.2	FOXO1::FLI1	GTAAACAGGAAGT	1.01e-6	1.01e-6	8.91e-4	1	6900	6900	0	4.185e+06	1.00e0	1.01e-6	2.03e-6	1.00e0	1.01e-6	2.03e-6
305	JASPAR2024_CORE_vertebrates_non-redundant.meme	MA1421.1	TCF7L1	AAAGATCAAAGG	1.30e-6	1.30e-6	1.14e-3	1	6900	6900	0	4.189e+06	1.00e0	1.30e-6	2.60e-6	1.00e0	1.30e-6	2.60e-6
306	JASPAR2024_CORE_vertebrates_non-redundant.meme	MA0693.4	Vdr	GAGTTCA	1.76e-6	1.76e-6	1.55e-3	1	6900	6900	0	4.194e+06	1.00e0	1.76e-6	3.52e-6	1.00e0	1.76e-6	3.52e-6
307	JASPAR2024_CORE_vertebrates_non-redundant.meme	MA0478.2	FOSL2	RRTGASTCAB	2.01e-6	2.01e-6	1.77e-3	1	6900	6900	0	4.196e+06	1.00e0	2.01e-6	4.02e-6	1.00e0	2.01e-6	4.02e-6
308	JASPAR2024_CORE_vertebrates_non-redundant.meme	MA1657.2	ZNF652	AAGRGTTAA	2.09e-6	2.09e-6	1.84e-3	1	6900	6900	0	4.197e+06	1.00e0	2.09e-6	4.19e-6	1.00e0	2.09e-6	4.19e-6
309	JASPAR2024_CORE_vertebrates_non-redundant.meme	MA0083.3	SRF	TGMCCATATATGGKCA	2.18e-6	2.18e-6	1.92e-3	1	6900	6900	0	4.198e+06	1.00e0	2.18e-6	4.36e-6	1.00e0	2.18e-6	4.36e-6
310	JASPAR2024_CORE_vertebrates_non-redundant.meme	MA1101.3	BACH2	CATGASTCATS	4.67e-6	4.67e-6	4.10e-3	1	6900	6900	0	4.210e+06	1.00e0	4.67e-6	9.34e-6	1.00e0	4.67e-6	9.34e-6
311	JASPAR2024_CORE_vertebrates_non-redundant.meme	MA0517.2	STAT1::STAT2	AGTTTCRKTTTCY	9.26e-6	9.26e-6	8.14e-3	1	6900	6900	0	4.222e+06	1.00e0	9.26e-6	1.85e-5	1.00e0	9.26e-6	1.85e-5
312	JASPAR2024_CORE_vertebrates_non-redundant.meme	MA1127.1	FOSB::JUN	GATGACGTCAT	1.00e-5	1.00e-5	8.79e-3	1	6900	6900	0	4.224e+06	1.00e0	1.00e-5	2.00e-5	1.00e0	1.00e-5	2.00e-5
313	JASPAR2024_CORE_vertebrates_non-redundant.meme	MA0883.2	Dmbx1	RWNMGGATTA	1.04e-5	1.04e-5	9.15e-3	1	6900	6900	0	4.224e+06	1.00e0	1.04e-5	2.08e-5	1.00e0	1.04e-5	2.08e-5
314	JASPAR2024_CORE_vertebrates_non-redundant.meme	MA0841.2	NFE2	ATGACTCATS	1.06e-5	1.06e-5	9.28e-3	1	6900	6900	0	4.225e+06	1.00e0	1.06e-5	2.11e-5	1.00e0	1.06e-5	2.11e-5
315	JASPAR2024_CORE_vertebrates_non-redundant.meme	MA1139.2	FOSL2::JUNB	ATGACGTCAT	1.60e-5	1.60e-5	1.41e-2	1	6900	6900	0	4.232e+06	1.00e0	1.60e-5	3.21e-5	1.00e0	1.60e-5	3.21e-5
316	JASPAR2024_CORE_vertebrates_non-redundant.meme	MA1970.2	TRPS1	TCTTATCT	1.63e-5	1.63e-5	1.43e-2	1	6900	6900	0	4.232e+06	1.00e0	1.63e-5	3.25e-5	1.00e0	1.63e-5	3.25e-5
317	JASPAR2024_CORE_vertebrates_non-redundant.meme	MA1104.3	GATA6	TCTTATCT	1.64e-5	1.64e-5	1.44e-2	1	6900	6900	0	4.233e+06	1.00e0	1.64e-5	3.29e-5	1.00e0	1.64e-5	3.29e-5
318	JASPAR2024_CORE_vertebrates_non-redundant.meme	MA0160.3	NR4A2	AAAGGTCA	1.70e-5	1.70e-5	1.49e-2	1	6900	6900	0	4.233e+06	1.00e0	1.70e-5	3.40e-5	1.00e0	1.70e-5	3.40e-5
319	JASPAR2024_CORE_vertebrates_non-redundant.meme	MA1129.1	FOSL1::JUN	ATGACGTCAT	1.70e-5	1.70e-5	1.50e-2	1	6900	6900	0	4.233e+06	1.00e0	1.70e-5	3.41e-5	1.00e0	1.70e-5	3.41e-5
320	JASPAR2024_CORE_vertebrates_non-redundant.meme	MA0089.3	MAFG::NFE2L1	ATGACTCAGCA	1.94e-5	1.94e-5	1.70e-2	1	6900	6900	0	4.236e+06	1.00e0	1.94e-5	3.87e-5	1.00e0	1.94e-5	3.87e-5
321	JASPAR2024_CORE_vertebrates_non-redundant.meme	MA0834.2	ATF7	ATGACGTCAT	2.25e-5	2.25e-5	1.98e-2	1	6900	6900	0	4.238e+06	1.00e0	2.25e-5	4.50e-5	1.00e0	2.25e-5	4.50e-5
322	JASPAR2024_CORE_vertebrates_non-redundant.meme	MA1145.2	FOSL2::JUND	RTGACGTCAY	2.30e-5	2.30e-5	2.02e-2	1	6900	6900	0	4.239e+06	1.00e0	2.30e-5	4.60e-5	1.00e0	2.30e-5	4.60e-5
323	JASPAR2024_CORE_vertebrates_non-redundant.meme	MA1951.2	FOS	GATGACGTCATCR	2.51e-5	2.51e-5	2.20e-2	1	6900	6900	0	4.240e+06	1.00e0	2.51e-5	5.01e-5	1.00e0	2.51e-5	5.01e-5
324	JASPAR2024_CORE_vertebrates_non-redundant.meme	MA0639.2	DBP	RTTACGTAAY	3.75e-5	3.75e-5	3.30e-2	1	6900	6900	0	4.248e+06	1.00e0	3.75e-5	7.51e-5	1.00e0	3.75e-5	7.51e-5
325	JASPAR2024_CORE_vertebrates_non-redundant.meme	MA1958.2	HOXD12::ELK1	CGGAAGTCGTAAA	4.15e-5	4.15e-5	3.65e-2	1	6900	6900	0	4.250e+06	1.00e0	4.15e-5	8.30e-5	1.00e0	4.15e-5	8.30e-5
326	JASPAR2024_CORE_vertebrates_non-redundant.meme	MA0038.3	GFI1	MAATCACDGCA	4.27e-5	4.27e-5	3.76e-2	1	6900	6900	0	4.250e+06	1.00e0	4.27e-5	8.55e-5	1.00e0	4.27e-5	8.55e-5
327	JASPAR2024_CORE_vertebrates_non-redundant.meme	MA2098.1	ZNF766	AAKAAACCT	4.34e-5	4.34e-5	3.82e-2	1	6900	6900	0	4.251e+06	1.00e0	4.34e-5	8.68e-5	1.00e0	4.34e-5	8.68e-5
328	JASPAR2024_CORE_vertebrates_non-redundant.meme	MA0124.3	Nkx3-1	CCACTTA	4.59e-5	4.59e-5	4.03e-2	1	6900	6900	0	4.252e+06	1.00e0	4.59e-5	9.18e-5	1.00e0	4.59e-5	9.18e-5
329	JASPAR2024_CORE_vertebrates_non-redundant.meme	MA1136.1	FOSB::JUNB	RTGACGTCAT	5.85e-5	5.85e-5	5.14e-2	1	6900	6900	0	4.256e+06	1.00e0	5.85e-5	1.17e-4	1.00e0	5.85e-5	1.17e-4
330	JASPAR2024_CORE_vertebrates_non-redundant.meme	MA1150.2	RORB	AWWTRGGTCA	6.48e-5	6.48e-5	5.70e-2	1	6900	6900	0	4.258e+06	1.00e0	6.48e-5	1.30e-4	1.00e0	6.48e-5	1.30e-4
331	JASPAR2024_CORE_vertebrates_non-redundant.meme	MA0466.4	CEBPB	ATTGCGCAAT	6.58e-5	6.58e-5	5.78e-2	1	6900	6900	0	4.259e+06	1.00e0	6.58e-5	1.32e-4	1.00e0	6.58e-5	1.32e-4
332	JASPAR2024_CORE_vertebrates_non-redundant.meme	MA2331.1	ZNF157	AGGCCAGCAATAYACYTTYAC	6.67e-5	6.67e-5	5.86e-2	1	6900	6900	0	4.259e+06	1.00e0	6.67e-5	1.33e-4	1.00e0	6.67e-5	1.33e-4
333	JASPAR2024_CORE_vertebrates_non-redundant.meme	MA0036.4	GATA2	CTTATCT	9.26e-5	9.26e-5	8.14e-2	1	6900	6900	0	4.265e+06	1.00e0	9.26e-5	1.85e-4	1.00e0	9.26e-5	1.85e-4
334	JASPAR2024_CORE_vertebrates_non-redundant.meme	MA0827.1	OLIG3	AMCATATGBY	1.14e-4	1.14e-4	1.01e-1	1	6900	6900	0	4.270e+06	1.00e0	1.14e-4	2.29e-4	1.00e0	1.14e-4	2.29e-4
335	JASPAR2024_CORE_vertebrates_non-redundant.meme	MA0624.3	Nfatc1	TGGAAA	1.32e-4	1.32e-4	1.16e-1	1	6900	6900	0	4.272e+06	1.00e0	1.32e-4	2.64e-4	1.00e0	1.32e-4	2.64e-4
336	JASPAR2024_CORE_vertebrates_non-redundant.meme	MA0018.5	CREB1	TGATGTCA	1.67e-4	1.67e-4	1.47e-1	1	6900	6900	0	4.277e+06	1.00e0	1.67e-4	3.35e-4	1.00e0	1.67e-4	3.35e-4
337	JASPAR2024_CORE_vertebrates_non-redundant.meme	MA2334.1	ZNF547	TGCTAATGCARCA	2.10e-4	2.10e-4	1.84e-1	1	6900	6900	0	4.282e+06	1.00e0	2.10e-4	4.19e-4	1.00e0	2.10e-4	4.19e-4
338	JASPAR2024_CORE_vertebrates_non-redundant.meme	MA1131.2	FOSL2::JUN	RTGACGTMAT	3.89e-4	3.89e-4	3.42e-1	1	6900	6900	0	4.295e+06	1.00e0	3.89e-4	7.77e-4	1.00e0	3.89e-4	7.77e-4
339	JASPAR2024_CORE_vertebrates_non-redundant.meme	MA0656.2	JDP2	ATGACGTCAY	4.60e-4	4.60e-4	4.04e-1	1	6900	6900	0	4.299e+06	1.00e0	4.60e-4	9.20e-4	1.00e0	4.60e-4	9.20e-4
340	JASPAR2024_CORE_vertebrates_non-redundant.meme	MA0115.1	NR1H2::RXRA	AAAGGTCAAAGGTCAAC	5.06e-4	5.06e-4	4.44e-1	1	6900	6900	0	4.301e+06	9.99e-1	5.06e-4	1.01e-3	9.99e-1	5.06e-4	1.01e-3
341	JASPAR2024_CORE_vertebrates_non-redundant.meme	MA0600.3	RFX2	GTTGCCATGGYAAC	5.65e-4	5.65e-4	4.97e-1	1	6900	6900	0	4.303e+06	9.99e-1	5.65e-4	1.13e-3	9.99e-1	5.65e-4	1.13e-3
342	JASPAR2024_CORE_vertebrates_non-redundant.meme	MA1994.2	Nkx2-1	CACTTGA	6.05e-4	6.05e-4	5.31e-1	1	6900	6900	0	4.305e+06	9.99e-1	6.05e-4	1.21e-3	9.99e-1	6.05e-4	1.21e-3
343	JASPAR2024_CORE_vertebrates_non-redundant.meme	MA1480.2	DPRX	AGATAATCC	6.23e-4	6.23e-4	5.48e-1	1	6900	6900	0	4.306e+06	9.99e-1	6.23e-4	1.25e-3	9.99e-1	6.23e-4	1.25e-3
344	JASPAR2024_CORE_vertebrates_non-redundant.meme	MA1470.2	BACH2	AAANSATGACGTCATSNTT	7.15e-4	7.15e-4	6.29e-1	1	6900	6900	0	4.309e+06	9.99e-1	7.15e-4	1.43e-3	9.99e-1	7.15e-4	1.43e-3
345	JASPAR2024_CORE_vertebrates_non-redundant.meme	MA1151.2	RORC	AWNTRGGTCA	7.47e-4	7.47e-4	6.57e-1	1	6900	6900	0	4.310e+06	9.99e-1	7.47e-4	1.49e-3	9.99e-1	7.47e-4	1.49e-3
346	JASPAR2024_CORE_vertebrates_non-redundant.meme	MA1525.3	NFATC4	AYGGAAAMW	7.77e-4	7.77e-4	6.83e-1	1	6900	6900	0	4.311e+06	9.99e-1	7.77e-4	1.55e-3	9.99e-1	7.77e-4	1.55e-3
347	JASPAR2024_CORE_vertebrates_non-redundant.meme	MA0817.2	BHLHE23	AACATATGBT	8.20e-4	8.20e-4	7.20e-1	1	6900	6900	0	4.312e+06	9.99e-1	8.20e-4	1.64e-3	9.99e-1	8.20e-4	1.64e-3
348	JASPAR2024_CORE_vertebrates_non-redundant.meme	MA1546.2	PAX3	SGTCACGSYWATTA	9.43e-4	9.43e-4	8.29e-1	1	6900	6900	0	4.315e+06	9.99e-1	9.43e-4	1.89e-3	9.99e-1	9.43e-4	1.89e-3
349	JASPAR2024_CORE_vertebrates_non-redundant.meme	MA1544.2	OVOL1	RWACCGTTAT	1.17e-3	1.17e-3	1.03e0	1	6900	6900	0	4.320e+06	9.99e-1	1.17e-3	2.34e-3	9.99e-1	1.17e-3	2.34e-3
350	JASPAR2024_CORE_vertebrates_non-redundant.meme	MA0117.3	Mafb	AWWNTGCTGAC	1.25e-3	1.25e-3	1.10e0	1	6900	6900	0	4.322e+06	9.99e-1	1.25e-3	2.50e-3	9.99e-1	1.25e-3	2.50e-3
351	JASPAR2024_CORE_vertebrates_non-redundant.meme	MA1632.2	ATF2	ATGABGTCAT	1.43e-3	1.43e-3	1.26e0	1	6900	6900	0	4.325e+06	9.99e-1	1.43e-3	2.86e-3	9.99e-1	1.43e-3	2.86e-3
352	JASPAR2024_CORE_vertebrates_non-redundant.meme	MA0842.3	NRL	AWWNTGCTGACG	1.68e-3	1.68e-3	1.47e0	1	6900	6900	0	4.329e+06	9.98e-1	1.68e-3	3.35e-3	9.98e-1	1.68e-3	3.35e-3
353	JASPAR2024_CORE_vertebrates_non-redundant.meme	MA0687.2	SPIC	AAAAGVGGAAGTA	1.97e-3	1.97e-3	1.73e0	1	6900	6900	0	4.333e+06	9.98e-1	1.97e-3	3.93e-3	9.98e-1	1.97e-3	3.93e-3
354	JASPAR2024_CORE_vertebrates_non-redundant.meme	MA1547.2	PITX2	YTAATCCY	2.29e-3	2.29e-3	2.01e0	1	6900	6900	0	4.337e+06	9.98e-1	2.29e-3	4.58e-3	9.98e-1	2.29e-3	4.58e-3
355	JASPAR2024_CORE_vertebrates_non-redundant.meme	MA0037.5	Gata3	TCTTATCT	2.79e-3	2.79e-3	2.45e0	1	6900	6900	0	4.342e+06	9.97e-1	2.79e-3	5.58e-3	9.97e-1	2.79e-3	5.58e-3
356	JASPAR2024_CORE_vertebrates_non-redundant.meme	MA1509.1	IRF6	ACCGAAACT	3.30e-3	3.30e-3	2.90e0	1	6900	6900	0	4.346e+06	9.97e-1	3.30e-3	6.60e-3	9.97e-1	3.30e-3	6.60e-3
357	JASPAR2024_CORE_vertebrates_non-redundant.meme	MA0776.1	MYBL1	ACCGTTAACSGY	3.54e-3	3.54e-3	3.12e0	1	6900	6900	0	4.348e+06	9.96e-1	3.54e-3	7.09e-3	9.96e-1	3.54e-3	7.09e-3
358	JASPAR2024_CORE_vertebrates_non-redundant.meme	MA1126.2	FOS::JUN	RTGACGTCAT	3.77e-3	3.77e-3	3.32e0	1	6900	6900	0	4.350e+06	9.96e-1	3.77e-3	7.54e-3	9.96e-1	3.77e-3	7.54e-3
359	JASPAR2024_CORE_vertebrates_non-redundant.meme	MA0019.2	Ddit3::Cebpa	RTGCAATMCC	3.93e-3	3.93e-3	3.46e0	1	6900	6900	0	4.351e+06	9.96e-1	3.93e-3	7.87e-3	9.96e-1	3.93e-3	7.87e-3
360	JASPAR2024_CORE_vertebrates_non-redundant.meme	MA0605.3	ATF3	RTGACGTCAY	4.88e-3	4.88e-3	4.29e0	1	6900	6900	0	4.357e+06	9.95e-1	4.88e-3	9.77e-3	9.95e-1	4.88e-3	9.77e-3
361	JASPAR2024_CORE_vertebrates_non-redundant.meme	MA0164.2	Nr2e3	AAGCTT	5.26e-3	5.26e-3	4.62e0	1	6900	6900	0	4.359e+06	9.95e-1	5.26e-3	1.05e-2	9.95e-1	5.26e-3	1.05e-2
362	JASPAR2024_CORE_vertebrates_non-redundant.meme	MA1420.1	IRF5	CCGAAACCGAAACY	6.46e-3	6.46e-3	5.67e0	1	6900	6900	0	4.364e+06	9.94e-1	6.46e-3	1.29e-2	9.94e-1	6.46e-3	1.29e-2
363	JASPAR2024_CORE_vertebrates_non-redundant.meme	MA2327.1	PGR	ACANNNTGT	7.77e-3	7.77e-3	6.83e0	1	6900	6900	0	4.370e+06	9.92e-1	7.77e-3	1.55e-2	9.92e-1	7.77e-3	1.55e-2
364	JASPAR2024_CORE_vertebrates_non-redundant.meme	MA1133.2	JUN::JUNB	KRTGACGTCAT	7.86e-3	7.86e-3	6.91e0	1	6900	6900	0	4.370e+06	9.92e-1	7.86e-3	1.57e-2	9.92e-1	7.86e-3	1.57e-2
365	JASPAR2024_CORE_vertebrates_non-redundant.meme	MA1720.2	ZNF85	GAGATTACWKCA	8.02e-3	8.02e-3	7.05e0	1	6900	6900	0	4.371e+06	9.92e-1	8.02e-3	1.60e-2	9.92e-1	8.02e-3	1.60e-2
366	JASPAR2024_CORE_vertebrates_non-redundant.meme	MA0501.2	MAF::NFE2	ATGACTCAGCA	8.40e-3	8.40e-3	7.38e0	1	6900	6900	0	4.372e+06	9.92e-1	8.40e-3	1.68e-2	9.92e-1	8.40e-3	1.68e-2
367	JASPAR2024_CORE_vertebrates_non-redundant.meme	MA1960.2	MGA::EVX1	RGGTGWTAATK	9.23e-3	9.23e-3	8.11e0	1	6900	6900	0	4.375e+06	9.91e-1	9.23e-3	1.85e-2	9.91e-1	9.23e-3	1.85e-2
368	JASPAR2024_CORE_vertebrates_non-redundant.meme	MA1588.1	ZNF136	RWATTCTTGGTTGRC	1.10e-2	1.10e-2	9.68e0	1	6900	6900	0	4.380e+06	9.89e-1	1.10e-2	2.20e-2	9.89e-1	1.10e-2	2.20e-2

# AME (Analysis of Motif Enrichment): Version 5.5.5 compiled on Dec  7 2023 at 04:31:55
# The format of this file is described at http://localhost:8080/meme_5.5.5/doc/ame-output-format.html.
# ame --control CHD_specific.fa --oc . --scoring avg --method ranksum --hit-lo-fraction 0.25 --evalue-report-threshold 10 --verbose 1 HFD_specific.fa JASPAR2024_CORE_vertebrates_non-redundant.meme
