rank	motif_DB	motif_ID	motif_alt_ID	consensus	p-value	adj_p-value	E-value	tests	FASTA_max	pos	neg	PWM_min	TP	%TP	FP	%FP
1	JASPAR2024_CORE_vertebrates_non-redundant.meme	MA2333.1	ZNF35	AATTCTA	8.01e-321	4.81e-316	4.23e-313	60055	6900	6900	53397	11	5139	74.48	27022	50.61
2	JASPAR2024_CORE_vertebrates_non-redundant.meme	MA0723.3	VAX2	YAATTA	1.42e-310	8.50e-306	7.47e-303	59998	6900	6900	53397	13	5378	77.94	29331	54.93
3	JASPAR2024_CORE_vertebrates_non-redundant.meme	MA1498.3	HOXA7	YMATTA	2.01e-310	1.21e-305	1.06e-302	60182	6900	6900	53397	14	5167	74.88	27483	51.47
4	JASPAR2024_CORE_vertebrates_non-redundant.meme	MA0675.2	NKX6-2	YMATTA	1.75e-292	1.05e-287	9.23e-285	60098	6900	6900	53397	15	4596	66.61	23165	43.38
5	JASPAR2024_CORE_vertebrates_non-redundant.meme	MA0630.2	SHOX	TAATTR	1.02e-291	6.11e-287	5.37e-284	59682	6900	6900	53397	10	5323	77.14	29253	54.78
6	JASPAR2024_CORE_vertebrates_non-redundant.meme	MA0634.2	ALX3	YAATTA	1.13e-281	6.76e-277	5.94e-274	59592	6900	6900	53397	12	5072	73.51	27300	51.13
7	JASPAR2024_CORE_vertebrates_non-redundant.meme	MA0892.2	GSX1	YMATTA	8.93e-278	5.37e-273	4.72e-270	60100	6900	6900	53397	12	5787	83.87	33866	63.42
8	JASPAR2024_CORE_vertebrates_non-redundant.meme	MA0717.2	RAX2	YAATTA	3.09e-277	1.85e-272	1.63e-269	59956	6900	6900	53397	12	4954	71.80	26406	49.45
9	JASPAR2024_CORE_vertebrates_non-redundant.meme	MA0721.2	UNCX	YAATTA	1.07e-273	6.40e-269	5.63e-266	59837	6900	6900	53397	12	5043	73.09	27234	51.00
10	JASPAR2024_CORE_vertebrates_non-redundant.meme	MA0880.2	Dlx3	YAATTA	2.51e-273	1.51e-268	1.33e-265	60099	6900	6900	53397	11	5422	78.58	30552	57.22
11	JASPAR2024_CORE_vertebrates_non-redundant.meme	MA0722.2	VAX1	YTAATTA	5.10e-259	3.05e-254	2.68e-251	59858	6900	6900	53397	12	4906	71.10	26423	49.48
12	JASPAR2024_CORE_vertebrates_non-redundant.meme	MA0903.2	HOXB3	YMATTA	1.05e-255	6.26e-251	5.50e-248	59815	6900	6900	53397	9	5309	76.94	29952	56.09
13	JASPAR2024_CORE_vertebrates_non-redundant.meme	MA0699.2	LBX2	YAATTA	3.05e-254	1.83e-249	1.61e-246	60121	6900	6900	53397	11	5232	75.83	29310	54.89
14	JASPAR2024_CORE_vertebrates_non-redundant.meme	MA0662.2	MIXL1	YAATTA	1.26e-253	7.52e-249	6.61e-246	59770	6900	6900	53397	12	4707	68.22	24919	46.67
15	JASPAR2024_CORE_vertebrates_non-redundant.meme	MA0887.2	EVX1	TAATTA	2.04e-253	1.22e-248	1.07e-245	59718	6900	6900	53397	10	5068	73.45	27916	52.28
16	JASPAR2024_CORE_vertebrates_non-redundant.meme	MA0084.2	SRY	WAACAAT	4.45e-250	2.66e-245	2.33e-242	59624	6900	6900	53397	7	5455	79.06	31393	58.79
17	JASPAR2024_CORE_vertebrates_non-redundant.meme	MA0881.2	Dlx4	YAATTA	7.42e-244	4.44e-239	3.90e-236	59884	6900	6900	53397	9	5096	73.86	28383	53.15
18	JASPAR2024_CORE_vertebrates_non-redundant.meme	MA1497.2	HOXA6	GYMATTA	3.16e-241	1.90e-236	1.67e-233	60199	6900	6900	53397	11	5264	76.29	29902	56.00
19	JASPAR2024_CORE_vertebrates_non-redundant.meme	MA0888.2	EVX2	TAATTA	2.21e-236	1.32e-231	1.16e-228	59608	6900	6900	53397	10	4580	66.38	24308	45.52
20	JASPAR2024_CORE_vertebrates_non-redundant.meme	MA0718.2	RAX	YAATTA	9.05e-235	5.15e-230	4.53e-227	56914	6900	6900	53397	6	4906	71.10	27001	50.57
21	JASPAR2024_CORE_vertebrates_non-redundant.meme	MA0704.2	Lhx4	TAATTA	2.68e-234	1.59e-229	1.39e-226	59237	6900	6900	53397	8	5240	75.94	29861	55.92
22	JASPAR2024_CORE_vertebrates_non-redundant.meme	MA0716.2	PRRX1	YAATTA	3.24e-233	1.90e-228	1.67e-225	58647	6900	6900	53397	8	4734	68.61	25624	47.99
23	JASPAR2024_CORE_vertebrates_non-redundant.meme	MA0868.3	SOX8	AACAATR	1.78e-231	1.05e-226	9.22e-224	59070	6900	6900	53397	5	5627	81.55	33427	62.60
24	JASPAR2024_CORE_vertebrates_non-redundant.meme	MA0792.1	POU5F1B	TATGCWAAT	5.06e-229	2.70e-224	2.37e-221	53354	6900	6900	53397	3	5032	72.93	28201	52.81
25	JASPAR2024_CORE_vertebrates_non-redundant.meme	MA1505.2	HOXC8	TAATTA	1.04e-225	6.13e-221	5.39e-218	58807	6900	6900	53397	9	4309	62.45	22441	42.03
26	JASPAR2024_CORE_vertebrates_non-redundant.meme	MA0879.3	DLX1	YAATTA	4.33e-223	2.58e-218	2.27e-215	59508	6900	6900	53397	8	4644	67.30	25145	47.09
27	JASPAR2024_CORE_vertebrates_non-redundant.meme	MA1115.2	POU5F1	ATGCAAA	2.93e-222	1.72e-217	1.52e-214	58755	6900	6900	53397	5	5225	75.72	30030	56.24
28	JASPAR2024_CORE_vertebrates_non-redundant.meme	MA0108.3	TBP	TATAAAW	1.21e-221	6.66e-217	5.85e-214	55136	6900	6900	53397	5	5277	76.48	30501	57.12
29	JASPAR2024_CORE_vertebrates_non-redundant.meme	MA0882.2	DLX6	YAATTA	7.24e-217	4.22e-212	3.71e-209	58267	6900	6900	53397	6	5030	72.90	28490	53.36
30	JASPAR2024_CORE_vertebrates_non-redundant.meme	MA0891.2	GSC2	TAATCC	1.19e-216	7.14e-212	6.28e-209	60232	6900	6900	53397	10	5286	76.61	30707	57.51
31	JASPAR2024_CORE_vertebrates_non-redundant.meme	MA1152.2	SOX15	CYWTTGT	7.75e-216	4.63e-211	4.07e-208	59692	6900	6900	53397	6	5499	79.70	32636	61.12
32	JASPAR2024_CORE_vertebrates_non-redundant.meme	MA0710.2	NOTO	YTAATTA	1.29e-212	7.12e-208	6.26e-205	55311	6900	6900	53397	5	4387	63.58	23369	43.76
33	JASPAR2024_CORE_vertebrates_non-redundant.meme	MA0674.2	NKX6-1	TMATTAA	1.17e-209	6.76e-205	5.94e-202	57803	6900	6900	53397	5	4870	70.58	27333	51.19
34	JASPAR2024_CORE_vertebrates_non-redundant.meme	MA0706.2	MEOX2	STAATTA	6.30e-208	3.78e-203	3.32e-200	59965	6900	6900	53397	10	5063	73.38	29001	54.31
35	JASPAR2024_CORE_vertebrates_non-redundant.meme	MA1471.2	BARX2	WAAYMATTA	2.91e-204	1.52e-199	1.34e-196	52192	6900	6900	53397	3	4917	71.26	27865	52.18
36	JASPAR2024_CORE_vertebrates_non-redundant.meme	MA0786.2	POU3F1	WTATGCWAAT	4.28e-204	2.03e-199	1.79e-196	47515	6900	6900	53397	2	5101	73.93	29426	55.11
37	JASPAR2024_CORE_vertebrates_non-redundant.meme	MA0725.2	VSX1	YTAATTA	3.33e-203	1.94e-198	1.70e-195	58232	6900	6900	53397	8	4332	62.78	23179	43.41
38	JASPAR2024_CORE_vertebrates_non-redundant.meme	MA0700.3	LHX2	CAATTA	3.95e-197	2.13e-192	1.88e-189	54027	6900	6900	53397	3	5089	73.75	29508	55.26
39	JASPAR2024_CORE_vertebrates_non-redundant.meme	MA0602.2	Arid5a	YAATATTG	7.27e-197	3.48e-192	3.06e-189	47933	6900	6900	53397	3	4999	72.45	28750	53.84
40	JASPAR2024_CORE_vertebrates_non-redundant.meme	MA0914.2	ISL2	CAMTTA	2.97e-195	1.79e-190	1.57e-187	60285	6900	6900	53397	13	5271	76.39	31135	58.31
41	JASPAR2024_CORE_vertebrates_non-redundant.meme	MA0635.2	BARHL2	TAAAYG	3.78e-195	2.22e-190	1.95e-187	58697	6900	6900	53397	7	4510	65.36	24789	46.42
42	JASPAR2024_CORE_vertebrates_non-redundant.meme	MA0025.3	NFIL3	TTATGYAAT	1.82e-193	9.21e-189	8.10e-186	50659	6900	6900	53397	3	4133	59.90	21898	41.01
43	JASPAR2024_CORE_vertebrates_non-redundant.meme	MA0601.2	Arid3b	TATTAAT	1.69e-190	8.81e-186	7.75e-183	52117	6900	6900	53397	4	4965	71.96	28635	53.63
44	JASPAR2024_CORE_vertebrates_non-redundant.meme	MA0143.5	SOX2	ACAATGG	1.50e-190	8.91e-186	7.83e-183	59411	6900	6900	53397	6	4456	64.58	24483	45.85
45	JASPAR2024_CORE_vertebrates_non-redundant.meme	MA2124.1	Hmga1	ATTTTTAW	1.93e-188	8.90e-184	7.82e-181	46109	6900	6900	53397	2	4945	71.67	28523	53.42
46	JASPAR2024_CORE_vertebrates_non-redundant.meme	MA0899.2	HOXA10	GYMATAAAA	4.33e-188	2.46e-183	2.17e-180	56984	6900	6900	53397	4	5466	79.22	33065	61.92
47	JASPAR2024_CORE_vertebrates_non-redundant.meme	MA0125.2	Nobox	TAATTR	1.44e-186	8.18e-182	7.19e-179	56853	6900	6900	53397	4	5145	74.57	30275	56.70
48	JASPAR2024_CORE_vertebrates_non-redundant.meme	MA0077.2	SOX9	CYATTGTT	8.83e-186	5.26e-181	4.63e-178	59576	6900	6900	53397	6	4664	67.59	26278	49.21
49	JASPAR2024_CORE_vertebrates_non-redundant.meme	MA0785.2	POU2F1	TATGCWAAT	4.04e-185	1.97e-180	1.73e-177	48829	6900	6900	53397	3	3728	54.03	19090	35.75
50	JASPAR2024_CORE_vertebrates_non-redundant.meme	MA1120.2	SOX13	ACAATGG	4.17e-184	2.46e-179	2.17e-176	59128	6900	6900	53397	6	3945	57.17	20722	38.81
51	JASPAR2024_CORE_vertebrates_non-redundant.meme	MA0709.2	Msx3	CAATTA	1.88e-176	1.04e-171	9.14e-169	55397	6900	6900	53397	4	5004	72.52	29353	54.97
52	JASPAR2024_CORE_vertebrates_non-redundant.meme	MA0720.2	Shox2	YAATTA	7.69e-175	4.18e-170	3.68e-167	54393	6900	6900	53397	4	4855	70.36	28150	52.72
53	JASPAR2024_CORE_vertebrates_non-redundant.meme	MA2117.1	FOXP4	GTAAACA	1.64e-173	9.76e-169	8.58e-166	59625	6900	6900	53397	5	5922	85.83	37748	70.69
54	JASPAR2024_CORE_vertebrates_non-redundant.meme	MA1500.2	HOXB6	TAATKRC	5.67e-170	3.40e-165	2.98e-162	59876	6900	6900	53397	8	4387	63.58	24504	45.89
55	JASPAR2024_CORE_vertebrates_non-redundant.meme	MA0027.3	EN1	YAATTA	3.23e-169	1.84e-164	1.62e-161	57000	6900	6900	53397	5	4640	67.25	26547	49.72
56	JASPAR2024_CORE_vertebrates_non-redundant.meme	MA0910.3	HOXD8	GYMATTA	5.24e-169	2.61e-164	2.29e-161	49779	6900	6900	53397	3	4186	60.67	22964	43.01
57	JASPAR2024_CORE_vertebrates_non-redundant.meme	MA0890.2	GBX2	YAATTA	6.41e-168	3.49e-163	3.07e-160	54458	6900	6900	53397	4	4739	68.68	27391	51.30
58	JASPAR2024_CORE_vertebrates_non-redundant.meme	MA0481.4	FOXP1	GTAAACA	4.26e-166	2.49e-161	2.19e-158	58396	6900	6900	53397	4	5626	81.54	35138	65.81
59	JASPAR2024_CORE_vertebrates_non-redundant.meme	MA0876.2	BSX	YVATTA	1.35e-165	7.86e-161	6.91e-158	58355	6900	6900	53397	5	4830	70.00	28208	52.83
60	JASPAR2024_CORE_vertebrates_non-redundant.meme	MA0465.3	CDX2	GCAATAAA	1.43e-164	7.87e-160	6.92e-157	54935	6900	6900	53397	3	4979	72.16	29483	55.21
61	JASPAR2024_CORE_vertebrates_non-redundant.meme	MA1502.2	HOXB8	GYMATTA	1.09e-162	5.47e-158	4.81e-155	50178	6900	6900	53397	3	4209	61.00	23321	43.67
62	JASPAR2024_CORE_vertebrates_non-redundant.meme	MA0514.3	Sox3	ACAATGG	2.09e-162	1.23e-157	1.09e-154	59156	6900	6900	53397	5	4732	68.58	27494	51.49
63	JASPAR2024_CORE_vertebrates_non-redundant.meme	MA0480.3	Foxo1	GTAAACA	2.40e-162	1.44e-157	1.27e-154	60188	6900	6900	53397	7	6078	88.09	39606	74.17
64	JASPAR2024_CORE_vertebrates_non-redundant.meme	MA0052.5	MEF2A	CTAAAAATAG	1.23e-161	6.09e-157	5.35e-154	49446	6900	6900	53397	3	4081	59.14	22366	41.89
65	JASPAR2024_CORE_vertebrates_non-redundant.meme	MA0790.2	POU4F1	TGMATAATTAAT	2.23e-161	8.06e-157	7.08e-154	36165	6900	6900	53397	2	3683	53.38	19390	36.31
66	JASPAR2024_CORE_vertebrates_non-redundant.meme	MA0886.2	EMX2	TAATTA	2.82e-161	1.40e-156	1.23e-153	49666	6900	6900	53397	3	4192	60.75	23230	43.50
67	JASPAR2024_CORE_vertebrates_non-redundant.meme	MA0850.1	FOXP3	RTAAACA	2.79e-160	1.68e-155	1.47e-152	60082	6900	6900	53397	8	4763	69.03	27811	52.08
68	JASPAR2024_CORE_vertebrates_non-redundant.meme	MA0726.2	VSX2	CTAATTA	2.04e-159	1.12e-154	9.87e-152	55071	6900	6900	53397	6	3605	52.25	18873	35.34
69	JASPAR2024_CORE_vertebrates_non-redundant.meme	MA1481.2	DRGX	YAATTA	2.15e-159	1.21e-154	1.06e-151	56097	6900	6900	53397	5	4632	67.13	26768	50.13
70	JASPAR2024_CORE_vertebrates_non-redundant.meme	MA1606.2	Foxf1	RTAAACA	3.89e-159	2.23e-154	1.96e-151	57181	6900	6900	53397	4	4960	71.88	29483	55.21
71	JASPAR2024_CORE_vertebrates_non-redundant.meme	MA0654.2	ISX	YAATTA	4.58e-159	2.26e-154	1.99e-151	49323	6900	6900	53397	3	4398	63.74	24905	46.64
72	JASPAR2024_CORE_vertebrates_non-redundant.meme	MA1978.2	ZNF354A	WAADWATAAATGRAYWAWTT	8.23e-159	3.37e-154	2.96e-151	40885	6900	6900	53397	2	3950	57.25	21451	40.17
73	JASPAR2024_CORE_vertebrates_non-redundant.meme	MA1683.2	FOXA3	GTAAACA	6.47e-159	3.79e-154	3.33e-151	58570	6900	6900	53397	4	5627	81.55	35353	66.21
74	JASPAR2024_CORE_vertebrates_non-redundant.meme	MA0845.1	FOXB1	WATGTAAATAT	1.01e-157	4.68e-153	4.11e-150	46405	6900	6900	53397	2	4702	68.14	27387	51.29
75	JASPAR2024_CORE_vertebrates_non-redundant.meme	MA0791.2	POU4F3	TGMATWATTAAT	8.68e-157	2.95e-152	2.60e-149	34053	6900	6900	53397	1	4911	71.17	29142	54.58
76	JASPAR2024_CORE_vertebrates_non-redundant.meme	MA0901.3	HOXB13	CCAATAAAA	1.46e-155	6.99e-151	6.14e-148	48002	6900	6900	53397	2	4946	71.68	29472	55.19
77	JASPAR2024_CORE_vertebrates_non-redundant.meme	MA0846.2	FOXC2	WAWGTAAACAW	3.77e-155	2.00e-150	1.76e-147	53046	6900	6900	53397	3	4781	69.29	28112	52.65
78	JASPAR2024_CORE_vertebrates_non-redundant.meme	MA0650.4	Hoxa13	CCAATAAA	1.52e-154	8.39e-150	7.38e-147	55218	6900	6900	53397	3	5084	73.68	30671	57.44
79	JASPAR2024_CORE_vertebrates_non-redundant.meme	MA0151.1	Arid3a	ATYAAA	3.85e-154	1.82e-149	1.60e-146	47177	6900	6900	53397	2	4856	70.38	28763	53.87
80	JASPAR2024_CORE_vertebrates_non-redundant.meme	MA1103.3	FOXK2	GTAAACA	1.08e-152	6.32e-148	5.56e-145	58383	6900	6900	53397	3	6239	90.42	41532	77.78
81	JASPAR2024_CORE_vertebrates_non-redundant.meme	MA0047.4	FOXA2	WGTAAACA	7.74e-152	4.32e-147	3.79e-144	55794	6900	6900	53397	3	5318	77.07	32780	61.39
82	JASPAR2024_CORE_vertebrates_non-redundant.meme	MA0788.1	POU3F3	WWTATGCWAATTW	1.77e-151	6.27e-147	5.52e-144	35543	6900	6900	53397	1	5052	73.22	30491	57.10
83	JASPAR2024_CORE_vertebrates_non-redundant.meme	MA0628.2	POU6F1	TAATTA	6.89e-150	3.54e-145	3.11e-142	51406	6900	6900	53397	4	5462	79.16	34118	63.89
84	JASPAR2024_CORE_vertebrates_non-redundant.meme	MA0157.4	Foxo3	GTAAACA	1.98e-149	1.17e-144	1.03e-141	59333	6900	6900	53397	4	6066	87.91	39841	74.61
85	JASPAR2024_CORE_vertebrates_non-redundant.meme	MA1607.2	Foxl2	WATGTAAACA	4.38e-149	2.36e-144	2.07e-141	53928	6900	6900	53397	2	5907	85.61	38283	71.70
86	JASPAR2024_CORE_vertebrates_non-redundant.meme	MA0032.2	FOXC1	WAWGTAAAYAW	6.37e-149	3.19e-144	2.80e-141	50015	6900	6900	53397	3	4122	59.74	23052	43.17
87	JASPAR2024_CORE_vertebrates_non-redundant.meme	MA0875.2	BARX1	CMATTA	3.54e-146	2.00e-141	1.76e-138	56549	6900	6900	53397	4	4575	66.30	26706	50.01
88	JASPAR2024_CORE_vertebrates_non-redundant.meme	MA0148.5	FOXA1	GTAAACAT	1.23e-144	6.75e-140	5.93e-137	55014	6900	6900	53397	3	4949	71.72	29831	55.87
89	JASPAR2024_CORE_vertebrates_non-redundant.meme	MA0642.3	EN2	SYAATTA	1.13e-142	6.22e-138	5.46e-135	55148	6900	6900	53397	4	4283	62.07	24493	45.87
90	JASPAR2024_CORE_vertebrates_non-redundant.meme	MA0606.3	Nfat5	ATGGAAAA	2.45e-142	1.46e-137	1.28e-134	59554	6900	6900	53397	6	4628	67.07	27254	51.04
91	JASPAR2024_CORE_vertebrates_non-redundant.meme	MA2118.1	FOXS1	TGTAAACA	2.69e-141	1.55e-136	1.36e-133	57808	6900	6900	53397	4	5110	74.06	31300	58.62
92	JASPAR2024_CORE_vertebrates_non-redundant.meme	MA0132.3	PDX1	YAATTA	8.20e-141	3.78e-136	3.32e-133	46093	6900	6900	53397	2	4646	67.33	27448	51.40
93	JASPAR2024_CORE_vertebrates_non-redundant.meme	MA0893.3	GSX2	SYMATTA	1.71e-140	1.01e-135	8.88e-133	58948	6900	6900	53397	5	4804	69.62	28753	53.85
94	JASPAR2024_CORE_vertebrates_non-redundant.meme	MA0902.3	HOXB2	YAATTA	1.11e-138	5.55e-134	4.88e-131	50106	6900	6900	53397	3	4026	58.35	22626	42.37
95	JASPAR2024_CORE_vertebrates_non-redundant.meme	MA0895.2	HMBOX1	TAGTTAM	2.80e-138	1.66e-133	1.46e-130	59167	6900	6900	53397	6	4467	64.74	26086	48.85
96	JASPAR2024_CORE_vertebrates_non-redundant.meme	MA0787.1	POU3F2	WTATGCWAATKA	9.09e-138	3.09e-133	2.72e-130	34024	6900	6900	53397	1	4845	70.22	29179	54.65
97	JASPAR2024_CORE_vertebrates_non-redundant.meme	MA0102.5	CEBPA	ATTGCACAAT	2.06e-136	1.03e-131	9.02e-129	49740	6900	6900	53397	3	3485	50.51	18655	34.94
98	JASPAR2024_CORE_vertebrates_non-redundant.meme	MA1113.3	PBX2	CATAAATCA	8.75e-136	4.22e-131	3.71e-128	48179	6900	6900	53397	2	4863	70.48	29392	55.04
99	JASPAR2024_CORE_vertebrates_non-redundant.meme	MA1640.2	MEIS2	TGATTTATG	1.44e-135	7.11e-131	6.25e-128	49458	6900	6900	53397	2	5033	72.94	30826	57.73
100	JASPAR2024_CORE_vertebrates_non-redundant.meme	MA1603.2	Dmrt1	TACAAAGTA	9.33e-134	4.80e-129	4.22e-126	51433	6900	6900	53397	3	4140	60.00	23658	44.31
101	JASPAR2024_CORE_vertebrates_non-redundant.meme	MA0627.3	POU2F3	TATGCAAAT	1.06e-133	4.86e-129	4.27e-126	45709	6900	6900	53397	2	4311	62.48	24995	46.81
102	JASPAR2024_CORE_vertebrates_non-redundant.meme	MA0068.2	PAX4	CTAATTAG	7.94e-133	4.28e-128	3.76e-125	53876	6900	6900	53397	4	4319	62.59	25086	46.98
103	JASPAR2024_CORE_vertebrates_non-redundant.meme	MA1504.2	HOXC4	TMATTA	3.96e-131	2.02e-126	1.77e-123	50974	6900	6900	53397	3	4060	58.84	23124	43.31
104	JASPAR2024_CORE_vertebrates_non-redundant.meme	MA0848.1	FOXO4	GTAAACA	4.50e-130	2.59e-125	2.27e-122	57450	6900	6900	53397	3	5738	83.16	37248	69.76
105	JASPAR2024_CORE_vertebrates_non-redundant.meme	MA0031.2	FOXD1	GTAAACA	8.56e-130	4.75e-125	4.17e-122	55474	6900	6900	53397	3	4952	71.77	30330	56.80
106	JASPAR2024_CORE_vertebrates_non-redundant.meme	MA0648.2	GSC	TAATCC	8.78e-128	5.09e-123	4.48e-120	58043	6900	6900	53397	4	4861	70.45	29636	55.50
107	JASPAR2024_CORE_vertebrates_non-redundant.meme	MA1499.2	HOXB4	TMATTA	1.89e-127	9.00e-123	7.91e-120	47710	6900	6900	53397	3	3815	55.29	21376	40.03
108	JASPAR2024_CORE_vertebrates_non-redundant.meme	MA1636.2	CEBPG	ATGATGCAAT	1.07e-126	4.50e-122	3.95e-119	42023	6900	6900	53397	2	3560	51.59	19500	36.52
109	JASPAR2024_CORE_vertebrates_non-redundant.meme	MA0894.2	HESX1	TAATTR	3.73e-126	1.79e-121	1.57e-118	48046	6900	6900	53397	3	4068	58.96	23346	43.72
110	JASPAR2024_CORE_vertebrates_non-redundant.meme	MA0909.4	Hoxd13	CAATAAA	1.46e-125	5.82e-121	5.12e-118	39734	6900	6900	53397	2	3401	49.29	18372	34.41
111	JASPAR2024_CORE_vertebrates_non-redundant.meme	MA0789.1	POU3F4	TATGCWAAT	4.10e-125	1.48e-120	1.30e-117	36210	6900	6900	53397	1	5034	72.96	31176	58.39
112	JASPAR2024_CORE_vertebrates_non-redundant.meme	MA0681.3	PHOX2B	TAATCAAATTAW	1.92e-124	5.46e-120	4.80e-117	28415	6900	6900	53397	1	4176	60.52	24239	45.39
113	JASPAR2024_CORE_vertebrates_non-redundant.meme	MA0852.3	FOXK1	GTAAACA	4.33e-124	2.47e-119	2.17e-116	57057	6900	6900	53397	3	5526	80.09	35499	66.48
114	JASPAR2024_CORE_vertebrates_non-redundant.meme	MA0041.3	FOXD3	WAWGHAAATAAACA	9.11e-122	4.60e-117	4.04e-114	50451	6900	6900	53397	2	5377	77.93	34249	64.14
115	JASPAR2024_CORE_vertebrates_non-redundant.meme	MA0904.3	HOXB5	TAATTA	6.37e-121	3.16e-116	2.78e-113	49605	6900	6900	53397	4	4446	64.43	26486	49.60
116	JASPAR2024_CORE_vertebrates_non-redundant.meme	MA0680.3	Pax7	TAATCAATTA	3.27e-120	1.13e-115	9.89e-113	34435	6900	6900	53397	1	4827	69.96	29608	55.45
117	JASPAR2024_CORE_vertebrates_non-redundant.meme	MA0713.1	PHOX2A	TAATYYAATTA	3.02e-120	1.16e-115	1.02e-112	38548	6900	6900	53397	2	3901	56.54	22261	41.69
118	JASPAR2024_CORE_vertebrates_non-redundant.meme	MA0769.3	TCF7	CTTTGAW	1.03e-119	6.16e-115	5.41e-112	59593	6900	6900	53397	5	5131	74.36	32183	60.27
119	JASPAR2024_CORE_vertebrates_non-redundant.meme	MA0836.3	CEBPD	TTGCACAA	4.87e-118	2.70e-113	2.37e-110	55355	6900	6900	53397	3	4811	69.72	29550	55.34
120	JASPAR2024_CORE_vertebrates_non-redundant.meme	MA0612.3	EMX1	TAATTA	1.30e-117	5.43e-113	4.77e-110	41673	6900	6900	53397	2	4166	60.38	24390	45.68
121	JASPAR2024_CORE_vertebrates_non-redundant.meme	MA1549.2	POU6F1	TAATGAG	1.02e-117	5.81e-113	5.11e-110	56715	6900	6900	53397	4	4154	60.20	24293	45.50
122	JASPAR2024_CORE_vertebrates_non-redundant.meme	MA1963.2	SATB1	CTAATAA	1.22e-116	5.03e-112	4.42e-109	41281	6900	6900	53397	2	3615	52.39	20229	37.88
123	JASPAR2024_CORE_vertebrates_non-redundant.meme	MA1501.2	HOXB7	GTAATTA	3.45e-116	1.91e-111	1.68e-108	55377	6900	6900	53397	3	4726	68.49	28914	54.15
124	JASPAR2024_CORE_vertebrates_non-redundant.meme	MA1142.2	FOSL1::JUND	RTGACTCA	3.91e-116	2.36e-111	2.07e-108	60268	6900	6900	53397	10	5306	76.90	33816	63.33
125	JASPAR2024_CORE_vertebrates_non-redundant.meme	MA0644.3	ESX1	YYAATTA	5.83e-116	2.91e-111	2.56e-108	49911	6900	6900	53397	3	4487	65.03	26984	50.53
126	JASPAR2024_CORE_vertebrates_non-redundant.meme	MA1608.2	Isl1	CCATTAG	1.31e-115	7.41e-111	6.52e-108	56474	6900	6900	53397	3	4952	71.77	30808	57.70
127	JASPAR2024_CORE_vertebrates_non-redundant.meme	MA0905.2	HOXC10	GTCRTAAAA	2.35e-115	1.03e-110	9.05e-108	43800	6900	6900	53397	2	3973	57.58	22975	43.03
128	JASPAR2024_CORE_vertebrates_non-redundant.meme	MA1496.2	HOXA4	RTMATTA	2.83e-115	1.69e-110	1.49e-107	59827	6900	6900	53397	8	3644	52.81	20490	38.37
129	JASPAR2024_CORE_vertebrates_non-redundant.meme	MA0078.3	Sox17	AGAACAATGG	4.92e-115	2.79e-110	2.45e-107	56756	6900	6900	53397	4	3580	51.88	20022	37.50
130	JASPAR2024_CORE_vertebrates_non-redundant.meme	MA0707.3	MNX1	YRATTA	5.44e-114	2.86e-109	2.52e-106	52597	6900	6900	53397	4	3719	53.90	21094	39.50
131	JASPAR2024_CORE_vertebrates_non-redundant.meme	MA0033.2	FOXL1	RTAAACA	1.10e-113	6.07e-109	5.34e-106	55385	6900	6900	53397	3	4807	69.67	29668	55.56
132	JASPAR2024_CORE_vertebrates_non-redundant.meme	MA0877.4	BARHL1	CGTTTA	2.43e-113	1.36e-108	1.19e-105	55860	6900	6900	53397	4	3940	57.10	22791	42.68
133	JASPAR2024_CORE_vertebrates_non-redundant.meme	MA0679.3	ONECUT1	AAATCAATA	4.44e-112	1.54e-107	1.35e-104	34652	6900	6900	53397	1	4820	69.86	29832	55.87
134	JASPAR2024_CORE_vertebrates_non-redundant.meme	MA1639.2	MEIS1	CATMAATCA	1.41e-111	6.99e-107	6.14e-104	49635	6900	6900	53397	2	4810	69.71	29767	55.75
135	JASPAR2024_CORE_vertebrates_non-redundant.meme	MA2119.1	HOXA3	STAATTA	3.54e-111	1.68e-106	1.48e-103	47509	6900	6900	53397	3	4115	59.64	24215	45.35
136	JASPAR2024_CORE_vertebrates_non-redundant.meme	MA0661.2	MEOX1	STAATTA	1.57e-110	8.65e-106	7.60e-103	54905	6900	6900	53397	5	3536	51.25	19846	37.17
137	JASPAR2024_CORE_vertebrates_non-redundant.meme	MA0497.2	MEF2C	CYAAAAATAGM	2.37e-110	1.04e-105	9.11e-103	43796	6900	6900	53397	2	3949	57.23	22963	43.00
138	JASPAR2024_CORE_vertebrates_non-redundant.meme	MA1507.2	HOXD4	TMATTA	4.72e-110	2.21e-105	1.94e-102	46779	6900	6900	53397	2	4561	66.10	27787	52.04
139	JASPAR2024_CORE_vertebrates_non-redundant.meme	MA0708.3	MSX2	CAATTA	4.78e-109	2.39e-104	2.10e-101	49893	6900	6900	53397	3	4050	58.70	23786	44.55
140	JASPAR2024_CORE_vertebrates_non-redundant.meme	MA0618.2	LBX1	TAATTAG	7.97e-109	4.12e-104	3.62e-101	51700	6900	6900	53397	3	3938	57.07	22932	42.95
141	JASPAR2024_CORE_vertebrates_non-redundant.meme	MA1970.2	TRPS1	TCTTATCT	5.16e-104	3.01e-99	2.64e-96	58290	6900	6900	53397	4	4853	70.33	30395	56.92
142	JASPAR2024_CORE_vertebrates_non-redundant.meme	MA0705.2	Lhx8	TAATTA	4.02e-103	2.12e-98	1.86e-95	52668	6900	6900	53397	5	3508	50.84	19892	37.25
143	JASPAR2024_CORE_vertebrates_non-redundant.meme	MA1476.3	Dlx5	GCAATTAG	4.30e-103	2.19e-98	1.92e-95	50962	6900	6900	53397	2	5038	73.01	31977	59.89
144	JASPAR2024_CORE_vertebrates_non-redundant.meme	MA0889.2	GBX1	CYAATTA	3.25e-102	1.59e-97	1.40e-94	48980	6900	6900	53397	3	3690	53.48	21283	39.86
145	JASPAR2024_CORE_vertebrates_non-redundant.meme	MA1495.2	HOXA1	TAATTA	4.41e-102	2.45e-97	2.15e-94	55505	6900	6900	53397	6	4479	64.91	27416	51.34
146	JASPAR2024_CORE_vertebrates_non-redundant.meme	MA1530.2	NKX6-3	VYCATTAW	7.45e-101	3.67e-96	3.22e-93	49256	6900	6900	53397	3	3094	44.84	16951	31.75
147	JASPAR2024_CORE_vertebrates_non-redundant.meme	MA0158.2	HOXA5	GYMATTAS	1.10e-99	4.82e-95	4.24e-92	43766	6900	6900	53397	2	4184	60.64	25167	47.13
148	JASPAR2024_CORE_vertebrates_non-redundant.meme	MA0043.4	HLF	TTATGCAAC	2.33e-98	8.66e-94	7.61e-91	37235	6900	6900	53397	2	3030	43.91	16577	31.04
149	JASPAR2024_CORE_vertebrates_non-redundant.meme	MA0900.3	HOXA2	TAATTA	5.66e-98	2.11e-93	1.85e-90	37242	6900	6900	53397	1	5042	73.07	32200	60.30
150	JASPAR2024_CORE_vertebrates_non-redundant.meme	MA0666.3	MSX1	CAATTA	1.81e-96	8.32e-92	7.31e-89	45867	6900	6900	53397	3	3398	49.25	19314	36.17
151	JASPAR2024_CORE_vertebrates_non-redundant.meme	MA0142.1	Pou5f1::Sox2	CWTTGTYATGCAAAT	3.86e-96	1.28e-91	1.13e-88	33233	6900	6900	53397	1	4602	66.70	28631	53.62
152	JASPAR2024_CORE_vertebrates_non-redundant.meme	MA1137.2	FOSL1::JUNB	RTGACTCAT	3.06e-96	1.80e-91	1.58e-88	58599	6900	6900	53397	5	4915	71.23	31200	58.43
153	JASPAR2024_CORE_vertebrates_non-redundant.meme	MA1125.2	ZNF384	AAAAAAAA	1.73e-95	6.79e-91	5.97e-88	39240	6900	6900	53397	1	5242	75.97	33998	63.67
154	JASPAR2024_CORE_vertebrates_non-redundant.meme	MA0087.3	Sox5	AACAATGG	1.80e-95	1.01e-90	8.87e-88	56180	6900	6900	53397	3	4735	68.62	29741	55.70
155	JASPAR2024_CORE_vertebrates_non-redundant.meme	MA0442.3	SOX10	ACAAAG	5.33e-94	3.18e-89	2.80e-86	59713	6900	6900	53397	6	4320	62.61	26453	49.54
156	JASPAR2024_CORE_vertebrates_non-redundant.meme	MA0701.3	LHX9	CYAATTA	1.54e-92	6.15e-88	5.41e-85	39828	6900	6900	53397	3	2723	39.46	14603	27.35
157	JASPAR2024_CORE_vertebrates_non-redundant.meme	MA0913.3	HOXD9	GYMATAAAA	4.72e-92	1.83e-87	1.61e-84	38836	6900	6900	53397	2	3155	45.72	17696	33.14
158	JASPAR2024_CORE_vertebrates_non-redundant.meme	MA0885.3	Dlx2	GCAATTAG	2.86e-91	1.51e-86	1.33e-83	52900	6900	6900	53397	3	3886	56.32	23176	43.40
159	JASPAR2024_CORE_vertebrates_non-redundant.meme	MA0898.2	Hmx3	AGCAATTAA	2.05e-90	8.53e-86	7.49e-83	41551	6900	6900	53397	2	3508	50.84	20351	38.11
160	JASPAR2024_CORE_vertebrates_non-redundant.meme	MA1104.3	GATA6	TCTTATCT	3.72e-90	2.13e-85	1.87e-82	57209	6900	6900	53397	3	5310	76.96	34787	65.15
161	JASPAR2024_CORE_vertebrates_non-redundant.meme	MA0809.3	TEAD4	ACATTCCA	4.63e-88	2.71e-83	2.38e-80	58621	6900	6900	53397	5	3326	48.20	19091	35.75
162	JASPAR2024_CORE_vertebrates_non-redundant.meme	MA0594.3	HOXA9	RTCGTWA	5.57e-88	3.34e-83	2.93e-80	59936	6900	6900	53397	7	4093	59.32	24904	46.64
163	JASPAR2024_CORE_vertebrates_non-redundant.meme	MA0715.1	PROP1	TAATYWAATTA	2.36e-87	5.09e-83	4.47e-80	21585	6900	6900	53397	1	3223	46.71	18362	34.39
164	JASPAR2024_CORE_vertebrates_non-redundant.meme	MA1988.2	Atf3	TGACTCA	8.39e-86	4.65e-81	4.09e-78	55427	6900	6900	53397	5	3342	48.43	19294	36.13
165	JASPAR2024_CORE_vertebrates_non-redundant.meme	MA1463.2	ARGFX	CTAATTAR	8.57e-85	2.53e-80	2.22e-77	29547	6900	6900	53397	1	4141	60.01	25406	47.58
166	JASPAR2024_CORE_vertebrates_non-redundant.meme	MA0724.1	VENTX	AMCGATTAR	7.56e-85	2.93e-80	2.57e-77	38743	6900	6900	53397	1	5147	74.59	33596	62.92
167	JASPAR2024_CORE_vertebrates_non-redundant.meme	MA0793.2	POU6F2	ASCTMATTA	3.07e-83	1.37e-78	1.20e-75	44645	6900	6900	53397	2	4004	58.03	24402	45.70
168	JASPAR2024_CORE_vertebrates_non-redundant.meme	MA1563.2	SOX18	AACAATDV	2.41e-83	1.39e-78	1.22e-75	57671	6900	6900	53397	4	4011	58.13	24452	45.79
169	JASPAR2024_CORE_vertebrates_non-redundant.meme	MA0867.3	SOX4	AACAAAGR	4.01e-82	2.24e-77	1.97e-74	55795	6900	6900	53397	3	4610	66.81	29251	54.78
170	JASPAR2024_CORE_vertebrates_non-redundant.meme	MA0847.4	FOXD2	YTAARYAAACA	1.41e-81	5.51e-77	4.84e-74	39112	6900	6900	53397	1	5172	74.96	33940	63.56
171	JASPAR2024_CORE_vertebrates_non-redundant.meme	MA0075.4	PRRX2	CTAATTA	2.64e-81	9.15e-77	8.04e-74	34699	6900	6900	53397	1	4698	68.09	30001	56.18
172	JASPAR2024_CORE_vertebrates_non-redundant.meme	MA0037.5	Gata3	TCTTATCT	2.81e-81	1.66e-76	1.46e-73	58961	6900	6900	53397	5	4261	61.75	26493	49.62
173	JASPAR2024_CORE_vertebrates_non-redundant.meme	MA0621.2	mix-a	TTAATTA	6.28e-81	1.91e-76	1.68e-73	30342	6900	6900	53397	1	4213	61.06	26129	48.93
174	JASPAR2024_CORE_vertebrates_non-redundant.meme	MA0042.2	FOXI1	GTAAACA	5.55e-81	2.90e-76	2.55e-73	52232	6900	6900	53397	2	5206	75.45	34254	64.15
175	JASPAR2024_CORE_vertebrates_non-redundant.meme	MA1623.2	Stat2	GAAACAGAAA	6.95e-81	3.91e-76	3.44e-73	56307	6900	6900	53397	3	5288	76.64	34961	65.47
176	JASPAR2024_CORE_vertebrates_non-redundant.meme	MA0851.2	Foxj3	GTAAACAAA	6.99e-80	3.07e-75	2.70e-72	43956	6900	6900	53397	2	3880	56.23	23582	44.16
177	JASPAR2024_CORE_vertebrates_non-redundant.meme	MA1577.2	TLX2	YAATTA	7.14e-79	2.47e-74	2.17e-71	34663	6900	6900	53397	1	4683	67.87	29980	56.15
178	JASPAR2024_CORE_vertebrates_non-redundant.meme	MA0912.2	HOXD3	CTAATTAC	7.48e-79	2.48e-74	2.18e-71	33198	6900	6900	53397	1	4522	65.54	28676	53.70
179	JASPAR2024_CORE_vertebrates_non-redundant.meme	MA0050.4	Irf1	TGAAACTGAAA	9.88e-79	5.31e-74	4.67e-71	53776	6900	6900	53397	3	4273	61.93	26694	49.99
180	JASPAR2024_CORE_vertebrates_non-redundant.meme	MA0835.3	BATF3	TGACTCA	1.41e-78	7.47e-74	6.57e-71	52932	6900	6900	53397	3	4184	60.64	25999	48.69
181	JASPAR2024_CORE_vertebrates_non-redundant.meme	MA0714.2	PITX3	TAATCC	5.26e-78	3.15e-73	2.77e-70	59903	6900	6900	53397	5	5367	77.78	35760	66.97
182	JASPAR2024_CORE_vertebrates_non-redundant.meme	MA0896.2	Hmx1	AGCAATTAA	1.03e-77	3.97e-73	3.49e-70	38381	6900	6900	53397	2	2932	42.49	16616	31.12
183	JASPAR2024_CORE_vertebrates_non-redundant.meme	MA1479.2	DMRTC2	AATTGMTACAT	1.21e-77	5.65e-73	4.96e-70	46671	6900	6900	53397	2	4101	59.43	25388	47.55
184	JASPAR2024_CORE_vertebrates_non-redundant.meme	MA0036.4	GATA2	CTTATCT	1.97e-76	1.06e-71	9.30e-69	53613	6900	6900	53397	2	5374	77.88	35885	67.20
185	JASPAR2024_CORE_vertebrates_non-redundant.meme	MA0523.2	TCF7L2	ASATCAAAG	1.91e-75	9.36e-71	8.23e-68	49096	6900	6900	53397	2	4390	63.62	27763	51.99
186	JASPAR2024_CORE_vertebrates_non-redundant.meme	MA2102.1	ZBTB17	AATCGATT	7.71e-75	3.33e-70	2.93e-67	43181	6900	6900	53397	3	3440	49.86	20456	38.31
187	JASPAR2024_CORE_vertebrates_non-redundant.meme	MA0624.3	Nfatc1	TGGAAA	9.64e-75	5.79e-70	5.09e-67	60108	6900	6900	53397	7	4233	61.35	26548	49.72
188	JASPAR2024_CORE_vertebrates_non-redundant.meme	MA0908.2	HOXD11	RTCGTAAAA	6.09e-74	1.87e-69	1.64e-66	30709	6900	6900	53397	1	4221	61.17	26488	49.61
189	JASPAR2024_CORE_vertebrates_non-redundant.meme	MA1562.2	SOX14	CGAACAATG	4.62e-74	1.94e-69	1.70e-66	41848	6900	6900	53397	2	3143	45.55	18291	34.25
190	JASPAR2024_CORE_vertebrates_non-redundant.meme	MA0035.5	GATA1	CTAATCT	2.14e-73	1.22e-68	1.07e-65	57184	6900	6900	53397	3	5113	74.10	33780	63.26
191	JASPAR2024_CORE_vertebrates_non-redundant.meme	MA1130.2	FOSL2::JUN	RTGAGTCAY	1.38e-72	5.72e-68	5.03e-65	41396	6900	6900	53397	2	3614	52.38	21859	40.94
192	JASPAR2024_CORE_vertebrates_non-redundant.meme	MA0911.2	Hoxa11	GTCGTAAAA	4.88e-72	2.08e-67	1.83e-64	42714	6900	6900	53397	2	3512	50.90	21113	39.54
193	JASPAR2024_CORE_vertebrates_non-redundant.meme	MA0676.1	Nr2e1	AAAAGTCAA	2.14e-71	1.22e-66	1.07e-63	56997	6900	6900	53397	4	3538	51.28	21336	39.96
194	JASPAR2024_CORE_vertebrates_non-redundant.meme	MA1634.2	BATF	TGACTCA	2.02e-70	1.08e-65	9.51e-63	53547	6900	6900	53397	3	5074	73.54	33580	62.89
195	JASPAR2024_CORE_vertebrates_non-redundant.meme	MA0152.3	Nfatc2	AATGGAAA	2.85e-70	1.69e-65	1.49e-62	59406	6900	6900	53397	5	4314	62.52	27385	51.29
196	JASPAR2024_CORE_vertebrates_non-redundant.meme	MA1519.2	LHX5	STAATTA	3.02e-69	1.08e-64	9.45e-62	35659	6900	6900	53397	2	3359	48.68	20087	37.62
197	JASPAR2024_CORE_vertebrates_non-redundant.meme	MA0768.3	Lef1	CCTTTGAT	6.79e-69	4.05e-64	3.56e-61	59683	6900	6900	53397	5	4731	68.57	30805	57.69
198	JASPAR2024_CORE_vertebrates_non-redundant.meme	MA0878.3	CDX1	GGYMATAAAA	1.50e-68	4.13e-64	3.63e-61	27521	6900	6900	53397	1	3831	55.52	23690	44.37
199	JASPAR2024_CORE_vertebrates_non-redundant.meme	MA0833.3	ATF4	ATGATGCAAT	3.71e-68	1.10e-63	9.64e-61	29550	6900	6900	53397	1	4061	58.86	25489	47.73
200	JASPAR2024_CORE_vertebrates_non-redundant.meme	MA0462.3	BATF::JUN	TGACTCA	3.55e-68	1.89e-63	1.66e-60	53301	6900	6900	53397	3	4856	70.38	31864	59.67
201	JASPAR2024_CORE_vertebrates_non-redundant.meme	MA0614.1	Foxj2	RTAAACAA	4.95e-68	2.33e-63	2.05e-60	47119	6900	6900	53397	2	4259	61.72	27050	50.66
202	JASPAR2024_CORE_vertebrates_non-redundant.meme	MA0711.2	OTX1	TAATCC	4.14e-68	2.43e-63	2.13e-60	58615	6900	6900	53397	4	4632	67.13	30034	56.25
203	JASPAR2024_CORE_vertebrates_non-redundant.meme	MA0874.2	Arx	CRYTAATTAR	1.70e-67	4.31e-63	3.79e-60	25377	6900	6900	53397	1	3577	51.84	21800	40.83
204	JASPAR2024_CORE_vertebrates_non-redundant.meme	MA0099.4	FOS::JUN	ATGAGTCAY	1.58e-67	7.44e-63	6.54e-60	47046	6900	6900	53397	3	3040	44.06	17807	33.35
205	JASPAR2024_CORE_vertebrates_non-redundant.meme	MA1487.3	FOXE1	YTAAAYAAACAA	1.63e-66	6.18e-62	5.43e-59	37891	6900	6900	53397	1	4974	72.09	32917	61.65
206	JASPAR2024_CORE_vertebrates_non-redundant.meme	MA1707.2	DMRTA1	TTGWTACAWT	2.60e-66	1.40e-61	1.23e-58	53972	6900	6900	53397	2	5455	79.06	37015	69.32
207	JASPAR2024_CORE_vertebrates_non-redundant.meme	MA1121.2	TEAD2	ACATTCC	6.86e-66	4.04e-61	3.55e-58	58918	6900	6900	53397	4	4367	63.29	28005	52.45
208	JASPAR2024_CORE_vertebrates_non-redundant.meme	MA0095.4	Yy1	CAAAATGG	8.11e-66	4.77e-61	4.20e-58	58865	6900	6900	53397	4	4510	65.36	29153	54.60
209	JASPAR2024_CORE_vertebrates_non-redundant.meme	MA2001.2	Six4	AACCTGA	3.65e-63	2.20e-58	1.93e-55	60185	6900	6900	53397	7	4343	62.94	27941	52.33
210	JASPAR2024_CORE_vertebrates_non-redundant.meme	MA0693.4	Vdr	GAGTTCA	2.35e-62	1.40e-57	1.23e-54	59801	6900	6900	53397	6	3817	55.32	23865	44.69
211	JASPAR2024_CORE_vertebrates_non-redundant.meme	MA1928.2	BNC2	TGAGTCA	3.40e-62	1.80e-57	1.58e-54	52939	6900	6900	53397	3	4947	71.70	32891	61.60
212	JASPAR2024_CORE_vertebrates_non-redundant.meme	MA0476.2	FOS	TGASTCAT	2.44e-61	4.38e-57	3.85e-54	17958	6900	6900	53397	1	2657	38.51	15301	28.66
213	JASPAR2024_CORE_vertebrates_non-redundant.meme	MA1974.2	ZNF211	YATATACCAY	9.95e-61	2.15e-56	1.89e-53	21659	6900	6900	53397	1	3102	44.96	18557	34.75
214	JASPAR2024_CORE_vertebrates_non-redundant.meme	MA1128.2	FOSL1::JUN	ATGACTCAT	2.24e-60	9.86e-56	8.67e-53	43942	6900	6900	53397	2	3885	56.30	24483	45.85
215	JASPAR2024_CORE_vertebrates_non-redundant.meme	MA0854.2	Alx1	YTAATTAR	9.86e-60	2.19e-55	1.92e-52	22165	6900	6900	53397	2	3157	45.75	19008	35.60
216	JASPAR2024_CORE_vertebrates_non-redundant.meme	MA0490.3	JUNB	ATGACTCAT	1.08e-59	4.52e-55	3.98e-52	41971	6900	6900	53397	2	4117	59.67	26322	49.29
217	JASPAR2024_CORE_vertebrates_non-redundant.meme	MA0897.2	Hmx2	AAGCAATTAAHVVRT	1.79e-59	4.53e-55	3.98e-52	25315	6900	6900	53397	1	3527	51.12	21788	40.80
218	JASPAR2024_CORE_vertebrates_non-redundant.meme	MA1144.2	FOSL2::JUND	ATGACTCAT	3.40e-59	1.02e-54	8.93e-52	29915	6900	6900	53397	2	2485	36.01	14168	26.53
219	JASPAR2024_CORE_vertebrates_non-redundant.meme	MA2093.1	HOXB1	STAATTA	6.74e-59	3.75e-54	3.30e-51	55628	6900	6900	53397	4	4016	58.20	25571	47.89
220	JASPAR2024_CORE_vertebrates_non-redundant.meme	MA1141.2	FOS::JUND	ATGAGTCAT	3.85e-57	1.09e-52	9.61e-50	28401	6900	6900	53397	2	2299	33.32	12945	24.24
221	JASPAR2024_CORE_vertebrates_non-redundant.meme	MA0491.3	JUND	ATGACTCAT	2.86e-57	1.14e-52	1.00e-49	39937	6900	6900	53397	2	4133	59.90	26566	49.75
222	JASPAR2024_CORE_vertebrates_non-redundant.meme	MA1657.2	ZNF652	AAGRGTTAA	2.33e-56	1.19e-51	1.05e-48	51181	6900	6900	53397	3	3005	43.55	18043	33.79
223	JASPAR2024_CORE_vertebrates_non-redundant.meme	MA0619.2	LIN54	TTTRAAT	1.05e-55	3.17e-51	2.78e-48	30035	6900	6900	53397	1	4049	58.68	25986	48.67
224	JASPAR2024_CORE_vertebrates_non-redundant.meme	MA1138.2	FOSL2::JUNB	RTGASTCAT	3.07e-55	7.92e-51	6.96e-48	25809	6900	6900	53397	2	2279	33.03	12884	24.13
225	JASPAR2024_CORE_vertebrates_non-redundant.meme	MA0849.1	FOXO6	GTAAACA	3.76e-55	1.70e-50	1.49e-47	45212	6900	6900	53397	1	5685	82.39	39527	74.02
226	JASPAR2024_CORE_vertebrates_non-redundant.meme	MA0018.5	CREB1	TGATGTCA	3.07e-55	1.78e-50	1.57e-47	58014	6900	6900	53397	4	4404	63.83	28813	53.96
227	JASPAR2024_CORE_vertebrates_non-redundant.meme	MA2327.1	PGR	ACANNNTGT	7.10e-55	3.89e-50	3.42e-47	54754	6900	6900	53397	4	5520	80.00	38095	71.34
228	JASPAR2024_CORE_vertebrates_non-redundant.meme	MA1135.2	FOSB::JUNB	RTGASTCAT	1.35e-54	4.33e-50	3.81e-47	32054	6900	6900	53397	2	2838	41.13	16904	31.66
229	JASPAR2024_CORE_vertebrates_non-redundant.meme	MA2095.1	Sox7	AGAACAATGG	1.16e-54	5.12e-50	4.50e-47	44297	6900	6900	53397	2	3406	49.36	21106	39.53
230	JASPAR2024_CORE_vertebrates_non-redundant.meme	MA1518.3	Lhx1	GCTAATTAGC	1.35e-53	5.10e-49	4.48e-46	37856	6900	6900	53397	1	4904	71.07	32952	61.71
231	JASPAR2024_CORE_vertebrates_non-redundant.meme	MA1132.2	JUN::JUNB	ATGACKCA	8.76e-54	5.24e-49	4.60e-46	59742	6900	6900	53397	7	3266	47.33	20099	37.64
232	JASPAR2024_CORE_vertebrates_non-redundant.meme	MA0658.2	LHX6	CTAATTAR	1.34e-53	5.69e-49	5.00e-46	42415	6900	6900	53397	1	5389	78.10	37026	69.34
233	JASPAR2024_CORE_vertebrates_non-redundant.meme	MA0122.4	Nkx3-2	AAMCACTTAA	2.72e-53	1.40e-48	1.23e-45	51388	6900	6900	53397	2	4686	67.91	31183	58.40
234	JASPAR2024_CORE_vertebrates_non-redundant.meme	MA0040.2	Foxq1	ATTGTTTATW	2.11e-52	6.68e-48	5.87e-45	31655	6900	6900	53397	1	4213	61.06	27442	51.39
235	JASPAR2024_CORE_vertebrates_non-redundant.meme	MA1633.2	BACH1	ATGACTCAT	2.77e-52	6.90e-48	6.07e-45	24929	6900	6900	53397	1	3441	49.87	21488	40.24
236	JASPAR2024_CORE_vertebrates_non-redundant.meme	MA0489.3	Jun	TGACTCAT	1.76e-52	9.31e-48	8.18e-45	52763	6900	6900	53397	3	4559	66.07	30197	56.55
237	JASPAR2024_CORE_vertebrates_non-redundant.meme	MA2339.1	Nanog	GCAATCA	1.86e-52	1.11e-47	9.77e-45	59621	6900	6900	53397	5	4370	63.33	28684	53.72
238	JASPAR2024_CORE_vertebrates_non-redundant.meme	MA1473.2	CDX4	GYMATAAAA	7.33e-52	1.17e-47	1.03e-44	15975	6900	6900	53397	1	2362	34.23	13613	25.49
239	JASPAR2024_CORE_vertebrates_non-redundant.meme	MA0090.4	TEAD1	ACATTCCAG	6.62e-52	3.58e-47	3.15e-44	54091	6900	6900	53397	3	3506	50.81	21999	41.20
240	JASPAR2024_CORE_vertebrates_non-redundant.meme	MA0629.2	Rhox11	CGCTGTWAW	1.77e-51	9.46e-47	8.32e-44	53327	6900	6900	53397	2	5132	74.38	34954	65.46
241	JASPAR2024_CORE_vertebrates_non-redundant.meme	MA1112.3	NR4A1	AAAGGTCA	3.41e-49	1.96e-44	1.72e-41	57480	6900	6900	53397	3	4862	70.46	32833	61.49
242	JASPAR2024_CORE_vertebrates_non-redundant.meme	MA1991.2	Hnf1A	CCTTTGATST	3.56e-49	2.08e-44	1.83e-41	58441	6900	6900	53397	4	4146	60.09	27084	50.72
243	JASPAR2024_CORE_vertebrates_non-redundant.meme	MA0773.1	MEF2D	DCTAWAAATAGM	5.64e-48	2.92e-44	2.56e-41	5171	6900	6900	53397	1	930	13.48	4241	7.94
244	JASPAR2024_CORE_vertebrates_non-redundant.meme	MA0135.2	Lhx3	WAATTAATTAWY	3.30e-48	5.10e-44	4.48e-41	15461	6900	6900	53397	1	2278	33.01	13183	24.69
245	JASPAR2024_CORE_vertebrates_non-redundant.meme	MA0702.3	LMX1A	TTAATTA	2.59e-48	5.57e-44	4.90e-41	21546	6900	6900	53397	1	3018	43.74	18528	34.70
246	JASPAR2024_CORE_vertebrates_non-redundant.meme	MA0515.1	Sox6	CCWTTGTYYY	2.45e-48	7.32e-44	6.43e-41	29880	6900	6900	53397	1	3988	57.80	25892	48.49
247	JASPAR2024_CORE_vertebrates_non-redundant.meme	MA0660.1	MEF2B	RCTAWAAATAGC	1.82e-47	7.99e-44	7.02e-41	4394	6900	6900	53397	1	817	11.84	3577	6.70
248	JASPAR2024_CORE_vertebrates_non-redundant.meme	MA0869.3	Sox11	GAACAAAG	2.52e-48	1.50e-43	1.32e-40	59412	6900	6900	53397	5	4090	59.28	26690	49.98
249	JASPAR2024_CORE_vertebrates_non-redundant.meme	MA0754.3	CUX1	TAATCGATA	8.41e-48	2.17e-43	1.91e-40	25778	6900	6900	53397	1	3513	50.91	22265	41.70
250	JASPAR2024_CORE_vertebrates_non-redundant.meme	MA0063.3	NKX2-5	CACTCAA	5.07e-48	2.98e-43	2.62e-40	58784	6900	6900	53397	4	4392	63.65	29094	54.49
251	JASPAR2024_CORE_vertebrates_non-redundant.meme	MA0479.2	FOXH1	AATCCACA	1.82e-47	4.38e-43	3.85e-40	24084	6900	6900	53397	1	3313	48.01	20771	38.90
252	JASPAR2024_CORE_vertebrates_non-redundant.meme	MA0477.3	FOSL1	ATGACTCAT	6.80e-46	2.88e-41	2.53e-38	42412	6900	6900	53397	2	4059	58.83	26580	49.78
253	JASPAR2024_CORE_vertebrates_non-redundant.meme	MA0755.2	CUX2	TRATCGATA	1.01e-45	2.89e-41	2.54e-38	28664	6900	6900	53397	1	3833	55.55	24831	46.50
254	JASPAR2024_CORE_vertebrates_non-redundant.meme	MA0144.3	STAT3	TTCYKGGAA	9.70e-44	4.72e-39	4.15e-36	48683	6900	6900	53397	2	4259	61.72	28275	52.95
255	JASPAR2024_CORE_vertebrates_non-redundant.meme	MA0712.3	OTX2	RGGATTA	2.01e-43	1.14e-38	1.00e-35	56878	6900	6900	53397	2	5935	86.01	42302	79.22
256	JASPAR2024_CORE_vertebrates_non-redundant.meme	MA0682.3	PITX1	TAATCC	7.85e-43	3.26e-38	2.87e-35	41544	6900	6900	53397	1	5239	75.93	36305	67.99
257	JASPAR2024_CORE_vertebrates_non-redundant.meme	MA0520.2	Stat6	TTCCWSAGAA	3.11e-42	9.10e-38	8.00e-35	29263	6900	6900	53397	1	3879	56.22	25384	47.54
258	JASPAR2024_CORE_vertebrates_non-redundant.meme	MA1134.2	FOS::JUNB	ATGASTCAT	1.42e-41	4.31e-37	3.79e-34	30370	6900	6900	53397	2	2851	41.32	17648	33.05
259	JASPAR2024_CORE_vertebrates_non-redundant.meme	MA0838.1	CEBPG	ATTRCGCAAY	4.01e-41	7.62e-37	6.70e-34	19024	6900	6900	53397	1	2671	38.71	16353	30.63
260	JASPAR2024_CORE_vertebrates_non-redundant.meme	MA0495.4	MAFF	GTCAGCATTTT	3.15e-41	1.56e-36	1.37e-33	49563	6900	6900	53397	3	2362	34.23	14114	26.43
261	JASPAR2024_CORE_vertebrates_non-redundant.meme	MA0808.1	TEAD3	RCATTCCW	1.02e-40	4.48e-36	3.94e-33	43841	6900	6900	53397	2	3206	46.46	20335	38.08
262	JASPAR2024_CORE_vertebrates_non-redundant.meme	MA0757.2	ONECUT3	AAAAATCRATAA	4.15e-40	4.92e-36	4.32e-33	11841	6900	6900	53397	1	1778	25.77	10063	18.85
263	JASPAR2024_CORE_vertebrates_non-redundant.meme	MA0678.1	OLIG2	AMCATATGKT	3.28e-40	9.58e-36	8.42e-33	29250	6900	6900	53397	2	2238	32.43	13280	24.87
264	JASPAR2024_CORE_vertebrates_non-redundant.meme	MA0843.2	TEF	RTTACRTAAY	2.30e-38	3.29e-34	2.89e-31	14292	6900	6900	53397	1	2075	30.07	12217	22.88
265	JASPAR2024_CORE_vertebrates_non-redundant.meme	MA0482.3	GATA4	CCTTATCT	1.76e-38	1.03e-33	9.06e-31	58443	6900	6900	53397	3	5435	78.77	38201	71.54
266	JASPAR2024_CORE_vertebrates_non-redundant.meme	MA0593.2	FOXP2	WGTAAACAV	4.99e-38	1.38e-33	1.21e-30	27636	6900	6900	53397	1	3664	53.10	23972	44.89
267	JASPAR2024_CORE_vertebrates_non-redundant.meme	MA1480.2	DPRX	AGATAATCC	4.17e-37	2.13e-32	1.88e-29	51173	6900	6900	53397	3	3333	48.30	21503	40.27
268	JASPAR2024_CORE_vertebrates_non-redundant.meme	MA1108.3	MXI1	CACATG	1.52e-36	7.97e-32	7.01e-29	52532	6900	6900	53397	3	3548	51.42	23173	43.40
269	JASPAR2024_CORE_vertebrates_non-redundant.meme	MA0046.3	HNF1A	RTTAATNATTAAC	1.59e-35	2.41e-31	2.12e-28	15142	6900	6900	53397	1	2162	31.33	12980	24.31
270	JASPAR2024_CORE_vertebrates_non-redundant.meme	MA0613.1	FOXG1	RTAAACAW	1.40e-35	3.89e-31	3.42e-28	27804	6900	6900	53397	1	3666	53.13	24138	45.20
271	JASPAR2024_CORE_vertebrates_non-redundant.meme	MA0655.1	JDP2	ATGACTCAT	4.60e-35	6.81e-31	5.98e-28	14809	6900	6900	53397	2	1480	21.45	8252	15.45
272	JASPAR2024_CORE_vertebrates_non-redundant.meme	MA0827.1	OLIG3	AMCATATGBY	1.19e-34	5.37e-30	4.72e-27	45164	6900	6900	53397	3	3009	43.61	19216	35.99
273	JASPAR2024_CORE_vertebrates_non-redundant.meme	MA0468.1	DUX4	TAAYYYAATCA	1.65e-33	2.38e-29	2.09e-26	14381	6900	6900	53397	1	2055	29.78	12326	23.08
274	JASPAR2024_CORE_vertebrates_non-redundant.meme	MA0853.2	Alx4	CGCRYTAATTAR	1.22e-33	2.66e-29	2.34e-26	21830	6900	6900	53397	1	2955	42.83	18875	35.35
275	JASPAR2024_CORE_vertebrates_non-redundant.meme	MA0467.3	Crx	GGATTA	9.97e-34	5.73e-29	5.03e-26	57416	6900	6900	53397	3	4771	69.14	32982	61.77
276	JASPAR2024_CORE_vertebrates_non-redundant.meme	MA0461.3	Atoh1	RMCATATG	1.35e-33	7.53e-29	6.62e-26	55971	6900	6900	53397	4	3615	52.39	23872	44.71
277	JASPAR2024_CORE_vertebrates_non-redundant.meme	MA0907.2	HOXC13	CTCGTAAAA	9.09e-33	2.26e-28	1.98e-25	24814	6900	6900	53397	1	3299	47.81	21515	40.29
278	JASPAR2024_CORE_vertebrates_non-redundant.meme	MA2098.1	ZNF766	AAKAAACCT	2.80e-32	1.42e-27	1.25e-24	50642	6900	6900	53397	2	4338	62.87	29603	55.44
279	JASPAR2024_CORE_vertebrates_non-redundant.meme	MA1709.2	ZIM3	MAACAGAAACC	4.50e-32	1.95e-27	1.71e-24	43254	6900	6900	53397	2	3170	45.94	20585	38.55
280	JASPAR2024_CORE_vertebrates_non-redundant.meme	MA0780.1	PAX3	TAATYRATTA	1.76e-30	1.59e-26	1.40e-23	9037	6900	6900	53397	1	1364	19.77	7673	14.37
281	JASPAR2024_CORE_vertebrates_non-redundant.meme	MA1143.2	FOSL1::JUND	RTGACGTMA	3.09e-28	1.86e-23	1.63e-20	60216	6900	6900	53397	9	3426	49.65	22785	42.67
282	JASPAR2024_CORE_vertebrates_non-redundant.meme	MA0507.3	POU2F2	WTATGCAAATKAG	7.00e-27	4.51e-23	3.97e-20	6442	6900	6900	53397	1	1006	14.58	5436	10.18
283	JASPAR2024_CORE_vertebrates_non-redundant.meme	MA1150.2	RORB	AWWTRGGTCA	1.59e-27	9.54e-23	8.39e-20	59852	6900	6900	53397	4	5489	79.55	39316	73.63
284	JASPAR2024_CORE_vertebrates_non-redundant.meme	MA1962.1	POU2F1::SOX2	MATTTRCATMACAATRG	3.90e-26	2.26e-22	1.98e-19	5792	6900	6900	53397	1	916	13.28	4876	9.13
285	JASPAR2024_CORE_vertebrates_non-redundant.meme	MA0639.2	DBP	RTTACGTAAY	7.24e-26	1.11e-21	9.79e-19	15397	6900	6900	53397	1	2125	30.80	13272	24.86
286	JASPAR2024_CORE_vertebrates_non-redundant.meme	MA1124.1	ZNF24	CATTCATTCATTC	8.16e-26	1.30e-21	1.14e-18	15944	6900	6900	53397	1	2191	31.75	13753	25.76
287	JASPAR2024_CORE_vertebrates_non-redundant.meme	MA1118.2	SIX1	GWAACCTGA	4.80e-26	2.66e-21	2.34e-18	55448	6900	6900	53397	3	3756	54.43	25481	47.72
288	JASPAR2024_CORE_vertebrates_non-redundant.meme	MA0837.3	CEBPE	ATTGCGCAAT	3.69e-25	3.00e-21	2.64e-18	8138	6900	6900	53397	1	1216	17.62	6922	12.96
289	JASPAR2024_CORE_vertebrates_non-redundant.meme	MA0070.2	PBX1	ATCAATCAA	7.24e-25	2.43e-20	2.14e-17	33555	6900	6900	53397	2	1839	26.65	11282	21.13
290	JASPAR2024_CORE_vertebrates_non-redundant.meme	MA1994.2	Nkx2-1	CACTTGA	1.08e-24	6.05e-20	5.32e-17	56165	6900	6900	53397	3	4091	59.29	28194	52.80
291	JASPAR2024_CORE_vertebrates_non-redundant.meme	MA0518.2	Stat4	TTCYRGGAAR	3.19e-24	1.34e-19	1.18e-16	42197	6900	6900	53397	1	5185	75.14	37012	69.31
292	JASPAR2024_CORE_vertebrates_non-redundant.meme	MA0906.2	HOXC12	RGTCGTAAAA	9.11e-24	1.46e-19	1.28e-16	16029	6900	6900	53397	1	2185	31.67	13844	25.93
293	JASPAR2024_CORE_vertebrates_non-redundant.meme	MA0756.3	ONECUT2	GATCRATA	1.34e-23	2.20e-19	1.94e-16	16471	6900	6900	53397	1	2237	32.42	14234	26.66
294	JASPAR2024_CORE_vertebrates_non-redundant.meme	MA0817.2	BHLHE23	AACATATGBT	2.94e-23	3.04e-19	2.68e-16	10357	6900	6900	53397	2	969	14.04	5350	10.02
295	JASPAR2024_CORE_vertebrates_non-redundant.meme	MA2101.1	ZNF677	RATAAGAACAGC	6.42e-24	3.13e-19	2.75e-16	48770	6900	6900	53397	2	3909	56.65	26831	50.25
296	JASPAR2024_CORE_vertebrates_non-redundant.meme	MA0153.2	HNF1B	GTTAATNATTAAY	3.40e-23	4.14e-19	3.64e-16	12177	6900	6900	53397	1	1710	24.78	10467	19.60
297	JASPAR2024_CORE_vertebrates_non-redundant.meme	MA1523.2	MSANTD3	CACTCAC	1.15e-23	6.91e-19	6.08e-16	60280	6900	6900	53397	8	5479	79.41	39492	73.96
298	JASPAR2024_CORE_vertebrates_non-redundant.meme	MA0160.3	NR4A2	AAAGGTCA	2.44e-23	1.32e-18	1.16e-15	54286	6900	6900	53397	3	3252	47.13	21819	40.86
299	JASPAR2024_CORE_vertebrates_non-redundant.meme	MA1989.2	Bcl11B	AAACCACAA	3.00e-23	1.79e-18	1.57e-15	59618	6900	6900	53397	4	5278	76.49	37850	70.88
300	JASPAR2024_CORE_vertebrates_non-redundant.meme	MA1503.2	HOXB9	GTCGTAAAA	1.51e-22	2.28e-18	2.00e-15	15112	6900	6900	53397	1	2064	29.91	13048	24.44
301	JASPAR2024_CORE_vertebrates_non-redundant.meme	MA0478.2	FOSL2	RRTGASTCAB	1.27e-22	2.72e-18	2.39e-15	21485	6900	6900	53397	1	2826	40.96	18659	34.94
302	JASPAR2024_CORE_vertebrates_non-redundant.meme	MA0611.3	Dux	TGATTBAATCA	5.13e-22	5.44e-18	4.78e-15	10604	6900	6900	53397	1	1506	21.83	9098	17.04
303	JASPAR2024_CORE_vertebrates_non-redundant.meme	MA0683.2	POU4F2	TGCATAATTAATGAG	2.58e-21	9.82e-18	8.63e-15	3806	6900	6900	53397	1	624	9.04	3182	5.96
304	JASPAR2024_CORE_vertebrates_non-redundant.meme	MA1119.2	SIX2	TGAAACCTGAT	3.03e-22	1.56e-17	1.37e-14	51282	6900	6900	53397	2	4365	63.26	30547	57.21
305	JASPAR2024_CORE_vertebrates_non-redundant.meme	MA1561.2	SOX12	ACCGAACAAT	4.24e-22	1.75e-17	1.54e-14	41224	6900	6900	53397	1	5062	73.36	36162	67.72
306	JASPAR2024_CORE_vertebrates_non-redundant.meme	MA0841.2	NFE2	ATGACTCATS	1.84e-20	8.97e-17	7.89e-14	4884	6900	6900	53397	1	764	11.07	4120	7.72
307	JASPAR2024_CORE_vertebrates_non-redundant.meme	MA0089.3	MAFG::NFE2L1	ATGACTCAGCA	6.86e-21	1.24e-16	1.09e-13	18141	6900	6900	53397	1	2414	34.99	15727	29.45
308	JASPAR2024_CORE_vertebrates_non-redundant.meme	MA0703.3	LMX1B	TTAATTAA	1.40e-19	1.24e-15	1.09e-12	8855	6900	6900	53397	1	1269	18.39	7586	14.21
309	JASPAR2024_CORE_vertebrates_non-redundant.meme	MA0124.3	Nkx3-1	CCACTTA	5.85e-20	3.36e-15	2.95e-12	57377	6900	6900	53397	3	4421	64.07	31180	58.39
310	JASPAR2024_CORE_vertebrates_non-redundant.meme	MA0117.3	Mafb	AWWNTGCTGAC	2.02e-19	1.12e-14	9.87e-12	55467	6900	6900	53397	3	3673	53.23	25369	47.51
311	JASPAR2024_CORE_vertebrates_non-redundant.meme	MA0784.3	POU1F1	CTMATTWGCATAWT	7.57e-18	3.43e-14	3.02e-11	4538	6900	6900	53397	1	703	10.19	3835	7.18
312	JASPAR2024_CORE_vertebrates_non-redundant.meme	MA0498.3	MEIS1	TGACA	7.88e-19	4.75e-14	4.18e-11	60286	6900	6900	53397	8	5975	86.59	44037	82.47
313	JASPAR2024_CORE_vertebrates_non-redundant.meme	MA0466.4	CEBPB	ATTGCGCAAT	1.25e-17	6.89e-14	6.06e-11	5504	6900	6900	53397	1	828	12.00	4676	8.76
314	JASPAR2024_CORE_vertebrates_non-redundant.meme	MA1126.2	FOS::JUN	RTGACGTCAT	1.39e-18	7.63e-14	6.70e-11	54869	6900	6900	53397	4	3057	44.30	20726	38.81
315	JASPAR2024_CORE_vertebrates_non-redundant.meme	MA1506.2	HOXD10	RGTCGTAAAA	6.95e-18	9.10e-14	8.00e-11	13078	6900	6900	53397	1	1777	25.75	11301	21.16
316	JASPAR2024_CORE_vertebrates_non-redundant.meme	MA1580.1	ZBTB32	TGTACAGTAW	7.63e-18	1.06e-13	9.30e-11	13863	6900	6900	53397	1	1872	27.13	11991	22.46
317	JASPAR2024_CORE_vertebrates_non-redundant.meme	MA0072.2	RORA	WAWBTAGGTCA	1.94e-17	1.98e-13	1.74e-10	10200	6900	6900	53397	1	1420	20.58	8780	16.44
318	JASPAR2024_CORE_vertebrates_non-redundant.meme	MA1145.2	FOSL2::JUND	RTGACGTCAY	6.79e-18	2.18e-13	1.91e-10	32091	6900	6900	53397	1	4005	58.04	28086	52.60
319	JASPAR2024_CORE_vertebrates_non-redundant.meme	MA1729.2	ZNF680	CCAAGAAGAAT	6.09e-18	2.48e-13	2.18e-10	40639	6900	6900	53397	2	2535	36.74	16858	31.57
320	JASPAR2024_CORE_vertebrates_non-redundant.meme	MA1534.2	NR1I3	TGAACTTT	9.61e-18	5.51e-13	4.84e-10	57272	6900	6900	53397	3	4362	63.22	30907	57.88
321	JASPAR2024_CORE_vertebrates_non-redundant.meme	MA1489.1	FOXN3	GTAAACAA	3.02e-17	6.45e-13	5.67e-10	21395	6900	6900	53397	1	2764	40.06	18631	34.89
322	JASPAR2024_CORE_vertebrates_non-redundant.meme	MA0030.2	FOXF2	SGTAAACAA	6.60e-17	1.32e-12	1.16e-9	19989	6900	6900	53397	1	2595	37.61	17394	32.57
323	JASPAR2024_CORE_vertebrates_non-redundant.meme	MA0883.2	Dmbx1	RWNMGGATTA	4.15e-17	1.62e-12	1.42e-9	39087	6900	6900	53397	2	2319	33.61	15324	28.70
324	JASPAR2024_CORE_vertebrates_non-redundant.meme	MA1632.2	ATF2	ATGABGTCAT	5.40e-17	1.82e-12	1.60e-9	33650	6900	6900	53397	1	4172	60.46	29478	55.21
325	JASPAR2024_CORE_vertebrates_non-redundant.meme	MA1129.1	FOSL1::JUN	ATGACGTCAT	8.70e-17	3.68e-12	3.23e-9	42283	6900	6900	53397	6	1085	15.72	6475	12.13
326	JASPAR2024_CORE_vertebrates_non-redundant.meme	MA0483.2	Gfi1B	AAATCWCWGC	1.80e-16	7.64e-12	6.71e-9	42355	6900	6900	53397	1	5135	74.42	37220	69.70
327	JASPAR2024_CORE_vertebrates_non-redundant.meme	MA0826.1	OLIG1	AMCATATGKT	2.35e-15	3.43e-11	3.01e-8	14572	6900	6900	53397	1	1934	28.03	12638	23.67
328	JASPAR2024_CORE_vertebrates_non-redundant.meme	MA0884.2	DUXA	YTRATTWAATYAR	4.33e-15	3.53e-11	3.10e-8	8144	6900	6900	53397	1	1145	16.59	6999	13.11
329	JASPAR2024_CORE_vertebrates_non-redundant.meme	MA0038.3	GFI1	MAATCACDGCA	3.32e-15	5.53e-11	4.86e-8	16622	6900	6900	53397	1	2178	31.57	14444	27.05
330	JASPAR2024_CORE_vertebrates_non-redundant.meme	MA1524.3	Msgn1	RACAAATGGT	1.68e-15	6.51e-11	5.72e-8	38827	6900	6900	53397	1	4736	68.64	34091	63.84
331	JASPAR2024_CORE_vertebrates_non-redundant.meme	MA0029.2	Mecom	AGAYAAGATAA	7.28e-15	8.57e-11	7.53e-8	11778	6900	6900	53397	1	1591	23.06	10187	19.08
332	JASPAR2024_CORE_vertebrates_non-redundant.meme	MA0150.3	Nfe2l2	ATGACTCAGCA	4.35e-15	1.24e-10	1.09e-7	28519	6900	6900	53397	1	3567	51.70	24952	46.73
333	JASPAR2024_CORE_vertebrates_non-redundant.meme	MA1101.3	BACH2	CATGASTCATS	2.77e-14	1.82e-10	1.60e-7	6556	6900	6900	53397	1	939	13.61	5617	10.52
334	JASPAR2024_CORE_vertebrates_non-redundant.meme	MA0610.2	DMRT3	TGTATCA	4.83e-15	2.20e-10	1.94e-7	45567	6900	6900	53397	2	3204	46.43	22170	41.52
335	JASPAR2024_CORE_vertebrates_non-redundant.meme	MA0485.3	HOXC9	GTCGTAAAA	2.84e-14	2.36e-10	2.08e-7	8303	6900	6900	53397	1	1158	16.78	7145	13.38
336	JASPAR2024_CORE_vertebrates_non-redundant.meme	MA1960.2	MGA::EVX1	RGGTGWTAATK	1.21e-14	4.27e-10	3.76e-7	35351	6900	6900	53397	1	4338	62.87	31013	58.08
337	JASPAR2024_CORE_vertebrates_non-redundant.meme	MA0517.2	STAT1::STAT2	AGTTTCRKTTTCY	4.34e-14	1.55e-9	1.36e-6	35612	6900	6900	53397	1	4361	63.20	31251	58.53
338	JASPAR2024_CORE_vertebrates_non-redundant.meme	MA0766.3	GATA5	WGATAASR	4.95e-14	1.61e-9	1.42e-6	32598	6900	6900	53397	1	4020	58.26	28578	53.52
339	JASPAR2024_CORE_vertebrates_non-redundant.meme	MA1720.2	ZNF85	GAGATTACWKCA	5.53e-14	1.62e-9	1.43e-6	29383	6900	6900	53397	2	1226	17.77	7645	14.32
340	JASPAR2024_CORE_vertebrates_non-redundant.meme	MA0842.3	NRL	AWWNTGCTGACG	5.24e-13	1.14e-8	1.00e-5	21780	6900	6900	53397	1	2762	40.03	19018	35.62
341	JASPAR2024_CORE_vertebrates_non-redundant.meme	MA2336.1	ZSCAN21	AAGCACT	2.14e-13	1.29e-8	1.13e-5	60141	6900	6900	53397	7	3755	54.42	26581	49.78
342	JASPAR2024_CORE_vertebrates_non-redundant.meme	MA1525.3	NFATC4	AYGGAAAMW	4.32e-13	2.11e-8	1.86e-5	48899	6900	6900	53397	2	3746	54.29	26544	49.71
343	JASPAR2024_CORE_vertebrates_non-redundant.meme	MA0488.2	JUN	ATGATGTCAT	1.43e-12	2.62e-8	2.30e-5	18326	6900	6900	53397	1	2351	34.07	15975	29.92
344	JASPAR2024_CORE_vertebrates_non-redundant.meme	MA1136.1	FOSB::JUNB	RTGACGTCAT	7.47e-13	3.01e-8	2.65e-5	40360	6900	6900	53397	3	2272	32.93	15358	28.76
345	JASPAR2024_CORE_vertebrates_non-redundant.meme	MA0626.2	Npas2	SCACGTGT	7.84e-13	3.22e-8	2.83e-5	41130	6900	6900	53397	1	4962	71.91	36168	67.73
346	JASPAR2024_CORE_vertebrates_non-redundant.meme	MA2323.1	Pgr	AAGAACAAANTGTTCTT	1.66e-12	4.72e-8	4.15e-5	28397	6900	6900	53397	1	3522	51.04	24875	46.59
347	JASPAR2024_CORE_vertebrates_non-redundant.meme	MA0623.2	NEUROG1	RACATATGTY	4.31e-12	6.73e-8	5.92e-5	15616	6900	6900	53397	1	2024	29.33	13592	25.45
348	JASPAR2024_CORE_vertebrates_non-redundant.meme	MA0140.3	GATA1::TAL1	TTATCWSNNNNNHVCAG	6.57e-12	1.22e-7	1.07e-4	18580	6900	6900	53397	1	2373	34.39	16207	30.35
349	JASPAR2024_CORE_vertebrates_non-redundant.meme	MA0873.2	HOXD12	RGTCGTAAAA	1.69e-11	2.48e-7	2.18e-4	14701	6900	6900	53397	1	1908	27.65	12793	23.96
350	JASPAR2024_CORE_vertebrates_non-redundant.meme	MA1131.2	FOSL2::JUN	RTGACGTMAT	1.01e-11	3.35e-7	2.94e-4	33129	6900	6900	53397	3	1204	17.45	7658	14.34
351	JASPAR2024_CORE_vertebrates_non-redundant.meme	MA1421.1	TCF7L1	AAAGATCAAAGG	1.83e-11	4.02e-7	3.53e-4	21945	6900	6900	53397	1	2762	40.03	19183	35.93
352	JASPAR2024_CORE_vertebrates_non-redundant.meme	MA0501.2	MAF::NFE2	ATGACTCAGCA	2.97e-11	5.01e-7	4.40e-4	16837	6900	6900	53397	1	2159	31.29	14678	27.49
353	JASPAR2024_CORE_vertebrates_non-redundant.meme	MA1116.2	RBPJ	TGGGAA	6.74e-11	4.00e-6	3.52e-3	59359	6900	6900	53397	4	4409	63.90	31980	59.89
354	JASPAR2024_CORE_vertebrates_non-redundant.meme	MA1588.1	ZNF136	RWATTCTTGGTTGRC	5.61e-10	7.88e-6	6.92e-3	14042	6900	6900	53397	1	1811	26.25	12231	22.91
355	JASPAR2024_CORE_vertebrates_non-redundant.meme	MA0631.2	Six3	ATRGGGTATCA	5.14e-10	1.18e-5	1.04e-2	23040	6900	6900	53397	2	787	11.41	4841	9.07
356	JASPAR2024_CORE_vertebrates_non-redundant.meme	MA1127.1	FOSB::JUN	GATGACGTCAT	5.62e-10	1.71e-5	1.51e-2	30477	6900	6900	53397	1	3726	54.00	26751	50.10
357	JASPAR2024_CORE_vertebrates_non-redundant.meme	MA1718.1	ZNF8	GTATGGATATACCACAKTTT	3.03e-8	2.32e-5	2.04e-2	767	6900	6900	53397	1	139	2.01	628	1.18
358	JASPAR2024_CORE_vertebrates_non-redundant.meme	MA2334.1	ZNF547	TGCTAATGCARCA	1.54e-9	2.98e-5	2.62e-2	19277	6900	6900	53397	1	2424	35.13	16853	31.56
359	JASPAR2024_CORE_vertebrates_non-redundant.meme	MA1151.2	RORC	AWNTRGGTCA	1.37e-9	8.19e-5	7.19e-2	59631	6900	6900	53397	6	2221	32.19	15323	28.70
360	JASPAR2024_CORE_vertebrates_non-redundant.meme	MA0677.2	Nr2f6	RGGTCAAAGGTCA	4.42e-9	9.01e-5	7.92e-2	20375	6900	6900	53397	1	2546	36.90	17829	33.39
361	JASPAR2024_CORE_vertebrates_non-redundant.meme	MA0870.1	Sox1	AACAATANCATTGTT	8.06e-8	1.16e-4	1.02e-1	1441	6900	6900	53397	1	231	3.35	1210	2.27
362	JASPAR2024_CORE_vertebrates_non-redundant.meme	MA0492.2	JUND	RATGABGTCAT	2.65e-8	4.01e-4	3.52e-1	15096	6900	6900	53397	1	1914	27.74	13182	24.69
363	JASPAR2024_CORE_vertebrates_non-redundant.meme	MA0772.2	IRF7	CGAAARYGAAAVT	2.72e-8	4.35e-4	3.82e-1	15977	6900	6900	53397	1	2018	29.25	13959	26.14
364	JASPAR2024_CORE_vertebrates_non-redundant.meme	MA1952.2	FOXJ2::ELF1	AAACMGGAAGT	8.24e-9	4.65e-4	4.08e-1	56365	6900	6900	53397	4	2387	34.59	16663	31.21
365	JASPAR2024_CORE_vertebrates_non-redundant.meme	MA0818.2	BHLHE22	AMCATATGKY	2.75e-8	5.49e-4	4.83e-1	19999	6900	6900	53397	2	1672	24.23	11388	21.33
366	JASPAR2024_CORE_vertebrates_non-redundant.meme	MA1547.2	PITX2	YTAATCCY	2.27e-8	6.66e-4	5.86e-1	29369	6900	6900	53397	1	3575	51.81	25794	48.31
367	JASPAR2024_CORE_vertebrates_non-redundant.meme	MA0164.2	Nr2e3	AAGCTT	4.11e-8	8.55e-4	7.52e-1	20819	6900	6900	53397	2	1373	19.90	9208	17.24
368	JASPAR2024_CORE_vertebrates_non-redundant.meme	MA1478.2	DMRTA2	GHTACA	2.46e-8	1.48e-3	1.30e0	60257	6900	6900	53397	13	1425	20.65	9565	17.91
369	JASPAR2024_CORE_vertebrates_non-redundant.meme	MA0508.4	PRDM1	CTTTCTC	4.59e-8	2.69e-3	2.36e0	58586	6900	6900	53397	3	5113	74.10	37928	71.03
370	JASPAR2024_CORE_vertebrates_non-redundant.meme	MA1133.2	JUN::JUNB	KRTGACGTCAT	6.97e-8	3.16e-3	2.78e0	45449	6900	6900	53397	2	3780	54.78	27452	51.41
371	JASPAR2024_CORE_vertebrates_non-redundant.meme	MA0512.2	Rxra	GRGGTCAAAGGTCA	1.20e-6	4.15e-3	3.65e0	3456	6900	6900	53397	1	484	7.01	2972	5.57
372	JASPAR2024_CORE_vertebrates_non-redundant.meme	MA2335.1	ZNF558	AWTTGATGAAAGACATRAATMTACAVATY	2.95e-5	4.59e-3	4.03e0	156	6900	6900	53397	1	36	0.52	120	0.22
373	JASPAR2024_CORE_vertebrates_non-redundant.meme	MA0019.2	Ddit3::Cebpa	RTGCAATMCC	1.13e-7	5.77e-3	5.07e0	51170	6900	6900	53397	4	1157	16.77	7679	14.38
374	JASPAR2024_CORE_vertebrates_non-redundant.meme	MA1139.2	FOSL2::JUNB	ATGACGTCAT	3.68e-7	7.20e-3	6.33e0	19648	6900	6900	53397	2	2334	33.83	16481	30.87
375	JASPAR2024_CORE_vertebrates_non-redundant.meme	MA0856.1	RXRG	GRGGTCAAAGGTCA	2.85e-6	7.81e-3	6.86e0	2747	6900	6900	53397	1	391	5.67	2356	4.41
376	JASPAR2024_CORE_vertebrates_non-redundant.meme	MA0669.1	NEUROG2	RACATATGTC	4.44e-7	8.66e-3	7.62e0	19597	6900	6900	53397	1	2424	35.13	17173	32.16

# AME (Analysis of Motif Enrichment): Version 5.5.5 compiled on Dec  7 2023 at 04:31:55
# The format of this file is described at http://localhost:8080/meme_5.5.5/doc/ame-output-format.html.
# ame --control shared.fa --oc . --scoring totalhits --method fisher --hit-lo-fraction 0.25 --evalue-report-threshold 10 --verbose 1 HFD_specific.fa JASPAR2024_CORE_vertebrates_non-redundant.meme
