Diet,Treatment,Animal,Time,Glucose,GIR (uL/min),GIR (mg/kg/min),GIR-AUC,3H-Glu,3H-H20,14C-2DG,Insulin,Hct,Lactate,T,Glu-Blood,Glu-Plasma,GIR,DPM,SA,Prt,Tir,Gtr,HGP,sHGP,Glu-Clearance,Ins-Clearance,Glycolysis,Glycogen,
HFD,Water,W1,-10,132,0,0,,1247.61,,,12.35,39.11,,-10,132,216.73,0,1247.61,129742.32,1,2606790.3,20.09,20.09,,15.22,87.90142383,8.82,11.27,
HFD,Water,W1,10,128,1.2,20.07,100.36,,,,,,,,,,,,,,,,,,,,,,
HFD,Water,W1,20,75,1.27,21.24,206.58,,,,,,,,,,,,,,,,,,,,,,
HFD,Water,W1,30,93,1.6,26.76,240.04,,,,,,,,,,,,,,,,,,,,,,106.2921078
HFD,Water,W1,40,84,2,33.45,301.09,,,,,,,,,,,,,,,,,,,,,,52.92285819
HFD,Water,W1,50,103,2.5,41.82,376.36,,,,,,,,,,,,,,,,,,,,,,98.47060369
HFD,Water,W1,60,115,2.9,48.51,451.64,,,,,,,,,,,,,,,,,,,,,,77.5970758
HFD,Water,W1,70,157,3.5,58.55,535.27,,,,,,,,,,,,,,,,,,,,,,93.02496679
HFD,Water,W1,80,176,3.35,56.04,1045.45,1170.21,2921.82,8194.54,,,,80,176,271.71,56.04,1170.21,97067.99,2,5213580.6,53.71,-2.33,111.58,30.52,,23.65,30.07,58.20689157
HFD,Water,W1,85,158,2.8,46.84,257.18,1028.58,2990.08,4712.23,,,,85,158,253.59,46.84,1028.58,91416.02,2,5213580.6,57.03,10.2,49.26,36.1,,29.7,27.33,93.47342855
HFD,Water,W1,90,170,2.8,46.84,234.18,1130.77,2961.23,2763.42,,,,90,170,254.22,46.84,1130.77,100251.17,2,5213580.6,52.01,5.17,74.27,30.59,,22.95,29.06,
HFD,Water,W1,100,147,2.7,45.16,460,993.85,3195.99,1376.62,,39.37,,100,147,216.73,45.16,993.85,103353.13,2,5213580.6,50.44,5.28,73.72,34.32,,24.97,25.47,
HFD,Water,W1,110,92,2.7,45.16,451.64,772.17,3451.4,652.37,,,,110,92,154.25,45.16,772.17,112826.23,2,5213580.6,46.21,1.05,94.8,50.23,,33.48,12.73,
HFD,Water,W1,120,97,2.9,48.51,468.36,721.93,3715.57,426.53,103.85,,,120,97,151.75,48.51,721.93,107222.63,2,5213580.6,48.62,0.11,99.43,50.13,,35.16,13.46,
HFD,Water,W2,-10,140,0,0,,774.38,,,17.95,38.79,,-10,140,228.6,0,774.38,84015.38,1,2200382.2,26.19,26.19,,18.71,110.5175465,10.08,16.11,
HFD,Water,W2,10,142,1.2,18.4,92,,,,,,,,,,,,,,,,,,,,,,
HFD,Water,W2,20,113,1.45,22.23,203.17,,,,,,,,,,,,,,,,,,,,,,
HFD,Water,W2,30,107,1.77,27.14,246.87,,,,,,,,,,,,,,,,,,,,,,
HFD,Water,W2,40,112,1.97,30.21,286.73,,,,,,,,,,,,,,,,,,,,,,
HFD,Water,W2,50,114,2.09,32.05,311.27,,,,,,,,,,,,,,,,,,,,,,
HFD,Water,W2,60,115,2.2,33.73,328.9,,,,,,,,,,,,,,,,,,,,,,
HFD,Water,W2,70,116,2.28,34.96,343.47,,,,,,,,,,,,,,,,,,,,,,
HFD,Water,W2,80,109,2.36,36.19,355.73,1076.05,1261.48,6770.78,,,,80,109,169.87,36.19,1076.05,157108.37,2,4400764.4,28.01,-8.18,131.22,25.7,,7.41,20.61,
HFD,Water,W2,85,100,2.48,38.03,185.53,1396.16,1005.27,2257.47,,,,85,100,157.37,38.03,1396.16,220032.03,2,4400764.4,20,-18.03,168.83,20,,4.12,15.89,
HFD,Water,W2,90,119,2.72,41.71,199.33,827.84,1564.55,1349.85,,,,90,119,178.62,41.71,827.84,114949.38,2,4400764.4,38.28,-3.42,113.07,32.17,,12.67,25.61,
HFD,Water,W2,100,137,2.65,40.63,411.7,998.22,1436.7,826.46,,35.29,,100,137,216.1,40.63,998.22,114562.98,2,4400764.4,38.41,-2.22,108.48,28.04,,11.08,27.33,
HFD,Water,W2,110,131,2.6,39.87,402.5,1485.71,991.47,582.46,,,,110,131,199.86,39.87,1485.71,184370.16,2,4400764.4,23.87,-16,161.08,18.22,,4.47,19.4,
HFD,Water,W2,120,150,2.6,39.87,398.67,896.82,1885.93,436.75,146.79,,,120,150,227.35,39.87,896.82,97834.14,2,4400764.4,44.98,5.12,80.47,29.99,,13.88,31.11,
HFD,Water,W3,-10,115,0,0,,1339.81,,,6.46,29.21,,-10,115,209.84,0,1339.81,158355.87,1,2207741.4,13.94,13.94,,12.12,94.26226151,9.78,4.16,
HFD,Water,W3,10,122,1.4,21.54,107.69,,,,,,,,,,,,,,,,,,,,,,
HFD,Water,W3,20,141,1.35,20.77,211.54,,,,,,,,,,,,,,,,,,,,,,
HFD,Water,W3,30,103,1.65,25.38,230.77,,,,,,,,,,,,,,,,,,,,,,
HFD,Water,W3,40,85,1.98,30.46,279.23,,,,,,,,,,,,,,,,,,,,,,
HFD,Water,W3,50,90,2.3,35.38,329.23,,,,,,,,,,,,,,,,,,,,,,
HFD,Water,W3,60,101,2.5,38.46,369.23,,,,,,,,,,,,,,,,,,,,,,
HFD,Water,W3,70,103,2.75,42.31,403.85,,,,,,,,,,,,,,,,,,,,,,
HFD,Water,W3,80,121,2.7,41.54,419.23,988.85,3724.48,,,,,80,121,221.09,41.54,988.85,110929.68,2,4415482.7,39.8,-1.73,112.44,32.9,,37.9,1.91,
HFD,Water,W3,85,120,2.7,41.54,207.69,979.41,4030.24,7586.57,,,,85,120,214.34,41.54,979.41,113329.64,2,4415482.7,38.96,-2.58,118.48,32.47,,36.61,2.35,
HFD,Water,W3,90,115,2.76,42.46,210,833.46,4005.98,1429.01,,,,90,115,193.35,42.46,833.46,106912.91,2,4415482.7,41.3,-1.16,108.33,35.91,,42.92,-1.63,
HFD,Water,W3,100,114,2.76,42.46,424.62,766.32,4334.44,698.55,,31.5,,100,114,179.85,42.46,766.32,105676.75,2,4415482.7,41.78,-0.68,104.87,36.65,,44.32,-2.54,
HFD,Water,W3,110,94,2.96,45.54,440,631.38,4550.29,452.19,,,,110,94,166.36,45.54,631.38,94131.78,2,4415482.7,46.91,1.37,90.18,49.9,,67.74,-20.84,
HFD,Water,W3,120,101,3,46.15,458.46,518,4977.41,322.21,103.56,,,120,101,167.85,46.15,518,76538.16,2,4415482.7,57.69,11.54,17.25,57.12,,95.37,-37.68,
HFD,Water,W4,-10,157,0,0,,751.35,,,20.82,44.35,,-10,157,242.97,0,751.35,70629.58,1,1839648.6,26.05,26.05,,16.59,106.2921078,17.28,8.77,
HFD,Water,W4,10,131,1.2,15.73,78.63,,,,,,,,,,,,,,,,,,,,,,
HFD,Water,W4,20,97,1.4,18.35,170.37,,,,,,,,,,,,,,,,,,,,,,
HFD,Water,W4,30,91,1.75,22.93,206.41,,,,,,,,,,,,,,,,,,,,,,
HFD,Water,W4,40,97,2.15,28.18,255.56,,,,,,,,,,,,,,,,,,,,,,
HFD,Water,W4,50,95,2.55,33.42,307.98,,,,,,,,,,,,,,,,,,,,,,
HFD,Water,W4,60,100,3,39.32,363.68,,,,,,,,,,,,,,,,,,,,,,
HFD,Water,W4,70,100,3.3,43.25,412.82,,,,,,,,,,,,,,,,,,,,,,
HFD,Water,W4,80,117,3.7,48.49,458.69,969.7,2203.01,5211.13,,,,80,117,178.62,48.49,969.7,123997.91,2,3679297.2,29.67,-18.82,172.25,25.36,,15.04,14.63,
HFD,Water,W4,85,123,3.7,48.49,242.45,882.59,2216.84,2155.43,,,,85,123,187.36,48.49,882.59,107590.05,2,3679297.2,34.2,-14.29,154.87,27.8,,19.01,15.19,
HFD,Water,W4,90,137,3.75,49.15,244.09,828.51,2261.39,1338.14,,,,90,137,203.61,49.15,828.51,92939.52,2,3679297.2,39.59,-9.56,136.69,28.9,,22.87,16.72,
HFD,Water,W4,100,142,3.7,48.49,488.18,817,2487.92,701.59,,39.47,,100,142,210.48,48.49,817,88655.79,2,3679297.2,41.5,-6.99,126.83,29.23,,24.25,17.25,
HFD,Water,W4,110,159,3.67,48.1,482.93,841.76,2627.07,467.56,,,,110,159,231.72,48.1,841.76,82968.82,2,3679297.2,44.35,-3.75,114.4,27.89,,24.73,19.62,
HFD,Water,W4,120,170,3.55,46.52,473.11,865.45,2769.98,379.77,122.09,,,120,170,252.97,46.52,865.45,78140.39,2,3679297.2,47.09,0.56,97.84,27.7,,26.07,21.01,
HFD,Water,W5,-10,154,0,0,,685.19,,,12.92,40.49,,-10,154,242.35,0,685.19,65896.06,1,1866411.2,28.32,28.32,,18.39,52.92285819,12.19,16.13,
HFD,Water,W5,10,179,1.2,17.2,85.98,,,,,,,,,,,,,,,,,,,,,,
HFD,Water,W5,20,83,1.2,17.2,171.96,,,,,,,,,,,,,,,,,,,,,,
HFD,Water,W5,30,90,1.6,22.93,200.62,,,,,,,,,,,,,,,,,,,,,,
HFD,Water,W5,40,89,2,28.66,257.94,,,,,,,,,,,,,,,,,,,,,,
HFD,Water,W5,50,102,2.5,35.83,322.43,,,,,,,,,,,,,,,,,,,,,,
HFD,Water,W5,60,113,2.8,40.12,379.75,,,,,,,,,,,,,,,,,,,,,,
HFD,Water,W5,70,94,3.1,44.42,422.74,,,,,,,,,,,,,,,,,,,,,,
HFD,Water,W5,80,108,3.6,51.59,480.06,709.1,1471.18,6744.27,,,,80,108,158,51.59,709.1,104602,2,3732822.4,35.69,-15.9,156.15,33.04,,13.8,21.89,
HFD,Water,W5,85,130,3.6,51.59,257.94,580.61,1507.05,2649.69,,,,85,130,186.74,51.59,580.61,72465.97,2,3732822.4,51.51,-0.08,100.27,39.62,,23.89,27.62,
HFD,Water,W5,90,149,3.6,51.59,257.94,551.21,1489.03,1659.37,,,,90,149,209.23,51.59,551.21,61400.8,2,3732822.4,60.79,9.21,67.5,40.8,,29.03,31.76,
HFD,Water,W5,100,156,3.45,49.44,505.14,509.26,1564.97,850.26,,35,,100,156,218.6,49.44,509.26,54295.83,2,3732822.4,68.75,19.31,31.82,44.07,,35.46,33.29,
HFD,Water,W5,110,160,3.3,47.29,483.64,558.74,1744.31,580.53,,,,110,160,236.1,47.29,558.74,55157.14,2,3732822.4,67.68,20.39,28.02,42.3,,33.5,34.18,
HFD,Water,W5,120,153,3.1,44.42,458.57,554.78,1848.53,451.07,106.43,,,120,153,226.73,44.42,554.78,57030.04,2,3732822.4,65.45,21.03,25.75,42.78,,32.77,32.68,
HFD,Water,W6,-10,145,0,0,,454.38,,,17.09,37.6,,-10,145,215.48,0,454.38,48077.6,1,1616143.3,33.62,33.62,,23.18,98.47060369,16.65,16.97,
HFD,Water,W6,10,160,1.2,15.82,79.08,,,,,,,,,,,,,,,,,,,,,,
HFD,Water,W6,20,205,1.35,17.79,168.05,,,,,,,,,,,,,,,,,,,,,,
HFD,Water,W6,30,217,1.05,13.84,158.17,,,,,,,,,,,,,,,,,,,,,,
HFD,Water,W6,40,163,0.35,4.61,92.26,,,,,,,,,,,,,,,,,,,,,,
HFD,Water,W6,50,130,0.95,12.52,85.67,,,,,,,,,,,,,,,,,,,,,,
HFD,Water,W6,60,130,1.33,17.53,150.26,,,,,,,,,,,,,,,,,,,,,,
HFD,Water,W6,70,113,1.38,18.19,178.6,,,,,,,,,,,,,,,,,,,,,,
HFD,Water,W6,80,103,1.51,19.9,190.46,1066.07,1081.71,8942.83,,,,80,103,156.75,19.9,1066.07,155064.44,2,3232286.5,20.84,0.94,97.2,20.24,,4.51,16.34,
HFD,Water,W6,85,117,1.55,20.43,100.83,966.86,1215.15,3823.29,,,,85,117,183.62,20.43,966.86,120056.48,2,3232286.5,26.92,6.49,80.68,23.01,,6.62,20.31,
HFD,Water,W6,90,140,1.55,20.43,102.15,996.75,1190.33,2372.36,,,,90,140,211.11,20.43,996.75,107648.05,2,3232286.5,30.03,9.6,71.45,21.45,,6.88,23.15,
HFD,Water,W6,100,110,1.4,18.45,194.41,901.89,1272.99,1231.14,,38.66,,100,110,168.62,18.45,901.89,121948.14,2,3232286.5,26.51,8.05,76.04,24.1,,6.82,19.68,
HFD,Water,W6,110,107,1.48,19.51,189.8,889.93,1293.76,851.64,,,,110,107,151.75,19.51,889.93,133707.8,2,3232286.5,24.17,4.67,86.12,22.59,,5.83,18.34,
HFD,Water,W6,120,116,1.55,20.43,199.68,874.57,1434.61,690.91,274.77,,,120,116,179.87,20.43,874.57,110860.08,2,3232286.5,29.16,8.73,74.04,25.13,,7.83,21.33,
HFD,Water,W7,-10,156,0,0,,815.05,,,16.37,30.93,,-10,156,206.11,0,815.05,93383.39,1,1729746.2,18.52,18.52,,11.87,77.5970758,6.81,11.72,
HFD,Water,W7,10,132,1.1,13.57,67.83,,,,,,,,,,,,,,,,,,,,,,
HFD,Water,W7,20,108,1.2,14.8,141.82,,,,,,,,,,,,,,,,,,,,,,
HFD,Water,W7,30,89,1.45,17.88,163.4,,,,,,,,,,,,,,,,,,,,,,
HFD,Water,W7,40,98,1.85,22.82,203.49,,,,,,,,,,,,,,,,,,,,,,
HFD,Water,W7,50,100,2.2,27.13,249.73,,,,,,,,,,,,,,,,,,,,,,
HFD,Water,W7,60,96,2.85,35.15,311.39,,,,,,,,,,,,,,,,,,,,,,
HFD,Water,W7,70,111,3.4,41.93,385.39,,,,,,,,,,,,,,,,,,,,,,
HFD,Water,W7,80,124,3.65,45.01,434.72,828.21,1902.37,7282.13,,,,80,124,182.99,45.01,828.21,106879.01,2,3459492.4,32.37,-12.65,168.27,26.1,,13.07,19.3,
HFD,Water,W7,85,150,3.65,45.01,225.07,814.27,1975.16,2690.97,,,,85,150,202.36,45.01,814.27,95022.34,2,3459492.4,36.41,-8.61,146.46,24.27,,13.67,22.74,
HFD,Water,W7,90,162,3.6,44.4,223.53,858.53,2007.68,1706.26,,,,90,162,232.97,44.4,858.53,87021.67,2,3459492.4,39.75,-4.64,125.06,24.54,,15.09,24.66,
HFD,Water,W7,100,169,3.4,41.93,431.64,866.37,2174.01,935.79,,29.24,,100,169,246.1,41.93,866.37,83134.33,2,3459492.4,41.61,-0.32,101.71,24.62,,15.85,25.76,
HFD,Water,W7,110,171,3.2,39.46,406.97,845.7,2169.09,649.78,,,,110,171,242.97,39.46,845.7,82194.3,2,3459492.4,42.09,2.63,85.83,24.61,,16.03,26.06,
HFD,Water,W7,120,149,2.8,34.53,369.97,887.5,2334.05,472.59,137.74,,,120,149,209.23,34.53,887.5,100166.03,2,3459492.4,34.54,0.01,99.96,23.18,,12.39,22.15,
HFD,Water,W8,-10,108,0,0,,693.01,,,44.38,46.93,,-10,108,189.24,0,693.01,86478.96,1,1767658.4,20.44,20.44,,18.93,93.02496679,18.81,1.63,
HFD,Water,W8,10,95,1.2,15.12,75.62,,,,,,,,,,,,,,,,,,,,,,
HFD,Water,W8,20,74,1.65,20.79,179.59,,,,,,,,,,,,,,,,,,,,,,
HFD,Water,W8,30,87,2.15,27.1,239.45,,,,,,,,,,,,,,,,,,,,,,
HFD,Water,W8,40,88,2.65,33.4,302.47,,,,,,,,,,,,,,,,,,,,,,
HFD,Water,W8,50,103,3.3,41.59,374.93,,,,,,,,,,,,,,,,,,,,,,
HFD,Water,W8,60,108,3.5,44.11,428.49,,,,,,,,,,,,,,,,,,,,,,
HFD,Water,W8,70,115,3.65,46,450.55,,,,,,,,,,,,,,,,,,,,,,
HFD,Water,W8,80,110,3.8,47.89,469.45,1125.55,1879.13,5646.47,,,,80,110,189.24,47.89,1125.55,140454.54,2,3535316.9,25.17,-22.72,211.15,22.88,,14,11.17,
HFD,Water,W8,85,112,3.8,47.89,239.45,843.37,2142.35,1517.24,,,,85,112,184.86,47.89,843.37,107731.87,2,3535316.9,32.82,-15.07,173.75,29.3,,23.37,9.45,
HFD,Water,W8,90,110,3.8,47.89,239.45,784.37,2238.95,816.62,,,,90,110,184.24,47.89,784.37,100535.01,2,3535316.9,35.17,-12.73,162.26,31.97,,27.32,7.84,
HFD,Water,W8,100,114,3.85,48.52,482.05,737.7,2394.13,494.11,,39.73,,100,114,184.86,48.52,737.7,94233.61,2,3535316.9,37.52,-11,153.83,32.91,,30.01,7.51,
HFD,Water,W8,110,122,3.9,49.15,488.36,799.31,2530.93,343.4,,,,110,122,199.24,49.15,799.31,94739.13,2,3535316.9,37.32,-11.83,157.9,30.59,,27.74,9.57,
HFD,Water,W8,120,123,3.9,49.15,491.51,845.78,2602.94,310.5,176.67,,,120,123,214.23,49.15,845.78,93230.18,2,3535316.9,37.92,-11.23,154.94,30.83,,28.42,9.5,
HFD,Water,W9,-10,145,0,0,,496.76,,,43.38,45.19,,-10,145,238.6,0,496.76,48230.83,1,1996586.2,41.4,41.4,,28.55,58.20689157,29.06,12.33,
HFD,Water,W9,10,147,1.15,14.18,70.91,,,,,,,,,,,,,,,,,,,,,,
HFD,Water,W9,20,94,1.15,14.18,141.82,,,,,,,,,,,,,,,,,,,,,,
HFD,Water,W9,30,110,1.65,20.35,172.65,,,,,,,,,,,,,,,,,,,,,,
HFD,Water,W9,40,90,1.9,23.43,218.9,,,,,,,,,,,,,,,,,,,,,,
HFD,Water,W9,50,98,2.6,32.06,277.48,,,,,,,,,,,,,,,,,,,,,,
HFD,Water,W9,60,117,3.4,41.93,369.97,,,,,,,,,,,,,,,,,,,,,,
HFD,Water,W9,70,102,3.68,45.38,436.57,,,,,,,,,,,,,,,,,,,,,,
HFD,Water,W9,80,135,4.2,51.8,485.9,662.3,1544.89,5343.17,,,,80,135,219.23,51.8,662.3,69984.42,2,3993172.5,57.06,5.26,87.29,42.27,,29.65,27.41,
HFD,Water,W9,85,130,4.07,50.19,254.97,555.89,1531.09,1813.66,,,,85,130,211.73,50.19,555.89,60820.26,2,3993172.5,65.66,15.46,62.65,50.5,,40.77,24.88,
HFD,Water,W9,90,115,4.07,50.19,250.97,517.9,1540.52,921.38,,,,90,115,172.99,50.19,517.9,69352.2,2,3993172.5,57.58,7.39,82.16,50.07,,35.45,22.13,
HFD,Water,W9,100,116,4.15,51.18,506.86,511.39,1707.42,468.25,,38.33,,100,116,184.24,51.18,511.39,64300.24,2,3993172.5,62.1,10.92,73.62,53.54,,40.88,21.22,
HFD,Water,W9,110,143,4.2,51.8,514.88,551.82,1817.84,376.5,,,,110,143,242.35,51.8,551.82,52747.89,2,3993172.5,75.7,23.91,42.25,52.94,,49.28,26.43,
HFD,Water,W9,120,145,4.2,51.8,517.96,524.99,1865.9,336.15,139.47,,,120,145,262.34,51.8,524.99,46358.65,2,3993172.5,86.14,34.34,17.05,59.4,,62.92,23.22,
HFD,Water,W10,-10,149,0,0,,1215.95,,,26.71,41.85,,-10,149,239.85,0,1215.95,117442.5,1,1991247.8,16.96,16.96,,11.38,93.47342855,9.7,7.26,
HFD,Water,W10,10,135,1.15,14.14,70.72,,,,,,,,,,,,,,,,,,,,,,
HFD,Water,W10,20,164,1.45,17.83,159.89,,,,,,,,,,,,,,,,,,,,,,
HFD,Water,W10,30,165,1.2,14.76,162.97,,,,,,,,,,,,,,,,,,,,,,
HFD,Water,W10,40,148,1.1,13.53,141.44,,,,,,,,,,,,,,,,,,,,,,
HFD,Water,W10,50,111,1.1,13.53,135.29,,,,,,,,,,,,,,,,,,,,,,
HFD,Water,W10,60,131,1.5,18.45,159.89,,,,,,,,,,,,,,,,,,,,,,
HFD,Water,W10,70,118,1.95,23.98,212.17,,,,,,,,,,,,,,,,,,,,,,
HFD,Water,W10,80,122,2.55,31.36,276.74,1956.74,2807.32,7542.7,,,,80,122,210.48,31.36,1956.74,215359.11,2,3982495.5,18.49,-12.87,175.91,15.16,,7.05,11.45,
HFD,Water,W10,85,140,2.75,33.82,162.97,1751.08,2818.55,2798.91,,,,85,140,250.47,33.82,1751.08,161955.88,2,3982495.5,24.59,-9.23,154.46,17.56,,10.86,13.73,
HFD,Water,W10,90,146,2.65,32.59,166.04,1746.44,2944.71,1546.49,,,,90,146,249.22,32.59,1746.44,162336.57,2,3982495.5,24.53,-8.06,147.54,16.8,,10.36,14.17,
HFD,Water,W10,100,127,2.45,30.13,313.64,1693.21,3086.18,839.22,,45.04,,100,127,232.97,30.13,1693.21,168363.07,2,3982495.5,23.65,-6.48,138.22,18.63,,11.07,12.58,
HFD,Water,W10,110,128,2.48,30.5,303.18,1638.21,3205.47,556.47,,,,110,128,224.23,30.5,1638.21,169248.77,2,3982495.5,23.53,-6.97,141.12,18.38,,10.87,12.66,
HFD,Water,W10,120,140,2.48,30.5,305.03,1581.37,3623.51,406.96,229.48,,,120,140,228.6,30.5,1581.37,160250.71,2,3982495.5,24.85,-5.65,133.33,17.75,,11.09,13.76,
HFD,Water,W11,-10,155,0,0,,1263.84,,,32.32,42.05,,-10,155,238.6,0,1263.84,122707.25,1,2034772.3,16.58,16.58,,10.7,86.27063411,8.92,7.66,
HFD,Water,W11,10,142,1,12.57,62.84,,,,,,,,,,,,,,,,,,,,,,
HFD,Water,W11,20,109,1.1,13.83,131.97,,,,,,,,,,,,,,,,,,,,,,
HFD,Water,W11,30,88,1.4,17.6,157.1,,,,,,,,,,,,,,,,,,,,,,
HFD,Water,W11,40,121,2.35,29.54,235.66,,,,,,,,,,,,,,,,,,,,,,
HFD,Water,W11,50,138,2.75,34.56,320.49,,,,,,,,,,,,,,,,,,,,,,
HFD,Water,W11,60,133,2.76,34.69,346.26,,,,,,,,,,,,,,,,,,,,,,
HFD,Water,W11,70,128,2.66,33.43,340.6,,,,,,,,,,,,,,,,,,,,,,
HFD,Water,W11,80,103,2.7,33.93,336.83,999.38,3121.32,5011.35,,,,80,103,176.12,33.93,999.38,131453.52,2,4069544.6,30.96,-2.98,117.95,30.06,,23.39,7.57,
HFD,Water,W11,85,110,2.7,33.93,169.67,1032.47,3057.17,1880.67,,,,85,110,201.73,33.93,1032.47,118560.97,2,4069544.6,34.32,0.39,97.65,31.2,,26.92,7.4,
HFD,Water,W11,90,112,2.75,34.56,171.24,979.28,3090.69,1097.16,,,,90,112,181.12,34.56,979.28,125254.8,2,4069544.6,32.49,-2.07,112.5,29.01,,23.69,8.8,
HFD,Water,W11,100,121,2.83,35.57,350.66,1078.22,3337.18,557.73,,40.74,,100,121,209.86,35.57,1078.22,119022.37,2,4069544.6,34.19,-1.38,108.3,28.26,,24.28,9.91,
HFD,Water,W11,110,131,2.85,35.82,356.94,1046.33,3424.09,367.45,,,,110,131,216.1,35.82,1046.33,112162.71,2,4069544.6,36.28,0.46,97.21,27.7,,25.26,11.02,
HFD,Water,W11,120,129,2.84,35.69,357.57,1061.03,3944.5,327.6,133.87,,,120,129,209.23,35.69,1061.03,117474.56,2,4069544.6,34.64,-1.05,106.34,26.85,,23.38,11.26,
HFD,Dexamethasone,1,-10,124,0,0,,727.64,,,81.151,41.67,,-10,124,239.847,0,727.64,68375.87667,1,2365898.79,34.60136681,34.60136681,,27.90432808,75.0699693,33.57069719,1.030669619,
HFD,Dexamethasone,1,10,115,1.2,18.21782178,91.08910891,,,,,,,,,,,,,,,,,,,,,,
HFD,Dexamethasone,1,20,125,1.3,19.7359736,189.7689769,,,,,,,,,,,,,,,,,,,,,,
HFD,Dexamethasone,1,30,125,1.33,20.19141914,199.6369637,,,,,,,,,,,,,,,,,,,,,,
HFD,Dexamethasone,1,40,122,1.39,21.10231023,206.4686469,,,,,,,,,,,,,,,,,,,,,,
HFD,Dexamethasone,1,50,113,1.47,22.31683168,217.0957096,,,,,,,,,,,,,,,,,,,,,,
HFD,Dexamethasone,1,60,111,1.6,24.29042904,233.0363036,,,,,,,,,,,,,,,,,,,,,,
HFD,Dexamethasone,1,70,118,1.78,27.02310231,256.5676568,,,,,,,,,,,,,,,,,,,,,,
HFD,Dexamethasone,1,80,123,1.9,28.84488449,531.3531353,1163.98,2912.72,8881.35,,,,80,123,202.359,28.84488449,1163.98,129641.3744,2,4731797.58,36.49913155,7.654247062,77.87877253,29.67409069,,18.82892355,17.670208,
HFD,Dexamethasone,1,85,127,1.93,29.30033003,145.3630363,1008.09,3401.24,3724.55,,,,85,127,210.4814,29.30033003,1008.09,107945.916,2,4731797.58,43.83489209,14.53456206,57.99425458,34.51566306,,26.30278311,17.53210898,
HFD,Dexamethasone,1,90,137,1.93,29.30033003,146.5016502,1065.01,3394.84,2317.89,,,,90,137,220.4782,29.30033003,1065.01,108870.1106,2,4731797.58,43.46277921,14.16244918,59.06968284,31.72465636,,23.97065832,19.49212089,
HFD,Dexamethasone,1,100,124,1.86,28.23762376,287.689769,1024.87,3576.27,1211.77,,37.17,,100,124,184.8646,28.23762376,1024.87,124949.8268,2,4731797.58,37.86958095,9.631957189,72.16307309,30.53998464,,20.10596189,17.76361907,
HFD,Dexamethasone,2,110,133,1.92,29.14851485,286.9306931,1069.59,3821.82,794.75,,,,110,133,206.108025,29.14851485,1069.59,116961.5366,2,4731797.58,40.45601415,11.3074993,67.32065713,30.41805575,,21.39341349,19.06260066,
HFD,Dexamethasone,2,120,129,1.92,29.14851485,291.4851485,1062.17,3825.59,604.79,185.574,,,120,129,201.1094,29.14851485,1062.17,119037.0879,2,4731797.58,39.75061608,10.60210122,69.35929936,30.81443107,,21.29430935,18.45630673,
HFD,Dexamethasone,2,-10,199,0,0,,525.49,,,51.562,22.22,,-10,199,258.591,0,525.49,50400.2956,1,2102276.008,41.71158092,41.71158092,,20.96059343,125.5379842,20.48207882,21.2295021,
HFD,Dexamethasone,2,10,190,1,14.64968153,73.24840764,,,,,,,,,,,,,,,,,,,,,,
HFD,Dexamethasone,2,20,202,1.2,17.57961783,161.1464968,,,,,,,,,,,,,,,,,,,,,,
HFD,Dexamethasone,2,30,175,1.1,16.11464968,168.4713376,,,,,,,,,,,,,,,,,,,,,,
HFD,Dexamethasone,3,40,135,1.16,16.99363057,165.5414013,,,,,,,,,,,,,,,,,,,,,,
HFD,Dexamethasone,3,50,137,1.36,19.92356688,184.5859873,,,,,,,,,,,,,,,,,,,,,,
HFD,Dexamethasone,3,60,138,1.36,19.92356688,199.2356688,,,,,,,,,,,,,,,,,,,,,,
HFD,Dexamethasone,3,70,150,1.34,19.63057325,197.7707006,,,,,,,,,,,,,,,,,,,,,,
HFD,Dexamethasone,3,80,167,1.26,18.45859873,190.4458599,936.95,1276.47,8544.27,,,,80,167,192.3622,18.45859873,936.95,120803.2765,2,4204552.017,34.80495016,16.34635144,60.81100003,20.84128752,,8.49668219,26.30826797,
HFD,Dexamethasone,3,85,165,1.05,15.38216561,84.60191083,953,1304.73,4334.46,,,,85,165,210.4814,15.38216561,953,112295.2045,2,4204552.017,37.44195522,22.05978961,47.1135135,22.69209407,,9.952149877,27.48980534,
HFD,Dexamethasone,3,90,159,0.9,13.18471338,71.41719745,810.76,1502.37,2526.12,,,,90,159,207.9822,13.18471338,810.76,96682.56852,2,4204552.017,43.4882118,30.30349842,27.34991637,27.3510766,,13.93252365,29.55568815,
HFD,Dexamethasone,3,100,147,0.7,10.25477707,117.1974522,816.84,1484.7,1176.45,,23.26,,100,147,191.7374,10.25477707,816.84,105660.3868,2,4204552.017,39.79307805,29.53830098,29.18441276,27.07012112,,12.61773917,27.17533888,
HFD,Dexamethasone,3,110,142,0.65,9.522292994,98.88535032,824.2,1613.16,802.73,,,,110,142,191.1126,9.522292994,824.2,106960.9675,2,4204552.017,39.30921826,29.78692527,28.58835698,27.68254807,,12.74630431,26.56291395,
HFD,Dexamethasone,3,120,130,0.6,8.789808917,91.56050955,785.34,1713.56,624.19,107.58,,,120,130,157.9982,8.789808917,785.34,123278.5769,2,4204552.017,34.10610444,25.31629552,39.30631504,26.23546495,,10.48104766,23.62505678,
HFD,Dexamethasone,4,-10,125,0,0,,491.3,,,188.446,34.35,,-10,125,162.9966,0,491.3,68844.14269,1,2339553.14,33.98332885,33.98332885,,27.18666308,72.76897827,20.50926922,13.47405963,
HFD,Dexamethasone,4,10,119,0.9,15,75,,,,,,,,,,,,,,,,,,,,,,
HFD,Dexamethasone,4,20,132,0.98,16.33333333,156.6666667,,,,,,,,,,,,,,,,,,,,,,
HFD,Dexamethasone,4,30,125,0.96,16,161.6666667,,,,,,,,,,,,,,,,,,,,,,
HFD,Dexamethasone,4,40,117,0.97,16.16666667,160.8333333,,,,,,,,,,,,,,,,,,,,,,
HFD,Dexamethasone,4,50,112,1,16.66666667,164.1666667,,,,,,,,,,,,,,,,,,,,,,
HFD,Dexamethasone,4,60,112,1.1,18.33333333,175,,,,,,,,,,,,,,,,,,,,,,
HFD,Dexamethasone,4,70,106,1.16,19.33333333,188.3333333,,,,,,,,,,,,,,,,,,,,,,
HFD,Dexamethasone,4,80,110,1.22,20.33333333,198.3333333,998.15,2389.02,8441.44,,,,80,110,167.3702,20.33333333,998.15,136212.3399,2,4679106.28,34.35155937,14.01822604,58.74969723,31.22869034,,11.90689695,22.44466243,
HFD,Dexamethasone,4,85,107,1.29,21.5,104.5833333,936.47,2349.41,3320.91,,,,85,107,161.747,21.5,936.47,132238.0426,2,4679106.28,35.38396506,13.88396506,59.14477617,33.06912623,,12.98756053,22.39640454,
HFD,Dexamethasone,5,90,114,1.39,23.16666667,111.6666667,901.52,2449.76,1983.59,,,,90,114,157.9982,23.16666667,901.52,130323.2806,2,4679106.28,35.90384049,12.73717382,62.51934623,31.49459692,,12.55091324,23.35292725,
HFD,Dexamethasone,5,100,122,1.39,23.16666667,231.6666667,1290.2,2251.1,1128.05,,33.05,,100,122,177.367,23.16666667,1290.2,166143.362,2,4679106.28,28.16306485,4.996398188,85.29750217,23.08447939,,7.216030614,20.94703424,
HFD,Dexamethasone,5,110,120,1.39,23.16666667,231.6666667,988.69,2649.2,802.62,,,,110,120,144.8774,23.16666667,988.69,155868.4711,2,4679106.28,30.01958156,6.852914891,79.83448025,25.01631796,,8.335398928,21.68418263,
HFD,Dexamethasone,5,120,117,1.39,23.16666667,231.6666667,987.1,2982.74,630.74,187.3,,,120,117,157.9982,23.16666667,987.1,142694.6827,2,4679106.28,32.79103463,9.62436796,71.6791489,28.02652532,,10.20053018,22.59050445,
HFD,Dexamethasone,5,-10,125,0,0,,779.05,,,38.204,44.35,,-10,125,202.359,0,779.05,87930.91343,1,2152388.889,24.47818185,24.47818185,,19.58254548,107.3301099,15.04672987,9.431451978,
HFD,Dexamethasone,5,10,122,1,15.33333333,76.66666667,,,,,,,,,,,,,,,,,,,,,,
HFD,Dexamethasone,6,20,95,1.05,16.1,157.1666667,,,,,,,,,,,,,,,,,,,,,,
HFD,Dexamethasone,6,30,86,1.2,18.4,172.5,,,,,,,,,,,,,,,,,,,,,,
HFD,Dexamethasone,6,40,86,1.35,20.7,195.5,,,,,,,,,,,,,,,,,,,,,,
HFD,Dexamethasone,6,50,83,1.6,24.53333333,226.1666667,,,,,,,,,,,,,,,,,,,,,,
HFD,Dexamethasone,6,60,100,1.8,27.6,260.6666667,,,,,,,,,,,,,,,,,,,,,,
HFD,Dexamethasone,6,70,102,1.9,29.13333333,283.6666667,,,,,,,,,,,,,,,,,,,,,,
HFD,Dexamethasone,6,80,97,2.25,34.5,318.1666667,980.06,2295.14,6597.06,,,,80,97,144.8774,34.5,980.06,154507.9386,2,4304777.778,27.86120777,-6.638792235,127.1212636,28.7228946,,12.56006744,15.30114032,
HFD,Dexamethasone,6,85,99,2.25,34.5,172.5,800.49,3107.64,2208.71,,,,85,99,157.9982,34.5,800.49,115718.4343,2,4304777.778,37.20044955,2.700449547,88.96793249,37.57621166,,21.9394133,15.26103624,
HFD,Dexamethasone,6,90,106,2.35,36.03333333,176.3333333,751.25,2715.01,1431.12,,,,90,106,171.119,36.03333333,751.25,100273.2356,2,4304777.778,42.93047645,6.897143116,71.82330306,40.50044948,,27.28911047,15.64136598,
HFD,Dexamethasone,6,100,100,2.35,36.03333333,360.3333333,686.92,3051.12,668.75,,38.86,,100,100,166.1206,36.03333333,686.92,94445.53858,2,4304777.778,45.57947196,9.546138629,61.00143921,45.57947196,,32.6063666,12.97310536,
HFD,Dexamethasone,6,110,112,2.45,37.56666667,368,762.58,3063.82,492.55,,,,110,112,172.9934,37.56666667,762.58,100682.6537,2,4304777.778,42.75590301,5.18923634,78.80056463,38.1749134,,25.61757236,17.13833064,
HFD,Dexamethasone,6,120,117,2.5,38.33333333,379.5,703.14,3242.77,418.04,120.22,,,120,117,177.367,38.33333333,703.14,90545.68562,2,4304777.778,47.54260513,9.209271799,62.37763141,40.63470524,,30.32102771,17.22157742,
HFD,Dexamethasone,7,-10,187,0,0,,661.45,,,51.705,36.67,,-10,187,293.57975,0,661.45,51459.99051,1,2339553.14,45.46353617,45.46353617,,24.31205143,115.8277339,31.25544262,14.20809355,
HFD,Dexamethasone,7,10,164,0.9,15,75,,,,,,,,,,,,,,,,,,,,,,
HFD,Dexamethasone,7,20,102,0.95,15.83333333,154.1666667,,,,,,,,,,,,,,,,,,,,,,
HFD,Dexamethasone,7,30,94,1.15,19.16666667,175,,,,,,,,,,,,,,,,,,,,,,
HFD,Dexamethasone,7,40,105,1.37,22.83333333,210,,,,,,,,,,,,,,,,,,,,,,
HFD,Dexamethasone,7,50,95,1.55,25.83333333,243.3333333,,,,,,,,,,,,,,,,,,,,,,
HFD,Dexamethasone,7,60,103,1.85,30.83333333,283.3333333,,,,,,,,,,,,,,,,,,,,,,
HFD,Dexamethasone,7,70,100,2.1,35,329.1666667,,,,,,,,,,,,,,,,,,,,,,
HFD,Dexamethasone,8,80,104,2.3,38.33333333,366.6666667,1121.14,2742.72,6983.78,,,,80,104,188.854176,38.33333333,1121.14,135591.3649,2,4679106.28,34.50888104,-3.824452296,108.4121312,33.18161638,,16.18971692,18.31916411,
HFD,Dexamethasone,8,85,104,2.3,38.33333333,191.6666667,891.61,2924.87,2520.68,,,,85,104,191.65328,38.33333333,891.61,106256.9759,2,4679106.28,44.03575613,5.7024228,87.45715076,42.34207321,,26.3626107,17.67314543,
HFD,Dexamethasone,8,90,102,2.4,40,195.8333333,875.19,3000.16,1403.75,,,,90,102,195.15216,40,875.19,102430.1389,2,4679106.28,45.68095222,5.680952224,87.50437669,44.78524728,,28.92550598,16.75544625,
HFD,Dexamethasone,8,100,116,2.55,42.5,412.5,810.06,3265.68,736.08,,33.33,,100,116,206.348576,42.5,810.06,89663.25253,2,4679106.28,52.18532842,9.685328419,78.69649122,44.98735209,,33.19324355,18.99208487,
HFD,Dexamethasone,8,110,113,2.6,43.33333333,429.1666667,864.45,3278.18,556.74,,,,110,113,199.350816,43.33333333,864.45,99042.28201,2,4679106.28,47.24352251,3.910189182,91.39928499,41.808427,,27.92652764,19.31699487,
HFD,Dexamethasone,8,120,114,2.65,44.16666667,437.5,764.57,3497.28,462.86,113.469,,,120,114,180.456864,44.16666667,764.57,96770.41973,2,4679106.28,48.35265046,4.185983796,90.79265682,42.41460567,,28.99656534,19.35608512,
HFD,Dexamethasone,9,-10,163,0,0,,989.38,,,91.923,45.9,,-10,163,229.2254,0,989.38,100596.9956,1,1832165.138,18.21292104,18.21292104,,11.17357119,93.01244041,8.670100604,9.54282044,
HFD,Dexamethasone,9,10,153,1,14.06727829,70.33639144,,,,,,,,,,,,,,,,,,,,,,
HFD,Dexamethasone,9,20,148,1.2,16.88073394,154.7400612,,,,,,,,,,,,,,,,,,,,,,
HFD,Dexamethasone,9,30,139,1.25,17.58409786,172.324159,,,,,,,,,,,,,,,,,,,,,,
HFD,Dexamethasone,9,40,131,1.32,18.56880734,180.764526,,,,,,,,,,,,,,,,,,,,,,
HFD,Dexamethasone,9,50,128,1.45,20.39755352,194.8318043,,,,,,,,,,,,,,,,,,,,,,
HFD,Dexamethasone,9,60,127,1.55,21.80428135,211.0091743,,,,,,,,,,,,,,,,,,,,,,
HFD,Dexamethasone,9,70,122,1.65,23.21100917,225.0764526,,,,,,,,,,,,,,,,,,,,,,
HFD,Dexamethasone,9,80,124,1.78,25.03975535,241.2538226,937.36,2470.28,8006.22,,,,80,124,181.7406,25.03975535,937.36,120209.5806,2,3664330.275,30.48284718,5.443091831,70.11411943,24.58294128,,15.96290424,14.51994294,
HFD,Dexamethasone,9,85,137,1.78,25.03975535,125.1987768,860.91,2746.64,3108.94,,,,85,137,215.4798,25.03975535,860.91,93118.46562,2,3664330.275,39.35127422,14.31151886,21.42106788,28.72355782,,24.07795331,15.27332091,
HFD,Dexamethasone,9,90,127,1.73,24.33639144,123.440367,841.78,2720.79,1699.75,,,,90,127,198.6102,24.33639144,841.78,98782.87841,2,3664330.275,37.09479147,12.75840003,29.94863373,29.20849722,,23.08047183,14.01431963,
HFD,Dexamethasone,9,100,137,1.73,24.33639144,243.3639144,971.91,2733.95,941.58,,40,,100,137,209.2318,24.33639144,971.91,108263.729,2,3664330.275,33.84633346,9.509942027,47.78464144,24.70535289,,17.81251432,16.03381914,
HFD,Dexamethasone,9,110,138,1.7,23.91437309,241.2538226,1017.3,3117.55,651.69,,,,110,138,214.2302,23.91437309,1017.3,110675.8774,2,3664330.275,33.10866252,9.19428943,49.51776595,23.99178443,,16.9210272,16.18763532,
HFD,Dexamethasone,9,120,137,1.65,23.21100917,235.6269113,1024.26,3219.33,512.86,153.69,,,120,137,210.4814,23.21100917,1024.26,113417.772,2,3664330.275,32.3082548,9.097245627,50.05059537,23.58266774,,16.23039044,16.07786436,
HFD,Dexamethasone,10,-10,150,0,0,,604.7,,,54.722,46.33,,-10,150,246.4074,0,604.7,57196.68318,1,1799153.153,31.45555045,31.45555045,,20.97036697,99.52858421,32.32471666,-0.86916621,
HFD,Dexamethasone,10,10,167,1.1,15.1951952,75.97597598,,,,,,,,,,,,,,,,,,,,,,
HFD,Dexamethasone,10,20,140,1.2,16.57657658,158.8588589,,,,,,,,,,,,,,,,,,,,,,
HFD,Dexamethasone,10,30,136,1.4,19.33933934,179.5795796,,,,,,,,,,,,,,,,,,,,,,
HFD,Dexamethasone,10,40,131,1.5,20.72072072,200.3003003,,,,,,,,,,,,,,,,,,,,,,
HFD,Dexamethasone,10,50,130,1.57,21.68768769,212.042042,,,,,,,,,,,,,,,,,,,,,,
HFD,Dexamethasone,10,60,134,1.62,22.37837838,220.3303303,,,,,,,,,,,,,,,,,,,,,,
HFD,Dexamethasone,10,70,131,1.65,22.79279279,225.8558559,,,,,,,,,,,,,,,,,,,,,,
HFD,Dexamethasone,10,80,129,1.68,23.20720721,230,956.82,2147.15,9189.24,,,,80,129,193.2994,23.20720721,956.82,115367.7336,2,3598306.306,31.18988467,7.982677458,74.62235649,24.17820517,,18.477331,12.71255367,
HFD,Dexamethasone,10,85,135,1.68,23.20720721,116.036036,1036.74,2171.63,3628.52,,,,85,135,212.6682,23.20720721,1036.74,113619.2511,2,3598306.306,31.66986468,8.462657472,73.09645722,23.45915902,,18.20371629,13.46614839,
HFD,Dexamethasone,10,90,124,1.65,22.79279279,115,846.08,2423.2,1868.07,,,,90,124,202.6714,22.79279279,846.08,97297.92627,2,3598306.306,36.98235352,14.18956073,54.89012105,29.82447865,,27.02519385,9.957159674,
HFD,Dexamethasone,10,100,127,1.68,23.20720721,230,731.43,2664.68,810.64,,45.08,,100,127,185.177,23.20720721,731.43,92059.86798,2,3598306.306,39.0865899,15.87938269,49.51802633,30.77684244,,29.47496206,9.611627841,
HFD,Dexamethasone,10,110,119,1.68,23.20720721,232.0720721,679.47,2804.62,554.72,,,,110,119,185.177,23.20720721,679.47,85520.03404,2,3598306.306,42.07559488,18.86838767,40.01571296,35.35764275,,36.45146435,5.62413053,
HFD,Dexamethasone,10,120,124,1.73,23.8978979,235.5255255,731.01,2829.25,455.8,141.62,,,120,124,195.7986,23.8978979,731.01,87015.84829,2,3598306.306,41.35230969,17.45441179,44.51086838,33.34863684,,33.78930581,7.563003881,
HFD,Dexamethasone,11,-10,156,0,0,,900.32,,,67.793,43.04,,-10,156,225.789,0,900.32,92934.87951,1,2218955.556,23.87645594,23.87645594,,15.30542047,96.21860868,17.13306467,6.743391267,
HFD,Dexamethasone,11,10,173,1.1,18.74074074,93.7037037,,,,,,,,,,,,,,,,,,,,,,
HFD,Dexamethasone,11,20,113,1,17.03703704,178.8888889,,,,,,,,,,,,,,,,,,,,,,
HFD,Dexamethasone,11,30,115,1.15,19.59259259,183.1481481,,,,,,,,,,,,,,,,,,,,,,
HFD,Dexamethasone,11,40,116,1.25,21.2962963,204.4444444,,,,,,,,,,,,,,,,,,,,,,
HFD,Dexamethasone,11,50,114,1.35,23,221.4814815,,,,,,,,,,,,,,,,,,,,,,
HFD,Dexamethasone,11,60,122,1.55,26.40740741,247.037037,,,,,,,,,,,,,,,,,,,,,,
HFD,Dexamethasone,11,70,128,1.65,28.11111111,272.5925926,,,,,,,,,,,,,,,,,,,,,,
HFD,Dexamethasone,11,80,116,1.67,28.45185185,282.8148148,1239.96,3192.56,8335.67,,,,80,116,185.8018,28.45185185,1239.96,155540.1025,2,4437911.111,28.53226299,0.080411137,99.66321996,24.59677844,,16.45145741,12.08080558,
HFD,Dexamethasone,11,85,118,1.67,28.45185185,142.2592593,1125.27,3639.63,2943.91,,,,85,118,193.9242,28.45185185,1125.27,135241.3056,2,4437911.111,32.81476094,4.362909086,81.72714955,27.80911944,,21.39175481,11.42300613,
HFD,Dexamethasone,11,90,118,1.67,28.45185185,142.2592593,1016.74,3677.49,1733.69,,,,90,118,186.4266,28.45185185,1016.74,127112.0296,2,4437911.111,34.91338409,6.461532239,72.93764093,29.58761364,,24.21540936,10.69797473,
HFD,Dexamethasone,11,100,119,1.7,28.96296296,287.0740741,1045.48,3858.37,913.08,,38.82,,100,119,189.5506,28.96296296,1045.48,128550.9197,2,4437911.111,34.52259323,5.559630263,76.71501048,29.01058254,,23.47738872,11.04520451,
HFD,Dexamethasone,11,110,128,1.73,29.47407407,292.1851852,1013.03,4173.16,643.86,,,,110,128,183.9274,29.47407407,1013.03,128369.1004,2,4437911.111,34.57149032,5.097416247,78.65086736,27.00897681,,21.88850821,12.68298211,
HFD,Dexamethasone,11,120,123,1.73,29.47407407,294.7407407,963.71,4438.02,490.58,131.28,,,120,123,187.0514,29.47407407,963.71,120079.8191,2,4437911.111,36.95800964,7.483935561,68.65558448,30.0471623,,26.03166623,10.92634341,
HFD,Dexamethasone,12,-10,161,0,0,,617.48,,,36.911,24.62,,-10,161,223.2898,0,617.48,65303.10043,1,2510487.678,38.44362154,38.44362154,,23.8780258,96.7085963,27.92075839,10.52286315,
HFD,Dexamethasone,12,10,158,1.1,19.68871595,98.44357977,,,,,,,,,,,,,,,,,,,,,,
HFD,Dexamethasone,12,20,135,1.05,18.79377432,192.4124514,,,,,,,,,,,,,,,,,,,,,,
HFD,Dexamethasone,12,30,136,1.1,19.68871595,192.4124514,,,,,,,,,,,,,,,,,,,,,,
HFD,Dexamethasone,12,40,145,1.1,19.68871595,196.8871595,,,,,,,,,,,,,,,,,,,,,,
HFD,Dexamethasone,12,50,126,1.04,18.61478599,191.5175097,,,,,,,,,,,,,,,,,,,,,,
HFD,Dexamethasone,12,60,108,1.06,18.97276265,187.9377432,,,,,,,,,,,,,,,,,,,,,,
HFD,Dexamethasone,12,70,97,1.16,20.76264591,198.6770428,,,,,,,,,,,,,,,,,,,,,,
HFD,Dexamethasone,12,80,103,1.56,27.92217899,243.4241245,1610.09,2204.51,10187.61,,,,80,103,155.8114,27.92217899,1610.09,244022.9725,2,5020975.357,20.57583065,-7.346348339,119.1094076,19.97653461,,6.25103648,14.32479417,
HFD,Dexamethasone,12,85,105,1.6,28.6381323,141.4007782,1288.85,2406.31,2874.62,,,,85,105,161.4346,28.6381323,1288.85,188532.2038,2,5020975.357,26.63192418,-2.006208117,105.2185721,25.36373731,,10.27283463,16.35908955,
HFD,Dexamethasone,12,90,108,1.62,28.99610895,144.0856031,1138.54,2444.11,1371.09,,,,90,108,167.6826,28.99610895,1138.54,160339.3372,2,5020975.357,31.314682,2.318573048,93.96890055,28.99507592,,13.80850815,17.50617385,
HFD,Dexamethasone,12,100,126,1.7,30.42801556,297.1206226,1184.89,2856.09,653.83,,25.45,,100,126,172.0562,30.42801556,1184.89,162625.0704,2,5020975.357,30.87454687,0.446531302,98.83847753,24.50360862,,11.50549066,19.36905621,
HFD,Dexamethasone,12,110,121,1.68,30.07003891,302.4902724,1160.19,2950.7,475.86,,,,110,121,175.805,30.07003891,1160.19,155839.55,2,5020975.357,32.2188774,2.148838493,94.41041607,26.62717141,,13.04697838,19.17189902,
HFD,Dexamethasone,12,120,129,1.7,30.42801556,302.4902724,1143.22,3016.28,399.37,120.794,,,120,129,172.0562,30.42801556,1143.22,156905.9009,2,5020975.357,31.99991413,1.57189857,95.91115897,24.80613499,,12.07208877,19.92782537,
HFD,Dexamethasone,13,-10,125,0,0,,496.07,,,101.547,38.55,,-10,125,185.8018,0,496.07,60872.79069,1,1849291.803,30.37961267,30.37961267,,24.30369014,42.94142269,23.57480355,6.804809124,
HFD,Dexamethasone,13,10,111,1.15,17.3442623,86.72131148,,,,,,,,,,,,,,,,,,,,,,
HFD,Dexamethasone,13,20,127,1.3,19.60655738,184.7540984,,,,,,,,,,,,,,,,,,,,,,
HFD,Dexamethasone,13,30,120,1.33,20.05901639,198.3278689,,,,,,,,,,,,,,,,,,,,,,
HFD,Dexamethasone,13,40,121,1.43,21.56721311,208.1311475,,,,,,,,,,,,,,,,,,,,,,
HFD,Dexamethasone,13,50,114,1.5,22.62295082,220.9508197,,,,,,,,,,,,,,,,,,,,,,
HFD,Dexamethasone,13,60,115,1.68,25.33770492,239.8032787,,,,,,,,,,,,,,,,,,,,,,
HFD,Dexamethasone,13,70,125,1.83,27.6,264.6885246,,,,,,,,,,,,,,,,,,,,,,
HFD,Dexamethasone,13,80,122,1.9,28.6557377,281.2786885,962.57,1761.8,8054.39,,,,80,122,190.1754,28.6557377,962.57,115400.6219,2,3698583.607,32.04994519,3.394207484,88.82735102,26.27044688,,13.44182962,18.60811556,
HFD,Dexamethasone,13,85,125,1.9,28.6557377,143.2786885,804.26,1876.45,3385.19,,,,85,125,180.1786,28.6557377,804.26,101770.8559,2,3698583.607,36.34226689,7.686529183,74.69839637,29.07381351,,16.86854595,19.47372093,
HFD,Dexamethasone,13,90,122,1.9,28.6557377,143.2786885,800.22,1819.06,2049.38,,,,90,122,182.053,28.6557377,800.22,100217.076,2,3698583.607,36.90572261,8.249984908,72.84367975,30.25059231,,17.82342777,19.08229484,
HFD,Dexamethasone,13,100,129,1.93,29.10819672,288.8196721,810.6,2031.65,1164.87,,37.03,,100,129,180.1786,29.10819672,810.6,102573.1179,2,3698583.607,36.05802068,6.949823963,77.12339509,27.95195402,,16.09080203,19.96721866,
HFD,Dexamethasone,13,110,126,1.92,28.95737705,290.3278689,878.99,2038.73,856.6,,,,110,126,188.301,28.95737705,878.99,106429.3656,2,3698583.607,34.75153296,5.794155913,80.92748589,27.58058172,,15.30174723,19.44978573,
HFD,Dexamethasone,13,120,148,1.92,28.95737705,289.5737705,1001.15,2407.67,848.28,308.813,,,120,148,202.6714,28.95737705,1001.15,112625.5305,2,3698583.607,32.83965535,3.882278305,87.22077748,22.18895632,,11.63319748,21.20645787,
HFD,Dexamethasone,14,-10,106,0,0,,611.07,,,136.881,47.21,,-10,106,182.053,0,611.07,76528.51542,1,1802025.559,23.54711246,23.54711246,,22.21425704,56.10418709,27.23927533,-3.692162869,
HFD,Dexamethasone,14,10,102,1.2,17.63578275,88.17891374,,,,,,,,,,,,,,,,,,,,,,
HFD,Dexamethasone,14,20,122,1.35,19.84025559,187.3801917,,,,,,,,,,,,,,,,,,,,,,
HFD,Dexamethasone,14,30,116,1.4,20.57507987,202.0766773,,,,,,,,,,,,,,,,,,,,,,
HFD,Dexamethasone,14,40,111,1.5,22.04472843,213.0990415,,,,,,,,,,,,,,,,,,,,,,
HFD,Dexamethasone,14,50,120,1.65,24.24920128,231.4696486,,,,,,,,,,,,,,,,,,,,,,
HFD,Dexamethasone,14,60,122,1.75,25.71884984,249.8402556,,,,,,,,,,,,,,,,,,,,,,
HFD,Dexamethasone,14,70,117,1.85,27.1884984,264.5367412,,,,,,,,,,,,,,,,,,,,,,
HFD,Dexamethasone,14,80,119,2,29.39297125,282.9073482,974.79,2927.51,7764.47,,,,80,119,197.673,29.39297125,974.79,112433.0203,2,3604051.118,32.05509474,2.662123493,88.69448007,26.9370544,,22.4824311,9.572663634,
HFD,Dexamethasone,14,85,121,2,29.39297125,146.9648562,951.19,3034.28,2980.55,,,,85,121,205.1706,29.39297125,951.19,105701.7829,2,3604051.118,34.09640801,4.703436762,80.02542023,28.17884959,,25.01658311,9.079824895,
HFD,Dexamethasone,14,90,120,2,29.39297125,146.9648562,995.67,3079.41,1864.55,,,,90,120,195.7986,29.39297125,995.67,115940.7232,2,3604051.118,31.08529098,1.692319731,92.81304774,25.90440915,,20.96644171,10.11884927,
HFD,Dexamethasone,14,100,131,2.05,30.12779553,297.6038339,975.06,3317.24,958.4,,38.88,,100,131,207.6698,30.12779553,975.06,107050.3673,2,3604051.118,33.66687299,3.539077463,84.97022738,25.69990305,,22.52840104,11.13847195,
HFD,Dexamethasone,14,110,133,2.05,30.12779553,301.2779553,918.56,3774,703.98,,,,110,133,221.4154,30.12779553,918.56,94586.65588,2,3604051.118,38.10316672,7.975371191,66.13015203,28.64899753,,28.42278331,9.680383411,
HFD,Dexamethasone,14,120,136,2.05,30.12779553,301.2779553,954.89,3680.57,569.81,231.25,,,120,136,211.4186,30.12779553,954.89,102977.0196,2,3604051.118,34.99859611,4.870800587,79.31465866,25.73426185,,23.45084211,11.547754,
HFD,Dexamethasone,15,-10,150,0,0,,406.79,,,150.67,29.58,,-10,150,191.425,0,406.79,49228.37027,1,2034772.313,41.33332674,41.33332674,,27.55555116,69.21972724,38.74362852,2.589698215,
HFD,Dexamethasone,15,10,152,1.15,14.45355191,72.26775956,,,,,,,,,,,,,,,,,,,,,,
HFD,Dexamethasone,15,20,146,1.15,14.45355191,144.5355191,,,,,,,,,,,,,,,,,,,,,,
HFD,Dexamethasone,15,30,129,1.15,14.45355191,144.5355191,,,,,,,,,,,,,,,,,,,,,,
HFD,Dexamethasone,15,40,136,1.25,15.71038251,150.8196721,,,,,,,,,,,,,,,,,,,,,,
HFD,Dexamethasone,15,50,123,1.23,15.45901639,155.8469945,,,,,,,,,,,,,,,,,,,,,,
HFD,Dexamethasone,15,60,120,1.26,15.83606557,156.4754098,,,,,,,,,,,,,,,,,,,,,,
HFD,Dexamethasone,15,70,126,1.34,16.84153005,163.3879781,,,,,,,,,,,,,,,,,,,,,,
HFD,Dexamethasone,15,80,120,1.37,17.21857923,170.3005464,1107.19,1769.38,7405.2,,,,80,120,176.4298,17.21857923,1107.19,145376.4498,2,4069544.627,27.99314904,10.77456981,73.93248824,23.3276242,,11.10665035,16.88649869,
HFD,Dexamethasone,15,85,133,1.37,17.21857923,86.09289617,913.91,1515.77,3042.93,,,,85,133,182.6778,17.21857923,913.91,115894.1468,2,4069544.627,35.11432405,17.89574481,56.70383629,26.4017474,,15.76804379,19.34628026,
HFD,Dexamethasone,15,90,134,1.37,17.21857923,86.09289617,818.35,1709.25,1814.42,,,,90,134,184.5522,17.21857923,818.35,102722.0567,2,4069544.627,39.61704778,22.39846854,45.8101481,29.56496103,,19.92141823,19.69562955,
HFD,Dexamethasone,15,100,136,1.35,16.96721311,170.9289617,820.69,2114.92,940.05,,30.29,,100,136,186.4266,16.96721311,820.69,101980.0237,2,4069544.627,39.90531164,22.93809852,44.50459149,29.34214091,,19.91513883,19.99017281,
HFD,Dexamethasone,15,110,137,1.3,16.33879781,166.5300546,837.87,2176.51,604.2,,,,110,137,181.4282,16.33879781,837.87,106983.2273,2,4069544.627,38.03909013,21.70029232,47.4992844,27.76575922,,17.96389495,20.07519518,
HFD,Dexamethasone,15,120,129,1.25,15.71038251,160.2459016,792.65,2061.98,483.14,222.632,,,120,129,176.4298,15.71038251,792.65,104076.6652,2,4069544.627,39.10141259,23.39103008,43.40878917,30.31117255,,20.15839807,18.94301452,
HFD,Dexamethasone,16,-10,157,0,0,,1060.05,,,168.625,43.75,,-10,157,241.409,0,1060.05,101722.4331,1,2001953.405,19.68054976,19.68054976,,12.53538201,78.24699801,15.81660022,3.863949532,
HFD,Dexamethasone,16,10,177,1.1,13.60215054,68.01075269,,,,,,,,,,,,,,,,,,,,,,
HFD,Dexamethasone,16,20,162,1,12.3655914,129.8387097,,,,,,,,,,,,,,,,,,,,,,
HFD,Dexamethasone,16,30,197,0.9,11.12903226,117.4731183,,,,,,,,,,,,,,,,,,,,,,
HFD,Dexamethasone,16,40,182,0.4,4.946236559,80.37634409,,,,,,,,,,,,,,,,,,,,,,
HFD,Dexamethasone,16,50,135,0,0,24.7311828,,,,,,,,,,,,,,,,,,,,,,
HFD,Dexamethasone,16,60,118,0.3,3.709677419,18.5483871,,,,,,,,,,,,,,,,,,,,,,
HFD,Dexamethasone,16,70,125,1.05,12.98387097,83.46774194,,,,,,,,,,,,,,,,,,,,,,
HFD,Dexamethasone,16,80,115,1.15,14.22043011,136.0215054,1863.35,3134.67,8416.38,,,,80,115,183.9274,14.22043011,1863.35,234688.5231,2,4003906.81,17.0605139,2.840083788,85.56908307,14.83522947,,8.113247413,8.947266482,
HFD,Dexamethasone,16,85,124,1.18,14.59139785,72.02956989,1625.18,3133.44,2902.8,,,,85,124,188.9258,14.59139785,1625.18,199275.5632,2,4003906.81,20.0923121,5.500914252,72.04898074,16.2034775,,10.43629841,9.656013687,
HFD,Dexamethasone,16,90,120,1.18,14.59139785,72.95698925,1537.5,3445.86,1631.34,,,,90,120,186.4266,14.59139785,1537.5,191051.7813,2,4003906.81,20.95718125,6.365783402,67.65444319,17.46431771,,11.7325614,9.224619853,
HFD,Dexamethasone,16,100,128,1.22,15.08602151,148.3870968,1439.03,3763.77,819.79,,41.67,,100,128,183.9274,15.08602151,1439.03,181245.5124,2,4003906.81,22.09106729,7.005045788,64.40624945,17.25864632,,12.22170425,9.869363039,
HFD,Dexamethasone,16,110,120,1.21,14.96236559,150.2419355,1458.88,3973.46,548.59,,,,110,120,175.805,14.96236559,1458.88,192234.8814,2,4003906.81,20.82820132,5.865835729,70.19475674,17.35683443,,11.58859086,9.239610458,
HFD,Dexamethasone,16,120,121,1.23,15.20967742,150.8602151,1530.59,4011.93,463.87,194.048,,,120,121,183.9274,15.20967742,1530.59,192777.4742,2,4003906.81,20.76957811,5.559900695,71.74926125,17.16494059,,11.4282129,9.341365217,
HFD,Dexamethasone,,-10,164,0,0,,290.96,,,80.432,46.96,,-10,164,259.52825,0,290.96,28906.41316,1,1415360,48.96352904,48.96352904,,29.85581039,79.2735373,47.3382079,1.625321143,
HFD,Dexamethasone,,10,161,0.9,13.8,69,,,,,,,,,,,,,,,,,,,,,,
HFD,Dexamethasone,,20,148,0.9,13.8,138,,,,,,,,,,,,,,,,,,,,,,
HFD,Dexamethasone,,30,141,0.8,12.26666667,130.3333333,,,,,,,,,,,,,,,,,,,,,,
HFD,Dexamethasone,,40,126,0.7,10.73333333,115,,,,,,,,,,,,,,,,,,,,,,
HFD,Dexamethasone,,50,141,0.77,11.80666667,112.7,,,,,,,,,,,,,,,,,,,,,,
HFD,Dexamethasone,,60,123,0.73,11.19333333,115,,,,,,,,,,,,,,,,,,,,,,
HFD,Dexamethasone,,70,119,0.75,11.5,113.4666667,,,,,,,,,,,,,,,,,,,,,,
HFD,Dexamethasone,,80,108,0.83,12.72666667,121.1333333,840.89,1126.47,7275.49,,,,80,108,179.5538,12.72666667,840.89,120750.8351,2,2830720,23.44265361,10.71598694,78.11434929,21.70616075,,8.238915076,15.20373853,
HFD,Dexamethasone,,85,117,0.9,13.8,66.31666667,769.71,985.07,2813.31,,,,85,117,208.9194,13.8,769.71,94993.50559,2,2830720,29.79908976,15.99908976,67.32447584,25.46930749,,12.28854251,17.51054726,
HFD,Dexamethasone,,90,113,0.91,13.95333333,69.38333333,661.88,1178.54,1786.32,,,,90,113,183.3026,13.95333333,661.88,93101.39515,2,2830720,30.40470012,16.45136678,66.40077399,26.90681426,,13.24595411,17.15874601,
HFD,Dexamethasone,,100,117,0.99,15.18,145.6666667,648.62,1231.19,987.46,,44.44,,100,117,176.4298,15.18,648.62,94790.31141,2,2830720,29.86296762,14.68296762,70.01244007,25.52390395,,12.34128285,17.52168477,
HFD,Dexamethasone,,110,116,1.03,15.79333333,154.8666667,609.07,1421.31,662.07,,,,110,116,175.1802,15.79333333,609.07,89645.34579,2,2830720,31.57687636,15.78354302,67.7646948,27.22144513,,13.91747933,17.65939703,
HFD,Dexamethasone,,120,111,1.1,16.86666667,163.3,644.56,1411.04,544.04,168.194,,,120,111,177.0546,16.86666667,644.56,93864.56938,2,2830720,30.157492,13.29082533,72.85566299,27.16891171,,13.26623557,16.89125643,