Well,Experiment Name,Sample Name,Target Name,Cq
A1,2017-12-13 lcg.eds,2616,Actb,18.937456
A2,2017-12-13 lcg.eds,2617,Actb,19.280355
A3,2017-12-13 lcg.eds,2618,Actb,NA
A4,2017-12-13 lcg.eds,2619,Actb,18.88476
A5,2017-12-13 lcg.eds,2620,Actb,18.899605
A6,2017-12-13 lcg.eds,2621,Actb,21.113148
A7,2017-12-13 lcg.eds,2622,Actb,19.169165
A8,2017-12-13 lcg.eds,2623,Actb,19.64235
A9,2017-12-13 lcg.eds,2624,Actb,20.486946
A10,2017-12-13 lcg.eds,2625,Actb,36.58224
A11,2017-12-13 lcg.eds,2626,Actb,19.202986
A12,2017-12-13 lcg.eds,2627,Actb,20.65671
A13,2017-12-13 lcg.eds,2628,Actb,19.975502
A14,2017-12-13 lcg.eds,2629,Actb,NA
A15,2017-12-13 lcg.eds,2630,Actb,20.519798
A16,2017-12-13 lcg.eds,2631,Actb,20.98487
A17,2017-12-13 lcg.eds,2632,Actb,19.874237
A18,2017-12-13 lcg.eds,2633,Actb,19.963106
A19,2017-12-13 lcg.eds,2634,Actb,21.118666
A20,2017-12-13 lcg.eds,2635,Actb,20.079544
A21,2017-12-13 lcg.eds,2636,Actb,22.880745
A22,2017-12-13 lcg.eds,2637,Actb,18.843054
A23,2017-12-13 lcg.eds,2638,Actb,19.492737
A24,2017-12-13 lcg.eds,2639,Actb,19.227818
B1,2017-12-13 lcg.eds,2640,Actb,20.055845
B2,2017-12-13 lcg.eds,2641,Actb,19.683556
B3,2017-12-13 lcg.eds,2642,Actb,24.1606
B4,2017-12-13 lcg.eds,2643,Actb,19.618874
B5,2017-12-13 lcg.eds,2644,Actb,20.484299
B6,2017-12-13 lcg.eds,2645,Actb,20.14212
B7,2017-12-13 lcg.eds,2646,Actb,21.884373
B8,2017-12-13 lcg.eds,2647,Actb,20.615984
B9,2017-12-13 lcg.eds,2616,Actb,18.984325
B10,2017-12-13 lcg.eds,2617,Actb,19.300423
B11,2017-12-13 lcg.eds,2618,Actb,NA
B12,2017-12-13 lcg.eds,2619,Actb,19.1253
B13,2017-12-13 lcg.eds,2620,Actb,18.8616
B14,2017-12-13 lcg.eds,2621,Actb,20.93431
B15,2017-12-13 lcg.eds,2622,Actb,18.756258
B16,2017-12-13 lcg.eds,2623,Actb,19.434889
B17,2017-12-13 lcg.eds,2624,Actb,19.554548
B18,2017-12-13 lcg.eds,2625,Actb,NA
B19,2017-12-13 lcg.eds,2626,Actb,18.961784
B20,2017-12-13 lcg.eds,2627,Actb,20.632963
B21,2017-12-13 lcg.eds,2628,Actb,18.787245
B22,2017-12-13 lcg.eds,2629,Actb,20.032827
B23,2017-12-13 lcg.eds,2630,Actb,19.236956
B24,2017-12-13 lcg.eds,2631,Actb,20.781895
C1,2017-12-13 lcg.eds,2632,Actb,19.274366
C2,2017-12-13 lcg.eds,2633,Actb,19.453434
C3,2017-12-13 lcg.eds,2634,Actb,21.134558
C4,2017-12-13 lcg.eds,2635,Actb,20.142628
C5,2017-12-13 lcg.eds,2636,Actb,23.622358
C6,2017-12-13 lcg.eds,2637,Actb,19.42705
C7,2017-12-13 lcg.eds,2638,Actb,19.571224
C8,2017-12-13 lcg.eds,2639,Actb,19.571922
C9,2017-12-13 lcg.eds,2640,Actb,19.731697
C10,2017-12-13 lcg.eds,2641,Actb,19.40221
C11,2017-12-13 lcg.eds,2642,Actb,23.974554
C12,2017-12-13 lcg.eds,2643,Actb,19.50379
C13,2017-12-13 lcg.eds,2644,Actb,20.28269
C14,2017-12-13 lcg.eds,2645,Actb,19.720856
C15,2017-12-13 lcg.eds,2646,Actb,21.363844
C16,2017-12-13 lcg.eds,2647,Actb,20.771242
C17,2017-12-13 lcg.eds,2616,Actb,19.979593
C18,2017-12-13 lcg.eds,2617,Actb,19.98108
C19,2017-12-13 lcg.eds,2618,Actb,NA
C20,2017-12-13 lcg.eds,2619,Actb,19.597887
C21,2017-12-13 lcg.eds,2620,Actb,19.836166
C22,2017-12-13 lcg.eds,2621,Actb,21.302427
C23,2017-12-13 lcg.eds,2622,Actb,19.516798
C24,2017-12-13 lcg.eds,2623,Actb,20.4968
D1,2017-12-13 lcg.eds,2624,Actb,19.816198
D2,2017-12-13 lcg.eds,2625,Actb,NA
D3,2017-12-13 lcg.eds,2626,Actb,19.797209
D4,2017-12-13 lcg.eds,2627,Actb,20.71632
D5,2017-12-13 lcg.eds,2628,Actb,19.46791
D6,2017-12-13 lcg.eds,2629,Actb,20.233023
D7,2017-12-13 lcg.eds,2630,Actb,19.395319
D8,2017-12-13 lcg.eds,2631,Actb,20.65315
D9,2017-12-13 lcg.eds,2632,Actb,19.505459
D10,2017-12-13 lcg.eds,2633,Actb,19.435808
D11,2017-12-13 lcg.eds,2634,Actb,20.811865
D12,2017-12-13 lcg.eds,2635,Actb,19.694086
D13,2017-12-13 lcg.eds,2636,Actb,19.852472
D14,2017-12-13 lcg.eds,2637,Actb,19.287704
D15,2017-12-13 lcg.eds,2638,Actb,19.493229
D16,2017-12-13 lcg.eds,2639,Actb,20.68062
D17,2017-12-13 lcg.eds,2640,Actb,20.312435
D18,2017-12-13 lcg.eds,2641,Actb,19.956636
D19,2017-12-13 lcg.eds,2642,Actb,24.693869
D20,2017-12-13 lcg.eds,2643,Actb,20.05298
D21,2017-12-13 lcg.eds,2644,Actb,20.517561
D22,2017-12-13 lcg.eds,2645,Actb,20.16332
D23,2017-12-13 lcg.eds,2646,Actb,21.64504
D24,2017-12-13 lcg.eds,2647,Actb,20.489817
E1,2017-12-13 lcg.eds,2616,Pgk1,18.036442
E2,2017-12-13 lcg.eds,2617,Pgk1,18.007107
E3,2017-12-13 lcg.eds,2618,Pgk1,NA
E4,2017-12-13 lcg.eds,2619,Pgk1,18.047956
E5,2017-12-13 lcg.eds,2620,Pgk1,18.426144
E6,2017-12-13 lcg.eds,2621,Pgk1,20.677242
E7,2017-12-13 lcg.eds,2622,Pgk1,18.102407
E8,2017-12-13 lcg.eds,2623,Pgk1,18.575792
E9,2017-12-13 lcg.eds,2624,Pgk1,19.176537
E10,2017-12-13 lcg.eds,2625,Pgk1,NA
E11,2017-12-13 lcg.eds,2626,Pgk1,18.903149
E12,2017-12-13 lcg.eds,2627,Pgk1,20.092512
E13,2017-12-13 lcg.eds,2628,Pgk1,18.330301
E14,2017-12-13 lcg.eds,2629,Pgk1,18.457817
E15,2017-12-13 lcg.eds,2630,Pgk1,18.124733
E16,2017-12-13 lcg.eds,2631,Pgk1,20.132404
E17,2017-12-13 lcg.eds,2632,Pgk1,18.775705
E18,2017-12-13 lcg.eds,2633,Pgk1,18.250488
E19,2017-12-13 lcg.eds,2634,Pgk1,19.896582
E20,2017-12-13 lcg.eds,2635,Pgk1,18.753166
E21,2017-12-13 lcg.eds,2636,Pgk1,22.841362
E22,2017-12-13 lcg.eds,2637,Pgk1,18.137774
E23,2017-12-13 lcg.eds,2638,Pgk1,18.456274
E24,2017-12-13 lcg.eds,2639,Pgk1,18.61883
F1,2017-12-13 lcg.eds,2640,Pgk1,19.153072
F2,2017-12-13 lcg.eds,2641,Pgk1,17.672115
F3,2017-12-13 lcg.eds,2642,Pgk1,24.00509
F4,2017-12-13 lcg.eds,2643,Pgk1,18.450676
F5,2017-12-13 lcg.eds,2644,Pgk1,18.266394
F6,2017-12-13 lcg.eds,2645,Pgk1,18.573997
F7,2017-12-13 lcg.eds,2646,Pgk1,19.963621
F8,2017-12-13 lcg.eds,2647,Pgk1,18.693596
F9,2017-12-13 lcg.eds,2616,Pgk1,18.100143
F10,2017-12-13 lcg.eds,2617,Pgk1,17.90289
F11,2017-12-13 lcg.eds,2618,Pgk1,NA
F12,2017-12-13 lcg.eds,2619,Pgk1,17.948957
F13,2017-12-13 lcg.eds,2620,Pgk1,18.389418
F14,2017-12-13 lcg.eds,2621,Pgk1,20.72608
F15,2017-12-13 lcg.eds,2622,Pgk1,18.130474
F16,2017-12-13 lcg.eds,2623,Pgk1,18.509245
F17,2017-12-13 lcg.eds,2624,Pgk1,19.616177
F18,2017-12-13 lcg.eds,2625,Pgk1,NA
F19,2017-12-13 lcg.eds,2626,Pgk1,18.986458
F20,2017-12-13 lcg.eds,2627,Pgk1,19.922258
F21,2017-12-13 lcg.eds,2628,Pgk1,18.763771
F22,2017-12-13 lcg.eds,2629,Pgk1,18.818993
F23,2017-12-13 lcg.eds,2630,Pgk1,18.391811
F24,2017-12-13 lcg.eds,2631,Pgk1,19.786118
G1,2017-12-13 lcg.eds,2632,Pgk1,18.614552
G2,2017-12-13 lcg.eds,2633,Pgk1,17.987947
G3,2017-12-13 lcg.eds,2634,Pgk1,19.877947
G4,2017-12-13 lcg.eds,2635,Pgk1,18.368803
G5,2017-12-13 lcg.eds,2636,Pgk1,22.73658
G6,2017-12-13 lcg.eds,2637,Pgk1,18.167921
G7,2017-12-13 lcg.eds,2638,Pgk1,20.39531
G8,2017-12-13 lcg.eds,2639,Pgk1,18.504892
G9,2017-12-13 lcg.eds,2640,Pgk1,19.346443
G10,2017-12-13 lcg.eds,2641,Pgk1,17.778187
G11,2017-12-13 lcg.eds,2642,Pgk1,23.78968
G12,2017-12-13 lcg.eds,2643,Pgk1,18.43059
G13,2017-12-13 lcg.eds,2644,Pgk1,18.105448
G14,2017-12-13 lcg.eds,2645,Pgk1,18.786978
G15,2017-12-13 lcg.eds,2646,Pgk1,20.090637
G16,2017-12-13 lcg.eds,2647,Pgk1,19.149275
G17,2017-12-13 lcg.eds,2616,Pgk1,18.206282
G18,2017-12-13 lcg.eds,2617,Pgk1,18.103212
G19,2017-12-13 lcg.eds,2618,Pgk1,NA
G20,2017-12-13 lcg.eds,2619,Pgk1,18.199781
G21,2017-12-13 lcg.eds,2620,Pgk1,18.487667
G22,2017-12-13 lcg.eds,2621,Pgk1,20.686247
G23,2017-12-13 lcg.eds,2622,Pgk1,18.334433
G24,2017-12-13 lcg.eds,2623,Pgk1,18.602161
H1,2017-12-13 lcg.eds,2624,Pgk1,19.888521
H2,2017-12-13 lcg.eds,2625,Pgk1,NA
H3,2017-12-13 lcg.eds,2626,Pgk1,19.571783
H4,2017-12-13 lcg.eds,2627,Pgk1,20.701462
H5,2017-12-13 lcg.eds,2628,Pgk1,19.061241
H6,2017-12-13 lcg.eds,2629,Pgk1,19.124733
H7,2017-12-13 lcg.eds,2630,Pgk1,18.804428
H8,2017-12-13 lcg.eds,2631,Pgk1,19.913567
H9,2017-12-13 lcg.eds,2632,Pgk1,19.17088
H10,2017-12-13 lcg.eds,2633,Pgk1,18.617056
H11,2017-12-13 lcg.eds,2634,Pgk1,19.87588
H12,2017-12-13 lcg.eds,2635,Pgk1,18.232042
H13,2017-12-13 lcg.eds,2636,Pgk1,22.754665
H14,2017-12-13 lcg.eds,2637,Pgk1,18.013865
H15,2017-12-13 lcg.eds,2638,Pgk1,18.448309
H16,2017-12-13 lcg.eds,2639,Pgk1,18.696291
H17,2017-12-13 lcg.eds,2640,Pgk1,19.606272
H18,2017-12-13 lcg.eds,2641,Pgk1,17.91159
H19,2017-12-13 lcg.eds,2642,Pgk1,24.29805
H20,2017-12-13 lcg.eds,2643,Pgk1,18.610052
H21,2017-12-13 lcg.eds,2644,Pgk1,18.350912
H22,2017-12-13 lcg.eds,2645,Pgk1,19.015806
H23,2017-12-13 lcg.eds,2646,Pgk1,20.251715
H24,2017-12-13 lcg.eds,2647,Pgk1,19.072937
I1,2017-12-13 lcg.eds,2616,Rplp0,19.659473
I2,2017-12-13 lcg.eds,2617,Rplp0,19.697227
I3,2017-12-13 lcg.eds,2618,Rplp0,NA
I4,2017-12-13 lcg.eds,2619,Rplp0,19.821888
I5,2017-12-13 lcg.eds,2620,Rplp0,20.49673
I6,2017-12-13 lcg.eds,2621,Rplp0,22.510359
I7,2017-12-13 lcg.eds,2622,Rplp0,20.052813
I8,2017-12-13 lcg.eds,2623,Rplp0,20.90828
I9,2017-12-13 lcg.eds,2624,Rplp0,21.612148
I10,2017-12-13 lcg.eds,2625,Rplp0,NA
I11,2017-12-13 lcg.eds,2626,Rplp0,20.90146
I12,2017-12-13 lcg.eds,2627,Rplp0,22.1366
I13,2017-12-13 lcg.eds,2628,Rplp0,20.516466
I14,2017-12-13 lcg.eds,2629,Rplp0,21.398273
I15,2017-12-13 lcg.eds,2630,Rplp0,20.005947
I16,2017-12-13 lcg.eds,2631,Rplp0,22.310938
I17,2017-12-13 lcg.eds,2632,Rplp0,20.349855
I18,2017-12-13 lcg.eds,2633,Rplp0,19.811018
I19,2017-12-13 lcg.eds,2634,Rplp0,20.964607
I20,2017-12-13 lcg.eds,2635,Rplp0,19.41679
I21,2017-12-13 lcg.eds,2636,Rplp0,24.406849
I22,2017-12-13 lcg.eds,2637,Rplp0,19.861506
I23,2017-12-13 lcg.eds,2638,Rplp0,19.975325
I24,2017-12-13 lcg.eds,2639,Rplp0,20.33506
J1,2017-12-13 lcg.eds,2616,Rplp0,20.777029
J2,2017-12-13 lcg.eds,2617,Rplp0,19.518751
J3,2017-12-13 lcg.eds,2618,Rplp0,26.364067
J4,2017-12-13 lcg.eds,2619,Rplp0,20.344564
J5,2017-12-13 lcg.eds,2620,Rplp0,20.212957
J6,2017-12-13 lcg.eds,2621,Rplp0,20.619143
J7,2017-12-13 lcg.eds,2622,Rplp0,21.910812
J8,2017-12-13 lcg.eds,2623,Rplp0,21.074148
J9,2017-12-13 lcg.eds,2624,Rplp0,20.78904
J10,2017-12-13 lcg.eds,2640,Rplp0,19.210745
J11,2017-12-13 lcg.eds,2641,Rplp0,26.171892
J12,2017-12-13 lcg.eds,2642,Rplp0,19.667257
J13,2017-12-13 lcg.eds,2643,Rplp0,19.998428
J14,2017-12-13 lcg.eds,2644,Rplp0,20.634083
J15,2017-12-13 lcg.eds,2645,Rplp0,21.785881
J16,2017-12-13 lcg.eds,2646,Rplp0,21.174072
J17,2017-12-13 lcg.eds,2647,Rplp0,21.888027
J18,2017-12-13 lcg.eds,2625,Rplp0,NA
J19,2017-12-13 lcg.eds,2626,Rplp0,21.038738
J20,2017-12-13 lcg.eds,2627,Rplp0,22.39112
J21,2017-12-13 lcg.eds,2628,Rplp0,20.530962
J22,2017-12-13 lcg.eds,2629,Rplp0,21.521162
J23,2017-12-13 lcg.eds,2630,Rplp0,20.092438
J24,2017-12-13 lcg.eds,2631,Rplp0,22.25677
K1,2017-12-13 lcg.eds,2632,Rplp0,20.297165
K2,2017-12-13 lcg.eds,2633,Rplp0,19.920197
K3,2017-12-13 lcg.eds,2634,Rplp0,21.140448
K4,2017-12-13 lcg.eds,2635,Rplp0,19.510437
K5,2017-12-13 lcg.eds,2636,Rplp0,24.486605
K6,2017-12-13 lcg.eds,2637,Rplp0,19.931898
K7,2017-12-13 lcg.eds,2638,Rplp0,20.047567
K8,2017-12-13 lcg.eds,2639,Rplp0,20.36407
K9,2017-12-13 lcg.eds,2640,Rplp0,20.826838
K10,2017-12-13 lcg.eds,2641,Rplp0,19.546907
K11,2017-12-13 lcg.eds,2642,Rplp0,26.58182
K12,2017-12-13 lcg.eds,2643,Rplp0,20.160355
K13,2017-12-13 lcg.eds,2644,Rplp0,20.017025
K14,2017-12-13 lcg.eds,2645,Rplp0,20.817636
K15,2017-12-13 lcg.eds,2646,Rplp0,21.869648
K16,2017-12-13 lcg.eds,2647,Rplp0,21.258308
K17,2017-12-13 lcg.eds,2616,Rplp0,19.709957
K18,2017-12-13 lcg.eds,2617,Rplp0,19.738243
K19,2017-12-13 lcg.eds,2618,Rplp0,NA
K20,2017-12-13 lcg.eds,2619,Rplp0,19.811972
K21,2017-12-13 lcg.eds,2620,Rplp0,20.464268
K22,2017-12-13 lcg.eds,2621,Rplp0,22.739643
K23,2017-12-13 lcg.eds,2622,Rplp0,20.123302
K24,2017-12-13 lcg.eds,2623,Rplp0,20.64824
L1,2017-12-13 lcg.eds,2624,Rplp0,21.999918
L2,2017-12-13 lcg.eds,2625,Rplp0,NA
L3,2017-12-13 lcg.eds,2626,Rplp0,21.124573
L4,2017-12-13 lcg.eds,2627,Rplp0,22.625525
L5,2017-12-13 lcg.eds,2628,Rplp0,20.578947
L6,2017-12-13 lcg.eds,2629,Rplp0,21.333542
L7,2017-12-13 lcg.eds,2630,Rplp0,20.004225
L8,2017-12-13 lcg.eds,2631,Rplp0,22.294558
L9,2017-12-13 lcg.eds,2632,Rplp0,20.379112
L10,2017-12-13 lcg.eds,2633,Rplp0,19.817602
L11,2017-12-13 lcg.eds,2634,Rplp0,20.869839
L12,2017-12-13 lcg.eds,2635,Rplp0,19.350063
L13,2017-12-13 lcg.eds,2636,Rplp0,24.449778
L14,2017-12-13 lcg.eds,2637,Rplp0,19.938326
L15,2017-12-13 lcg.eds,2638,Rplp0,20.210938
L16,2017-12-13 lcg.eds,2639,Rplp0,20.497782
L17,2017-12-13 lcg.eds,2640,Rplp0,21.049002
L18,2017-12-13 lcg.eds,2641,Rplp0,19.782967
L19,2017-12-13 lcg.eds,2642,Rplp0,27.041943
L20,2017-12-13 lcg.eds,2643,Rplp0,20.35708
L21,2017-12-13 lcg.eds,2644,Rplp0,20.230316
L22,2017-12-13 lcg.eds,2645,Rplp0,21.038084
L23,2017-12-13 lcg.eds,2646,Rplp0,22.029781
L24,2017-12-13 lcg.eds,2647,Rplp0,21.908602
A1,2018-01-10 195156.eds,2616,Pgk1,16.640295
A2,2018-01-10 195156.eds,2617,Pgk1,16.091715
A3,2018-01-10 195156.eds,2618,Pgk1,NA
A4,2018-01-10 195156.eds,2619,Pgk1,16.138376
A5,2018-01-10 195156.eds,2620,Pgk1,16.325493
A6,2018-01-10 195156.eds,2621,Pgk1,18.50007
A7,2018-01-10 195156.eds,2622,Pgk1,15.945743
A8,2018-01-10 195156.eds,2623,Pgk1,16.479565
A9,2018-01-10 195156.eds,2624,Pgk1,18.334229
A10,2018-01-10 195156.eds,2625,Pgk1,NA
A11,2018-01-10 195156.eds,2626,Pgk1,17.840351
A12,2018-01-10 195156.eds,2627,Pgk1,18.706408
A13,2018-01-10 195156.eds,2628,Pgk1,16.533321
A14,2018-01-10 195156.eds,2629,Pgk1,16.664036
A15,2018-01-10 195156.eds,2630,Pgk1,16.770784
A16,2018-01-10 195156.eds,2631,Pgk1,18.038597
A17,2018-01-10 195156.eds,2632,Pgk1,17.33628
A18,2018-01-10 195156.eds,2633,Pgk1,16.340263
A19,2018-01-10 195156.eds,2634,Pgk1,17.883373
A20,2018-01-10 195156.eds,2635,Pgk1,16.2459
A21,2018-01-10 195156.eds,2636,Pgk1,20.68384
A22,2018-01-10 195156.eds,2637,Pgk1,16.22613
A23,2018-01-10 195156.eds,2638,Pgk1,16.558624
A24,2018-01-10 195156.eds,2639,Pgk1,16.528017
B1,2018-01-10 195156.eds,2640,Pgk1,16.746323
B2,2018-01-10 195156.eds,2641,Pgk1,15.948956
B3,2018-01-10 195156.eds,2642,Pgk1,22.028572
B4,2018-01-10 195156.eds,2643,Pgk1,16.352587
B5,2018-01-10 195156.eds,2644,Pgk1,15.846685
B6,2018-01-10 195156.eds,2645,Pgk1,16.601875
B7,2018-01-10 195156.eds,2646,Pgk1,17.895971
B8,2018-01-10 195156.eds,2647,Pgk1,15.961433
B9,2018-01-10 195156.eds,2616,Pgk1,16.427809
B10,2018-01-10 195156.eds,2617,Pgk1,16.163427
B11,2018-01-10 195156.eds,2618,Pgk1,NA
B12,2018-01-10 195156.eds,2619,Pgk1,16.18379
B13,2018-01-10 195156.eds,2620,Pgk1,16.572863
B14,2018-01-10 195156.eds,2621,Pgk1,18.45601
B15,2018-01-10 195156.eds,2622,Pgk1,16.12397
B16,2018-01-10 195156.eds,2623,Pgk1,16.851711
B17,2018-01-10 195156.eds,2624,Pgk1,17.82684
B18,2018-01-10 195156.eds,2625,Pgk1,NA
B19,2018-01-10 195156.eds,2626,Pgk1,17.391417
B20,2018-01-10 195156.eds,2627,Pgk1,18.46396
B21,2018-01-10 195156.eds,2628,Pgk1,16.27115
B22,2018-01-10 195156.eds,2629,Pgk1,16.179337
B23,2018-01-10 195156.eds,2630,Pgk1,16.297377
B24,2018-01-10 195156.eds,2631,Pgk1,17.711054
C1,2018-01-10 195156.eds,2632,Pgk1,NA
C2,2018-01-10 195156.eds,2633,Pgk1,NA
C3,2018-01-10 195156.eds,2634,Pgk1,NA
C4,2018-01-10 195156.eds,2635,Pgk1,NA
C5,2018-01-10 195156.eds,2636,Pgk1,NA
C6,2018-01-10 195156.eds,2637,Pgk1,NA
C7,2018-01-10 195156.eds,2638,Pgk1,NA
C8,2018-01-10 195156.eds,2639,Pgk1,NA
C9,2018-01-10 195156.eds,2640,Pgk1,16.765766
C10,2018-01-10 195156.eds,2641,Pgk1,16.4294
C11,2018-01-10 195156.eds,2642,Pgk1,17.79301
C12,2018-01-10 195156.eds,2643,Pgk1,16.301836
C13,2018-01-10 195156.eds,2644,Pgk1,20.779465
C14,2018-01-10 195156.eds,2645,Pgk1,16.375408
C15,2018-01-10 195156.eds,2646,Pgk1,16.658066
C16,2018-01-10 195156.eds,2647,Pgk1,16.800358
C17,2018-01-10 195156.eds,2616,Pgk1,17.090412
C18,2018-01-10 195156.eds,2617,Pgk1,15.869659
C19,2018-01-10 195156.eds,2618,Pgk1,21.900103
C20,2018-01-10 195156.eds,2619,Pgk1,16.553127
C21,2018-01-10 195156.eds,2620,Pgk1,15.794207
C22,2018-01-10 195156.eds,2621,Pgk1,16.615591
C23,2018-01-10 195156.eds,2622,Pgk1,17.974358
C24,2018-01-10 195156.eds,2623,Pgk1,17.101448
D1,2018-01-10 195156.eds,2624,Pgk1,16.317713
D2,2018-01-10 195156.eds,2625,Pgk1,16.252834
D3,2018-01-10 195156.eds,2626,Pgk1,NA
D4,2018-01-10 195156.eds,2627,Pgk1,16.286283
D5,2018-01-10 195156.eds,2628,Pgk1,16.824856
D6,2018-01-10 195156.eds,2629,Pgk1,18.539984
D7,2018-01-10 195156.eds,2630,Pgk1,16.332851
D8,2018-01-10 195156.eds,2631,Pgk1,16.716589
D9,2018-01-10 195156.eds,2632,Pgk1,17.98068
D10,2018-01-10 195156.eds,2633,Pgk1,33.004707
D11,2018-01-10 195156.eds,2634,Pgk1,17.363962
D12,2018-01-10 195156.eds,2635,Pgk1,18.524076
D13,2018-01-10 195156.eds,2636,Pgk1,16.162693
D14,2018-01-10 195156.eds,2637,Pgk1,16.165472
D15,2018-01-10 195156.eds,2638,Pgk1,15.895546
D16,2018-01-10 195156.eds,2639,Pgk1,17.480383
D17,2018-01-10 195156.eds,2640,Pgk1,16.90053
D18,2018-01-10 195156.eds,2641,Pgk1,16.441084
D19,2018-01-10 195156.eds,2642,Pgk1,17.937557
D20,2018-01-10 195156.eds,2643,Pgk1,16.267506
D21,2018-01-10 195156.eds,2644,Pgk1,20.873917
D22,2018-01-10 195156.eds,2645,Pgk1,16.365343
D23,2018-01-10 195156.eds,2646,Pgk1,16.989008
D24,2018-01-10 195156.eds,2647,Pgk1,16.664288
E1,2018-01-10 195156.eds,2616,Pgk1,NA
E2,2018-01-10 195156.eds,2617,Pgk1,NA
E3,2018-01-10 195156.eds,2618,Pgk1,NA
E4,2018-01-10 195156.eds,2619,Pgk1,NA
E5,2018-01-10 195156.eds,2620,Pgk1,NA
E6,2018-01-10 195156.eds,2621,Pgk1,NA
E7,2018-01-10 195156.eds,2622,Pgk1,NA
E8,2018-01-10 195156.eds,2623,Pgk1,NA
E9,2018-01-10 195156.eds,2624,Pgk1,16.611132
E10,2018-01-10 195156.eds,2625,Pgk1,16.15456
E11,2018-01-10 195156.eds,2626,Pgk1,NA
E12,2018-01-10 195156.eds,2627,Pgk1,16.312593
E13,2018-01-10 195156.eds,2628,Pgk1,16.599304
E14,2018-01-10 195156.eds,2629,Pgk1,18.828625
E15,2018-01-10 195156.eds,2630,Pgk1,16.72034
E16,2018-01-10 195156.eds,2631,Pgk1,16.724104
E17,2018-01-10 195156.eds,2632,Pgk1,18.536884
E18,2018-01-10 195156.eds,2633,Pgk1,NA
E19,2018-01-10 195156.eds,2634,Pgk1,17.578983
E20,2018-01-10 195156.eds,2635,Pgk1,18.555864
E21,2018-01-10 195156.eds,2636,Pgk1,16.16136
E22,2018-01-10 195156.eds,2637,Pgk1,16.2449
E23,2018-01-10 195156.eds,2638,Pgk1,16.203562
E24,2018-01-10 195156.eds,2639,Pgk1,17.542704
F1,2018-01-10 195156.eds,2640,Pgk1,16.91379
F2,2018-01-10 195156.eds,2641,Pgk1,16.123701
F3,2018-01-10 195156.eds,2642,Pgk1,22.135952
F4,2018-01-10 195156.eds,2643,Pgk1,16.489897
F5,2018-01-10 195156.eds,2644,Pgk1,16.000134
F6,2018-01-10 195156.eds,2645,Pgk1,16.730003
F7,2018-01-10 195156.eds,2646,Pgk1,17.92178
F8,2018-01-10 195156.eds,2647,Pgk1,18.09837
F9,2018-01-10 195156.eds,2616,Fbxo32,17.147638
F10,2018-01-10 195156.eds,2617,Fbxo32,17.268436
F11,2018-01-10 195156.eds,2618,Fbxo32,NA
F12,2018-01-10 195156.eds,2619,Fbxo32,16.889362
F13,2018-01-10 195156.eds,2620,Fbxo32,19.651243
F14,2018-01-10 195156.eds,2621,Fbxo32,21.20324
F15,2018-01-10 195156.eds,2622,Fbxo32,19.548004
F16,2018-01-10 195156.eds,2623,Fbxo32,20.113249
F17,2018-01-10 195156.eds,2624,Fbxo32,21.19001
F18,2018-01-10 195156.eds,2625,Fbxo32,NA
F19,2018-01-10 195156.eds,2626,Fbxo32,21.581482
F20,2018-01-10 195156.eds,2627,Fbxo32,22.677134
F21,2018-01-10 195156.eds,2628,Fbxo32,17.859528
F22,2018-01-10 195156.eds,2629,Fbxo32,18.764511
F23,2018-01-10 195156.eds,2630,Fbxo32,17.993355
F24,2018-01-10 195156.eds,2631,Fbxo32,19.290668
G1,2018-01-10 195156.eds,2632,Fbxo32,17.620895
G2,2018-01-10 195156.eds,2633,Fbxo32,18.713598
G3,2018-01-10 195156.eds,2634,Fbxo32,18.39158
G4,2018-01-10 195156.eds,2635,Fbxo32,19.799383
G5,2018-01-10 195156.eds,2636,Fbxo32,19.168716
G6,2018-01-10 195156.eds,2637,Fbxo32,17.496504
G7,2018-01-10 195156.eds,2638,Fbxo32,22.175491
G8,2018-01-10 195156.eds,2639,Fbxo32,17.0889
G9,2018-01-10 195156.eds,2640,Fbxo32,17.496712
G10,2018-01-10 195156.eds,2641,Fbxo32,17.200943
G11,2018-01-10 195156.eds,2642,Fbxo32,21.852861
G12,2018-01-10 195156.eds,2643,Fbxo32,17.114391
G13,2018-01-10 195156.eds,2644,Fbxo32,16.506096
G14,2018-01-10 195156.eds,2645,Fbxo32,18.066526
G15,2018-01-10 195156.eds,2646,Fbxo32,19.443743
G16,2018-01-10 195156.eds,2647,Fbxo32,19.17741
G17,2018-01-10 195156.eds,2616,Fbxo32,16.8967
G18,2018-01-10 195156.eds,2617,Fbxo32,16.970383000000002
G19,2018-01-10 195156.eds,2618,Fbxo32,NA
G20,2018-01-10 195156.eds,2619,Fbxo32,16.822866
G21,2018-01-10 195156.eds,2620,Fbxo32,19.755262
G22,2018-01-10 195156.eds,2621,Fbxo32,21.05943
G23,2018-01-10 195156.eds,2622,Fbxo32,19.418356
G24,2018-01-10 195156.eds,2623,Fbxo32,20.225864
H1,2018-01-10 195156.eds,2624,Fbxo32,21.171812
H2,2018-01-10 195156.eds,2625,Fbxo32,NA
H3,2018-01-10 195156.eds,2626,Fbxo32,21.737158
H4,2018-01-10 195156.eds,2627,Fbxo32,22.78154
H5,2018-01-10 195156.eds,2628,Fbxo32,17.86951
H6,2018-01-10 195156.eds,2629,Fbxo32,18.910126
H7,2018-01-10 195156.eds,2630,Fbxo32,18.284702
H8,2018-01-10 195156.eds,2631,Fbxo32,19.167475
H9,2018-01-10 195156.eds,2632,Fbxo32,19.000883
H10,2018-01-10 195156.eds,2633,Fbxo32,17.390375
H11,2018-01-10 195156.eds,2634,Fbxo32,19.487087
H12,2018-01-10 195156.eds,2635,Fbxo32,17.044432
H13,2018-01-10 195156.eds,2636,Fbxo32,22.040834
H14,2018-01-10 195156.eds,2637,Fbxo32,17.604311
H15,2018-01-10 195156.eds,2638,Fbxo32,18.546564
H16,2018-01-10 195156.eds,2639,Fbxo32,18.344736
H17,2018-01-10 195156.eds,2640,Fbxo32,17.493856
H18,2018-01-10 195156.eds,2641,Fbxo32,17.237387
H19,2018-01-10 195156.eds,2642,Fbxo32,22.128466
H20,2018-01-10 195156.eds,2643,Fbxo32,17.420498
H21,2018-01-10 195156.eds,2644,Fbxo32,16.636623
H22,2018-01-10 195156.eds,2645,Fbxo32,18.3244
H23,2018-01-10 195156.eds,2646,Fbxo32,19.633327
H24,2018-01-10 195156.eds,2647,Fbxo32,19.230694
I1,2018-01-10 195156.eds,2616,Fbxo32,17.032635
I2,2018-01-10 195156.eds,2617,Fbxo32,17.233921
I3,2018-01-10 195156.eds,2618,Fbxo32,NA
I4,2018-01-10 195156.eds,2619,Fbxo32,16.767515
I5,2018-01-10 195156.eds,2620,Fbxo32,19.954445
I6,2018-01-10 195156.eds,2621,Fbxo32,21.335629
I7,2018-01-10 195156.eds,2622,Fbxo32,19.717707
I8,2018-01-10 195156.eds,2623,Fbxo32,20.284101
I9,2018-01-10 195156.eds,2624,Fbxo32,21.465065
I10,2018-01-10 195156.eds,2625,Fbxo32,NA
I11,2018-01-10 195156.eds,2626,Fbxo32,21.625072
I12,2018-01-10 195156.eds,2627,Fbxo32,22.62926
I13,2018-01-10 195156.eds,2628,Fbxo32,17.459684
I14,2018-01-10 195156.eds,2629,Fbxo32,18.768162
I15,2018-01-10 195156.eds,2630,Fbxo32,18.3584
I16,2018-01-10 195156.eds,2631,Fbxo32,19.513773
I17,2018-01-10 195156.eds,2632,Fbxo32,19.058825
I18,2018-01-10 195156.eds,2633,Fbxo32,17.56226
I19,2018-01-10 195156.eds,2634,Fbxo32,19.500397
I20,2018-01-10 195156.eds,2635,Fbxo32,17.179113
I21,2018-01-10 195156.eds,2636,Fbxo32,22.063988
I22,2018-01-10 195156.eds,2637,Fbxo32,17.62775
I23,2018-01-10 195156.eds,2638,Fbxo32,18.574919
I24,2018-01-10 195156.eds,2639,Fbxo32,18.066198
J1,2018-01-10 195156.eds,2640,Fbxo32,17.422565
J2,2018-01-10 195156.eds,2641,Fbxo32,17.397863
J3,2018-01-10 195156.eds,2642,Fbxo32,22.230696
J4,2018-01-10 195156.eds,2643,Fbxo32,17.683575
J5,2018-01-10 195156.eds,2644,Fbxo32,16.695917
J6,2018-01-10 195156.eds,2645,Fbxo32,18.345774
J7,2018-01-10 195156.eds,2646,Fbxo32,19.706783
J8,2018-01-10 195156.eds,2647,Fbxo32,19.538578
J9,2018-01-10 195156.eds,2616,Fbxo32,17.378714
J10,2018-01-10 195156.eds,2617,Fbxo32,17.189024
J11,2018-01-10 195156.eds,2618,Fbxo32,NA
J12,2018-01-10 195156.eds,2619,Fbxo32,16.93374
J13,2018-01-10 195156.eds,2620,Fbxo32,19.830162
J14,2018-01-10 195156.eds,2621,Fbxo32,21.318884
J15,2018-01-10 195156.eds,2622,Fbxo32,19.769403
J16,2018-01-10 195156.eds,2623,Fbxo32,20.419321
J17,2018-01-10 195156.eds,2624,Fbxo32,21.46703
J18,2018-01-10 195156.eds,2625,Fbxo32,NA
J19,2018-01-10 195156.eds,2626,Fbxo32,21.92181
J20,2018-01-10 195156.eds,2627,Fbxo32,22.767923
J21,2018-01-10 195156.eds,2628,Fbxo32,17.919636
J22,2018-01-10 195156.eds,2629,Fbxo32,18.84986
J23,2018-01-10 195156.eds,2630,Fbxo32,18.030016
J24,2018-01-10 195156.eds,2631,Fbxo32,19.447906
K1,2018-01-10 195156.eds,2632,Fbxo32,18.909702
K2,2018-01-10 195156.eds,2633,Fbxo32,17.3177
K3,2018-01-10 195156.eds,2634,Fbxo32,19.488895
K4,2018-01-10 195156.eds,2635,Fbxo32,17.03558
K5,2018-01-10 195156.eds,2636,Fbxo32,21.936464
K6,2018-01-10 195156.eds,2637,Fbxo32,17.548887
K7,2018-01-10 195156.eds,2638,Fbxo32,18.525919
K8,2018-01-10 195156.eds,2639,Fbxo32,18.369934
K9,2018-01-10 195156.eds,2640,Fbxo32,17.5633
K10,2018-01-10 195156.eds,2641,Fbxo32,17.21973
K11,2018-01-10 195156.eds,2642,Fbxo32,21.893404
K12,2018-01-10 195156.eds,2643,Fbxo32,17.305239
K13,2018-01-10 195156.eds,2644,Fbxo32,16.586626
K14,2018-01-10 195156.eds,2645,Fbxo32,18.139816
K15,2018-01-10 195156.eds,2646,Fbxo32,19.599419
K16,2018-01-10 195156.eds,2647,Fbxo32,19.371199
K17,2018-01-10 195156.eds,2616,Trim63,16.29567
K18,2018-01-10 195156.eds,2617,Trim63,16.944805
K19,2018-01-10 195156.eds,2618,Trim63,NA
K20,2018-01-10 195156.eds,2619,Trim63,16.458162
K21,2018-01-10 195156.eds,2620,Trim63,18.089083
K22,2018-01-10 195156.eds,2621,Trim63,19.235744
K23,2018-01-10 195156.eds,2622,Trim63,18.491955
K24,2018-01-10 195156.eds,2623,Trim63,19.726778
L1,2018-01-10 195156.eds,2624,Trim63,19.399822
L2,2018-01-10 195156.eds,2625,Trim63,NA
L3,2018-01-10 195156.eds,2626,Trim63,19.463715
L4,2018-01-10 195156.eds,2627,Trim63,20.552553
L5,2018-01-10 195156.eds,2628,Trim63,17.063478
L6,2018-01-10 195156.eds,2629,Trim63,17.739872
L7,2018-01-10 195156.eds,2630,Trim63,17.69314
L8,2018-01-10 195156.eds,2631,Trim63,18.576591
L9,2018-01-10 195156.eds,2632,Trim63,17.780817
L10,2018-01-10 195156.eds,2633,Trim63,16.703983
L11,2018-01-10 195156.eds,2634,Trim63,18.353794
L12,2018-01-10 195156.eds,2635,Trim63,15.607256
L13,2018-01-10 195156.eds,2636,Trim63,20.094664
L14,2018-01-10 195156.eds,2637,Trim63,16.283815
L15,2018-01-10 195156.eds,2638,Trim63,16.562393
L16,2018-01-10 195156.eds,2639,Trim63,17.20144
L17,2018-01-10 195156.eds,2640,Trim63,16.250542
L18,2018-01-10 195156.eds,2641,Trim63,15.537145
L19,2018-01-10 195156.eds,2642,Trim63,NA
L20,2018-01-10 195156.eds,2643,Trim63,16.151218
L21,2018-01-10 195156.eds,2644,Trim63,14.078733
L22,2018-01-10 195156.eds,2645,Trim63,17.033194
L23,2018-01-10 195156.eds,2646,Trim63,17.558155
L24,2018-01-10 195156.eds,2647,Trim63,17.425133
M1,2018-01-10 195156.eds,2616,Trim63,16.16252
M2,2018-01-10 195156.eds,2617,Trim63,16.446573
M3,2018-01-10 195156.eds,2618,Trim63,NA
M4,2018-01-10 195156.eds,2619,Trim63,16.529196
M5,2018-01-10 195156.eds,2620,Trim63,18.048538
M6,2018-01-10 195156.eds,2621,Trim63,19.387163
M7,2018-01-10 195156.eds,2622,Trim63,18.634665
M8,2018-01-10 195156.eds,2623,Trim63,19.22406
M9,2018-01-10 195156.eds,2624,Trim63,19.800644
M10,2018-01-10 195156.eds,2625,Trim63,NA
M11,2018-01-10 195156.eds,2626,Trim63,19.786345
M12,2018-01-10 195156.eds,2627,Trim63,20.469334
M13,2018-01-10 195156.eds,2628,Trim63,17.08699
M14,2018-01-10 195156.eds,2629,Trim63,17.942165
M15,2018-01-10 195156.eds,2630,Trim63,17.608433
M16,2018-01-10 195156.eds,2631,Trim63,18.476442
M17,2018-01-10 195156.eds,2632,Trim63,17.661392
M18,2018-01-10 195156.eds,2633,Trim63,16.70108
M19,2018-01-10 195156.eds,2634,Trim63,18.413914
M20,2018-01-10 195156.eds,2635,Trim63,15.246195
M21,2018-01-10 195156.eds,2636,Trim63,20.195358
M22,2018-01-10 195156.eds,2637,Trim63,16.300987
M23,2018-01-10 195156.eds,2638,Trim63,16.688873
M24,2018-01-10 195156.eds,2639,Trim63,17.27896
N1,2018-01-10 195156.eds,2640,Trim63,16.268677
N2,2018-01-10 195156.eds,2641,Trim63,15.588269
N3,2018-01-10 195156.eds,2642,Trim63,20.957926
N4,2018-01-10 195156.eds,2643,Trim63,16.196964
N5,2018-01-10 195156.eds,2644,Trim63,14.291034
N6,2018-01-10 195156.eds,2645,Trim63,16.96213
N7,2018-01-10 195156.eds,2646,Trim63,17.62266
N8,2018-01-10 195156.eds,2647,Trim63,17.529459
N9,2018-01-10 195156.eds,2616,Trim63,17.09058
N10,2018-01-10 195156.eds,2617,Trim63,16.530945
N11,2018-01-10 195156.eds,2618,Trim63,NA
N12,2018-01-10 195156.eds,2619,Trim63,16.773876
N13,2018-01-10 195156.eds,2620,Trim63,17.976562
N14,2018-01-10 195156.eds,2621,Trim63,19.35423
N15,2018-01-10 195156.eds,2622,Trim63,18.471285
N16,2018-01-10 195156.eds,2623,Trim63,18.958427
N17,2018-01-10 195156.eds,2624,Trim63,19.433294
N18,2018-01-10 195156.eds,2625,Trim63,NA
N19,2018-01-10 195156.eds,2626,Trim63,19.617489
N20,2018-01-10 195156.eds,2627,Trim63,20.599240000000002
N21,2018-01-10 195156.eds,2628,Trim63,17.118505
N22,2018-01-10 195156.eds,2629,Trim63,17.825958
N23,2018-01-10 195156.eds,2630,Trim63,17.61103
N24,2018-01-10 195156.eds,2631,Trim63,18.64368
O1,2018-01-10 195156.eds,2632,Trim63,17.816854
O2,2018-01-10 195156.eds,2633,Trim63,16.668646
O3,2018-01-10 195156.eds,2634,Trim63,18.542782
O4,2018-01-10 195156.eds,2635,Trim63,15.333724
O5,2018-01-10 195156.eds,2636,Trim63,20.13102
O6,2018-01-10 195156.eds,2637,Trim63,16.357796
O7,2018-01-10 195156.eds,2638,Trim63,16.605585
O8,2018-01-10 195156.eds,2639,Trim63,17.238003
O9,2018-01-10 195156.eds,2640,Trim63,16.419567
O10,2018-01-10 195156.eds,2641,Trim63,15.715957
O11,2018-01-10 195156.eds,2642,Trim63,20.981663
O12,2018-01-10 195156.eds,2643,Trim63,16.342121
O13,2018-01-10 195156.eds,2644,Trim63,14.2272415
O14,2018-01-10 195156.eds,2645,Trim63,17.101513
O15,2018-01-10 195156.eds,2646,Trim63,17.822388
O16,2018-01-10 195156.eds,2647,Trim63,17.565554
O17,2018-01-10 195156.eds,2616,Trim63,16.312857
O18,2018-01-10 195156.eds,2617,Trim63,16.700384
O19,2018-01-10 195156.eds,2618,Trim63,NA
O20,2018-01-10 195156.eds,2619,Trim63,16.399168
O21,2018-01-10 195156.eds,2620,Trim63,18.999735
O22,2018-01-10 195156.eds,2621,Trim63,19.70337
O23,2018-01-10 195156.eds,2622,Trim63,18.66734
O24,2018-01-10 195156.eds,2623,Trim63,19.079096
P1,2018-01-10 195156.eds,2624,Trim63,19.673141
P2,2018-01-10 195156.eds,2625,Trim63,NA
P3,2018-01-10 195156.eds,2626,Trim63,19.318163
P4,2018-01-10 195156.eds,2627,Trim63,20.217957
P5,2018-01-10 195156.eds,2628,Trim63,17.087282
P6,2018-01-10 195156.eds,2629,Trim63,20.960281
P7,2018-01-10 195156.eds,2630,Trim63,17.724775
P8,2018-01-10 195156.eds,2631,Trim63,18.761127
P9,2018-01-10 195156.eds,2632,Trim63,18.15508
P10,2018-01-10 195156.eds,2633,Trim63,16.986862
P11,2018-01-10 195156.eds,2634,Trim63,18.664434
P12,2018-01-10 195156.eds,2635,Trim63,15.696474
P13,2018-01-10 195156.eds,2636,Trim63,20.236517
P14,2018-01-10 195156.eds,2637,Trim63,16.568846
P15,2018-01-10 195156.eds,2638,Trim63,16.675016
P16,2018-01-10 195156.eds,2639,Trim63,17.344719
P17,2018-01-10 195156.eds,2640,Trim63,16.485666
P18,2018-01-10 195156.eds,2641,Trim63,15.853281
P19,2018-01-10 195156.eds,2642,Trim63,21.23756
P20,2018-01-10 195156.eds,2643,Trim63,16.611727
P21,2018-01-10 195156.eds,2644,Trim63,14.519151
P22,2018-01-10 195156.eds,2645,Trim63,17.520412
P23,2018-01-10 195156.eds,2646,Trim63,18.112164
P24,2018-01-10 195156.eds,2647,Trim63,17.481264
A1,2018-01-17 182258.eds,2616,Foxo1,36.438698
A2,2018-01-17 182258.eds,2617,Foxo1,37.28589
A3,2018-01-17 182258.eds,2618,Foxo1,NA
A4,2018-01-17 182258.eds,2619,Foxo1,37.95001
A5,2018-01-17 182258.eds,2620,Foxo1,38.187546
A6,2018-01-17 182258.eds,2621,Foxo1,NA
A7,2018-01-17 182258.eds,2622,Foxo1,39.8724
A8,2018-01-17 182258.eds,2623,Foxo1,33.095776
A9,2018-01-17 182258.eds,2624,Foxo1,NA
A10,2018-01-17 182258.eds,2625,Foxo1,NA
A11,2018-01-17 182258.eds,2626,Foxo1,34.573154
A12,2018-01-17 182258.eds,2627,Foxo1,30.660358
A13,2018-01-17 182258.eds,2628,Foxo1,NA
A14,2018-01-17 182258.eds,2629,Foxo1,33.207985
A15,2018-01-17 182258.eds,2630,Foxo1,30.188948
A16,2018-01-17 182258.eds,2631,Foxo1,32.212738
A17,2018-01-17 182258.eds,2632,Foxo1,31.225958
A18,2018-01-17 182258.eds,2633,Foxo1,31.894268
A19,2018-01-17 182258.eds,2634,Foxo1,36.070377
A20,2018-01-17 182258.eds,2635,Foxo1,33.803234
A21,2018-01-17 182258.eds,2636,Foxo1,38.073624
A22,2018-01-17 182258.eds,2637,Foxo1,35.238277
A23,2018-01-17 182258.eds,2638,Foxo1,34.85729
A24,2018-01-17 182258.eds,2639,Foxo1,35.458344
B1,2018-01-17 182258.eds,2640,Foxo1,34.7884
B2,2018-01-17 182258.eds,2641,Foxo1,33.105404
B3,2018-01-17 182258.eds,2642,Foxo1,NA
B4,2018-01-17 182258.eds,2643,Foxo1,35.298943
B5,2018-01-17 182258.eds,2644,Foxo1,34.04806
B6,2018-01-17 182258.eds,2645,Foxo1,36.38044
B7,2018-01-17 182258.eds,2646,Foxo1,36.336647
B8,2018-01-17 182258.eds,2647,Foxo1,36.673603
B9,2018-01-17 182258.eds,2616,Foxo1,37.60084
B10,2018-01-17 182258.eds,2617,Foxo1,31.641933
B11,2018-01-17 182258.eds,2618,Foxo1,NA
B12,2018-01-17 182258.eds,2619,Foxo1,37.29942
B13,2018-01-17 182258.eds,2620,Foxo1,38.32914
B14,2018-01-17 182258.eds,2621,Foxo1,37.471577
B15,2018-01-17 182258.eds,2622,Foxo1,37.43199
B16,2018-01-17 182258.eds,2623,Foxo1,33.264458
B17,2018-01-17 182258.eds,2624,Foxo1,39.22822
B18,2018-01-17 182258.eds,2625,Foxo1,NA
B19,2018-01-17 182258.eds,2626,Foxo1,31.454128
B20,2018-01-17 182258.eds,2627,Foxo1,38.25455
B21,2018-01-17 182258.eds,2628,Foxo1,37.448425
B22,2018-01-17 182258.eds,2629,Foxo1,36.821953
B23,2018-01-17 182258.eds,2630,Foxo1,31.106144
B24,2018-01-17 182258.eds,2631,Foxo1,37.04106
C1,2018-01-17 182258.eds,2632,Foxo1,35.508785
C2,2018-01-17 182258.eds,2633,Foxo1,37.74849
C3,2018-01-17 182258.eds,2634,Foxo1,34.705276
C4,2018-01-17 182258.eds,2635,Foxo1,35.688858
C5,2018-01-17 182258.eds,2636,Foxo1,NA
C6,2018-01-17 182258.eds,2637,Foxo1,37.6697
C7,2018-01-17 182258.eds,2638,Foxo1,35.01165
C8,2018-01-17 182258.eds,2639,Foxo1,34.27896
C9,2018-01-17 182258.eds,2640,Foxo1,34.552925
C10,2018-01-17 182258.eds,2641,Foxo1,33.88012
C11,2018-01-17 182258.eds,2642,Foxo1,NA
C12,2018-01-17 182258.eds,2643,Foxo1,36.65507
C13,2018-01-17 182258.eds,2644,Foxo1,36.063965
C14,2018-01-17 182258.eds,2645,Foxo1,34.011494
C15,2018-01-17 182258.eds,2646,Foxo1,38.955788
C16,2018-01-17 182258.eds,2647,Foxo1,34.87565
C17,2018-01-17 182258.eds,2616,Foxo1,32.81532
C18,2018-01-17 182258.eds,2617,Foxo1,34.444584
C19,2018-01-17 182258.eds,2618,Foxo1,33.561375
C20,2018-01-17 182258.eds,2619,Foxo1,36.0016
C21,2018-01-17 182258.eds,2620,Foxo1,34.885548
C22,2018-01-17 182258.eds,2621,Foxo1,37.100292
C23,2018-01-17 182258.eds,2622,Foxo1,35.4245
C24,2018-01-17 182258.eds,2623,Foxo1,36.4181
D1,2018-01-17 182258.eds,2624,Foxo1,37.82047
D2,2018-01-17 182258.eds,2625,Foxo1,NA
D3,2018-01-17 182258.eds,2626,Foxo1,37.00522
D4,2018-01-17 182258.eds,2627,Foxo1,38.837036
D5,2018-01-17 182258.eds,2628,Foxo1,37.71012
D6,2018-01-17 182258.eds,2629,Foxo1,32.995853
D7,2018-01-17 182258.eds,2630,Foxo1,35.261913
D8,2018-01-17 182258.eds,2631,Foxo1,38.05694
D9,2018-01-17 182258.eds,2632,Foxo1,37.702618
D10,2018-01-17 182258.eds,2633,Foxo1,31.93433
D11,2018-01-17 182258.eds,2634,Foxo1,37.918556
D12,2018-01-17 182258.eds,2635,Foxo1,33.94233
D13,2018-01-17 182258.eds,2636,Foxo1,NA
D14,2018-01-17 182258.eds,2637,Foxo1,36.539307
D15,2018-01-17 182258.eds,2638,Foxo1,35.00106
D16,2018-01-17 182258.eds,2639,Foxo1,34.57379
D17,2018-01-17 182258.eds,2640,Foxo1,37.73153
D18,2018-01-17 182258.eds,2641,Foxo1,36.566887
D19,2018-01-17 182258.eds,2642,Foxo1,NA
D20,2018-01-17 182258.eds,2643,Foxo1,36.11289
D21,2018-01-17 182258.eds,2644,Foxo1,36.309483
D22,2018-01-17 182258.eds,2645,Foxo1,37.733395
D23,2018-01-17 182258.eds,2646,Foxo1,38.009556
D24,2018-01-17 182258.eds,2647,Foxo1,37.032104
E1,2018-01-17 182258.eds,2616,Foxo1,36.518417
E2,2018-01-17 182258.eds,2617,Foxo1,33.444294
E3,2018-01-17 182258.eds,2618,Foxo1,NA
E4,2018-01-17 182258.eds,2619,Foxo1,34.93635
E5,2018-01-17 182258.eds,2620,Foxo1,38.185993
E6,2018-01-17 182258.eds,2621,Foxo1,39.06367
E7,2018-01-17 182258.eds,2622,Foxo1,37.0567
E8,2018-01-17 182258.eds,2623,Foxo1,36.672348
E9,2018-01-17 182258.eds,2624,Foxo1,39.356026
E10,2018-01-17 182258.eds,2625,Foxo1,NA
E11,2018-01-17 182258.eds,2626,Foxo1,37.6388
E12,2018-01-17 182258.eds,2627,Foxo1,39.2149
E13,2018-01-17 182258.eds,2628,Foxo1,38.023834
E14,2018-01-17 182258.eds,2629,Foxo1,35.606113
E15,2018-01-17 182258.eds,2630,Foxo1,37.353302
E16,2018-01-17 182258.eds,2631,Foxo1,NA
E17,2018-01-17 182258.eds,2632,Foxo1,35.561924
E18,2018-01-17 182258.eds,2633,Foxo1,38.212284
E19,2018-01-17 182258.eds,2634,Foxo1,38.182987
E20,2018-01-17 182258.eds,2635,Foxo1,34.74681
E21,2018-01-17 182258.eds,2636,Foxo1,27.547213
E22,2018-01-17 182258.eds,2637,Foxo1,37.558426
E23,2018-01-17 182258.eds,2638,Foxo1,36.803783
E24,2018-01-17 182258.eds,2639,Foxo1,37.189793
F1,2018-01-17 182258.eds,2640,Foxo1,36.997246
F2,2018-01-17 182258.eds,2641,Foxo1,35.209553
F3,2018-01-17 182258.eds,2642,Foxo1,NA
F4,2018-01-17 182258.eds,2643,Foxo1,36.081818
F5,2018-01-17 182258.eds,2644,Foxo1,34.36127
F6,2018-01-17 182258.eds,2645,Foxo1,37.09774
F7,2018-01-17 182258.eds,2646,Foxo1,36.383778
F8,2018-01-17 182258.eds,2647,Foxo1,33.34277
F9,2018-01-17 182258.eds,2616,Foxo3,21.790707
F10,2018-01-17 182258.eds,2617,Foxo3,21.834173
F11,2018-01-17 182258.eds,2618,Foxo3,NA
F12,2018-01-17 182258.eds,2619,Foxo3,21.78884
F13,2018-01-17 182258.eds,2620,Foxo3,22.929117
F14,2018-01-17 182258.eds,2621,Foxo3,24.734121
F15,2018-01-17 182258.eds,2622,Foxo3,22.99154
F16,2018-01-17 182258.eds,2623,Foxo3,23.953722
F17,2018-01-17 182258.eds,2624,Foxo3,24.070538
F18,2018-01-17 182258.eds,2625,Foxo3,NA
F19,2018-01-17 182258.eds,2626,Foxo3,23.456211
F20,2018-01-17 182258.eds,2627,Foxo3,24.56448
F21,2018-01-17 182258.eds,2628,Foxo3,21.923378
F22,2018-01-17 182258.eds,2629,Foxo3,22.605057
F23,2018-01-17 182258.eds,2630,Foxo3,21.502497
F24,2018-01-17 182258.eds,2631,Foxo3,23.632202
G1,2018-01-17 182258.eds,2632,Foxo3,21.939264
G2,2018-01-17 182258.eds,2633,Foxo3,21.535965
G3,2018-01-17 182258.eds,2634,Foxo3,23.146551
G4,2018-01-17 182258.eds,2635,Foxo3,21.102371
G5,2018-01-17 182258.eds,2636,Foxo3,26.329952
G6,2018-01-17 182258.eds,2637,Foxo3,21.899572
G7,2018-01-17 182258.eds,2638,Foxo3,23.973911
G8,2018-01-17 182258.eds,2639,Foxo3,22.269333
G9,2018-01-17 182258.eds,2640,Foxo3,22.146172
G10,2018-01-17 182258.eds,2641,Foxo3,21.196598
G11,2018-01-17 182258.eds,2642,Foxo3,28.471909
G12,2018-01-17 182258.eds,2643,Foxo3,21.627783
G13,2018-01-17 182258.eds,2644,Foxo3,21.255016
G14,2018-01-17 182258.eds,2645,Foxo3,21.988789
G15,2018-01-17 182258.eds,2646,Foxo3,22.995022
G16,2018-01-17 182258.eds,2647,Foxo3,22.596033
G17,2018-01-17 182258.eds,2616,Foxo3,21.686872
G18,2018-01-17 182258.eds,2617,Foxo3,22.047363
G19,2018-01-17 182258.eds,2618,Foxo3,NA
G20,2018-01-17 182258.eds,2619,Foxo3,21.937714
G21,2018-01-17 182258.eds,2620,Foxo3,22.998941
G22,2018-01-17 182258.eds,2621,Foxo3,24.991177
G23,2018-01-17 182258.eds,2622,Foxo3,22.893179
G24,2018-01-17 182258.eds,2623,Foxo3,24.1776
H1,2018-01-17 182258.eds,2624,Foxo3,23.900726
H2,2018-01-17 182258.eds,2625,Foxo3,NA
H3,2018-01-17 182258.eds,2626,Foxo3,23.374872
H4,2018-01-17 182258.eds,2627,Foxo3,24.490404
H5,2018-01-17 182258.eds,2628,Foxo3,21.976856
H6,2018-01-17 182258.eds,2629,Foxo3,22.660515
H7,2018-01-17 182258.eds,2630,Foxo3,21.551455
H8,2018-01-17 182258.eds,2631,Foxo3,23.573769
H9,2018-01-17 182258.eds,2632,Foxo3,22.24573
H10,2018-01-17 182258.eds,2633,Foxo3,21.75058
H11,2018-01-17 182258.eds,2634,Foxo3,23.12629
H12,2018-01-17 182258.eds,2635,Foxo3,21.132145
H13,2018-01-17 182258.eds,2636,Foxo3,26.139997
H14,2018-01-17 182258.eds,2637,Foxo3,21.922676
H15,2018-01-17 182258.eds,2638,Foxo3,22.169157
H16,2018-01-17 182258.eds,2639,Foxo3,22.26544
H17,2018-01-17 182258.eds,2640,Foxo3,22.26276
H18,2018-01-17 182258.eds,2641,Foxo3,21.070484
H19,2018-01-17 182258.eds,2642,Foxo3,27.903818
H20,2018-01-17 182258.eds,2643,Foxo3,21.708496
H21,2018-01-17 182258.eds,2644,Foxo3,21.118643
H22,2018-01-17 182258.eds,2645,Foxo3,22.047972
H23,2018-01-17 182258.eds,2646,Foxo3,22.933329
H24,2018-01-17 182258.eds,2647,Foxo3,22.467094
I1,2018-01-17 182258.eds,2616,Foxo3,21.543175
I2,2018-01-17 182258.eds,2617,Foxo3,22.085123
I3,2018-01-17 182258.eds,2618,Foxo3,38.568813
I4,2018-01-17 182258.eds,2619,Foxo3,22.062374
I5,2018-01-17 182258.eds,2620,Foxo3,22.963737
I6,2018-01-17 182258.eds,2621,Foxo3,24.88322
I7,2018-01-17 182258.eds,2622,Foxo3,22.997625
I8,2018-01-17 182258.eds,2623,Foxo3,24.413734
I9,2018-01-17 182258.eds,2624,Foxo3,24.106016
I10,2018-01-17 182258.eds,2625,Foxo3,NA
I11,2018-01-17 182258.eds,2626,Foxo3,23.562708
I12,2018-01-17 182258.eds,2627,Foxo3,24.836327
I13,2018-01-17 182258.eds,2628,Foxo3,21.894182
I14,2018-01-17 182258.eds,2629,Foxo3,22.673845
I15,2018-01-17 182258.eds,2630,Foxo3,21.598389
I16,2018-01-17 182258.eds,2631,Foxo3,23.722282
I17,2018-01-17 182258.eds,2632,Foxo3,22.26402
I18,2018-01-17 182258.eds,2633,Foxo3,21.752218
I19,2018-01-17 182258.eds,2634,Foxo3,23.289192
I20,2018-01-17 182258.eds,2635,Foxo3,21.07845
I21,2018-01-17 182258.eds,2636,Foxo3,26.401058
I22,2018-01-17 182258.eds,2637,Foxo3,22.102411
I23,2018-01-17 182258.eds,2638,Foxo3,22.365635
I24,2018-01-17 182258.eds,2639,Foxo3,22.231749
J1,2018-01-17 182258.eds,2640,Foxo3,21.935102
J2,2018-01-17 182258.eds,2641,Foxo3,21.047518
J3,2018-01-17 182258.eds,2642,Foxo3,28.617151
J4,2018-01-17 182258.eds,2643,Foxo3,21.971136
J5,2018-01-17 182258.eds,2644,Foxo3,21.275677
J6,2018-01-17 182258.eds,2645,Foxo3,22.149363
J7,2018-01-17 182258.eds,2646,Foxo3,23.194054
J8,2018-01-17 182258.eds,2647,Foxo3,22.538277
J9,2018-01-17 182258.eds,2616,Foxo3,21.967752
J10,2018-01-17 182258.eds,2617,Foxo3,22.08768
J11,2018-01-17 182258.eds,2618,Foxo3,NA
J12,2018-01-17 182258.eds,2619,Foxo3,21.986416
J13,2018-01-17 182258.eds,2620,Foxo3,23.13632
J14,2018-01-17 182258.eds,2621,Foxo3,24.816563
J15,2018-01-17 182258.eds,2622,Foxo3,23.141539
J16,2018-01-17 182258.eds,2623,Foxo3,24.263407
J17,2018-01-17 182258.eds,2624,Foxo3,24.099625
J18,2018-01-17 182258.eds,2625,Foxo3,NA
J19,2018-01-17 182258.eds,2626,Foxo3,23.490213
J20,2018-01-17 182258.eds,2627,Foxo3,24.745024
J21,2018-01-17 182258.eds,2628,Foxo3,22.0047
J22,2018-01-17 182258.eds,2629,Foxo3,22.685976
J23,2018-01-17 182258.eds,2630,Foxo3,21.774899
J24,2018-01-17 182258.eds,2631,Foxo3,23.778809
K1,2018-01-17 182258.eds,2632,Foxo3,22.4804
K2,2018-01-17 182258.eds,2633,Foxo3,21.620907
K3,2018-01-17 182258.eds,2634,Foxo3,23.146025
K4,2018-01-17 182258.eds,2635,Foxo3,21.160286
K5,2018-01-17 182258.eds,2636,Foxo3,26.41674
K6,2018-01-17 182258.eds,2637,Foxo3,22.175621
K7,2018-01-17 182258.eds,2638,Foxo3,22.358355
K8,2018-01-17 182258.eds,2639,Foxo3,22.433102
K9,2018-01-17 182258.eds,2640,Foxo3,22.212154
K10,2018-01-17 182258.eds,2641,Foxo3,21.062078
K11,2018-01-17 182258.eds,2642,Foxo3,27.99239
K12,2018-01-17 182258.eds,2643,Foxo3,21.866053
K13,2018-01-17 182258.eds,2644,Foxo3,21.276264
K14,2018-01-17 182258.eds,2645,Foxo3,22.196177
K15,2018-01-17 182258.eds,2646,Foxo3,23.131517
K16,2018-01-17 182258.eds,2647,Foxo3,22.469269
K17,2018-01-17 182258.eds,2616,Nr3c1,20.99079
K18,2018-01-17 182258.eds,2617,Nr3c1,21.09148
K19,2018-01-17 182258.eds,2618,Nr3c1,NA
K20,2018-01-17 182258.eds,2619,Nr3c1,20.961317
K21,2018-01-17 182258.eds,2620,Nr3c1,21.258953
K22,2018-01-17 182258.eds,2621,Nr3c1,22.57814
K23,2018-01-17 182258.eds,2622,Nr3c1,20.92097
K24,2018-01-17 182258.eds,2623,Nr3c1,21.841139
L1,2018-01-17 182258.eds,2624,Nr3c1,21.984507
L2,2018-01-17 182258.eds,2625,Nr3c1,NA
L3,2018-01-17 182258.eds,2626,Nr3c1,21.41503
L4,2018-01-17 182258.eds,2627,Nr3c1,22.389114
L5,2018-01-17 182258.eds,2628,Nr3c1,21.034918
L6,2018-01-17 182258.eds,2629,Nr3c1,21.712097
L7,2018-01-17 182258.eds,2630,Nr3c1,21.136782
L8,2018-01-17 182258.eds,2631,Nr3c1,22.619316
L9,2018-01-17 182258.eds,2632,Nr3c1,21.397335000000002
L10,2018-01-17 182258.eds,2633,Nr3c1,20.747164
L11,2018-01-17 182258.eds,2634,Nr3c1,21.850206
L12,2018-01-17 182258.eds,2635,Nr3c1,20.96823
L13,2018-01-17 182258.eds,2636,Nr3c1,25.795681
L14,2018-01-17 182258.eds,2637,Nr3c1,21.091373
L15,2018-01-17 182258.eds,2638,Nr3c1,21.319036
L16,2018-01-17 182258.eds,2639,Nr3c1,21.31449
L17,2018-01-17 182258.eds,2640,Nr3c1,NA
L18,2018-01-17 182258.eds,2641,Nr3c1,20.655043
L19,2018-01-17 182258.eds,2642,Nr3c1,26.108673
L20,2018-01-17 182258.eds,2643,Nr3c1,20.805555
L21,2018-01-17 182258.eds,2644,Nr3c1,20.90906
L22,2018-01-17 182258.eds,2645,Nr3c1,21.046043
L23,2018-01-17 182258.eds,2646,Nr3c1,22.53006
L24,2018-01-17 182258.eds,2647,Nr3c1,21.78863
M1,2018-01-17 182258.eds,2616,Nr3c1,20.939016
M2,2018-01-17 182258.eds,2617,Nr3c1,20.986168
M3,2018-01-17 182258.eds,2618,Nr3c1,NA
M4,2018-01-17 182258.eds,2619,Nr3c1,20.910057
M5,2018-01-17 182258.eds,2620,Nr3c1,21.210827
M6,2018-01-17 182258.eds,2621,Nr3c1,22.6052
M7,2018-01-17 182258.eds,2622,Nr3c1,20.904263
M8,2018-01-17 182258.eds,2623,Nr3c1,21.792782
M9,2018-01-17 182258.eds,2624,Nr3c1,22.069544
M10,2018-01-17 182258.eds,2625,Nr3c1,NA
M11,2018-01-17 182258.eds,2626,Nr3c1,21.394436
M12,2018-01-17 182258.eds,2627,Nr3c1,22.218506
M13,2018-01-17 182258.eds,2628,Nr3c1,22.248192
M14,2018-01-17 182258.eds,2629,Nr3c1,21.712547
M15,2018-01-17 182258.eds,2630,Nr3c1,21.251017
M16,2018-01-17 182258.eds,2631,Nr3c1,22.56508
M17,2018-01-17 182258.eds,2632,Nr3c1,21.377003
M18,2018-01-17 182258.eds,2633,Nr3c1,20.715908
M19,2018-01-17 182258.eds,2634,Nr3c1,21.960999
M20,2018-01-17 182258.eds,2635,Nr3c1,21.036999
M21,2018-01-17 182258.eds,2636,Nr3c1,25.595255
M22,2018-01-17 182258.eds,2637,Nr3c1,21.367025
M23,2018-01-17 182258.eds,2638,Nr3c1,21.826385
M24,2018-01-17 182258.eds,2639,Nr3c1,21.28686
N1,2018-01-17 182258.eds,2640,Nr3c1,21.295609
N2,2018-01-17 182258.eds,2641,Nr3c1,20.74833
N3,2018-01-17 182258.eds,2642,Nr3c1,26.253712
N4,2018-01-17 182258.eds,2643,Nr3c1,20.843729
N5,2018-01-17 182258.eds,2644,Nr3c1,20.944405
N6,2018-01-17 182258.eds,2645,Nr3c1,21.129097
N7,2018-01-17 182258.eds,2646,Nr3c1,22.621271
N8,2018-01-17 182258.eds,2647,Nr3c1,21.90568
N9,2018-01-17 182258.eds,2616,Nr3c1,20.994696
N10,2018-01-17 182258.eds,2617,Nr3c1,21.057104
N11,2018-01-17 182258.eds,2618,Nr3c1,NA
N12,2018-01-17 182258.eds,2619,Nr3c1,21.113567
N13,2018-01-17 182258.eds,2620,Nr3c1,21.274508
N14,2018-01-17 182258.eds,2621,Nr3c1,22.646826
N15,2018-01-17 182258.eds,2622,Nr3c1,20.938805
N16,2018-01-17 182258.eds,2623,Nr3c1,21.88981
N17,2018-01-17 182258.eds,2624,Nr3c1,21.961721
N18,2018-01-17 182258.eds,2625,Nr3c1,NA
N19,2018-01-17 182258.eds,2626,Nr3c1,21.522606
N20,2018-01-17 182258.eds,2627,Nr3c1,22.284224
N21,2018-01-17 182258.eds,2628,Nr3c1,20.900755
N22,2018-01-17 182258.eds,2629,Nr3c1,21.706387
N23,2018-01-17 182258.eds,2630,Nr3c1,21.170603
N24,2018-01-17 182258.eds,2631,Nr3c1,22.497759
O1,2018-01-17 182258.eds,2632,Nr3c1,21.306467
O2,2018-01-17 182258.eds,2633,Nr3c1,20.709826
O3,2018-01-17 182258.eds,2634,Nr3c1,22.139584
O4,2018-01-17 182258.eds,2635,Nr3c1,20.905704
O5,2018-01-17 182258.eds,2636,Nr3c1,25.541899
O6,2018-01-17 182258.eds,2637,Nr3c1,21.050768
O7,2018-01-17 182258.eds,2638,Nr3c1,21.355852
O8,2018-01-17 182258.eds,2639,Nr3c1,21.276045
O9,2018-01-17 182258.eds,2640,Nr3c1,21.43526
O10,2018-01-17 182258.eds,2641,Nr3c1,20.753603
O11,2018-01-17 182258.eds,2642,Nr3c1,26.155432
O12,2018-01-17 182258.eds,2643,Nr3c1,21.005375
O13,2018-01-17 182258.eds,2644,Nr3c1,21.057978
O14,2018-01-17 182258.eds,2645,Nr3c1,21.07511
O15,2018-01-17 182258.eds,2646,Nr3c1,22.620993
O16,2018-01-17 182258.eds,2647,Nr3c1,21.915907
O17,2018-01-17 182258.eds,2616,Nr3c1,20.908876
O18,2018-01-17 182258.eds,2617,Nr3c1,20.95912
O19,2018-01-17 182258.eds,2618,Nr3c1,NA
O20,2018-01-17 182258.eds,2619,Nr3c1,20.880339
O21,2018-01-17 182258.eds,2620,Nr3c1,21.21382
O22,2018-01-17 182258.eds,2621,Nr3c1,22.666079
O23,2018-01-17 182258.eds,2622,Nr3c1,21.022512
O24,2018-01-17 182258.eds,2623,Nr3c1,21.883307
P1,2018-01-17 182258.eds,2624,Nr3c1,22.069586
P2,2018-01-17 182258.eds,2625,Nr3c1,NA
P3,2018-01-17 182258.eds,2626,Nr3c1,21.453123
P4,2018-01-17 182258.eds,2627,Nr3c1,22.384848
P5,2018-01-17 182258.eds,2628,Nr3c1,20.89743
P6,2018-01-17 182258.eds,2629,Nr3c1,21.816166
P7,2018-01-17 182258.eds,2630,Nr3c1,20.597475
P8,2018-01-17 182258.eds,2631,Nr3c1,22.874168
P9,2018-01-17 182258.eds,2632,Nr3c1,20.696756
P10,2018-01-17 182258.eds,2633,Nr3c1,20.803667
P11,2018-01-17 182258.eds,2634,Nr3c1,22.306524
P12,2018-01-17 182258.eds,2635,Nr3c1,21.566828
P13,2018-01-17 182258.eds,2636,Nr3c1,25.730198
P14,2018-01-17 182258.eds,2637,Nr3c1,21.253496
P15,2018-01-17 182258.eds,2638,Nr3c1,20.721443
P16,2018-01-17 182258.eds,2639,Nr3c1,22.64009
P17,2018-01-17 182258.eds,2640,Nr3c1,21.24445
P18,2018-01-17 182258.eds,2641,Nr3c1,21.237026
P19,2018-01-17 182258.eds,2642,Nr3c1,25.417725
P20,2018-01-17 182258.eds,2643,Nr3c1,20.59174
P21,2018-01-17 182258.eds,2644,Nr3c1,20.787611
P22,2018-01-17 182258.eds,2645,Nr3c1,21.093391
P23,2018-01-17 182258.eds,2646,Nr3c1,22.417002
P24,2018-01-17 182258.eds,2647,Nr3c1,21.924543
A1,2018-07-09 LG.eds,2616,Foxo3,23.063457
A2,2018-07-09 LG.eds,2617,Foxo3,22.436365
A3,2018-07-09 LG.eds,2618,Foxo3,23.517208
A4,2018-07-09 LG.eds,2619,Foxo3,22.638578
A5,2018-07-09 LG.eds,2620,Foxo3,24.532333
A6,2018-07-09 LG.eds,2621,Foxo3,24.58881
A7,2018-07-09 LG.eds,2622,Foxo3,24.578669
A8,2018-07-09 LG.eds,2623,Foxo3,23.821173
A9,2018-07-09 LG.eds,2624,Foxo3,23.879196
A10,2018-07-09 LG.eds,2625,Foxo3,22.796602
A11,2018-07-09 LG.eds,2626,Foxo3,23.770283
A12,2018-07-09 LG.eds,2627,Foxo3,24.623224
A13,2018-07-09 LG.eds,2628,Foxo3,22.628521
A14,2018-07-09 LG.eds,2629,Foxo3,23.420822
A15,2018-07-09 LG.eds,2630,Foxo3,22.895502
A16,2018-07-09 LG.eds,2631,Foxo3,22.619553
A17,2018-07-09 LG.eds,2632,Foxo3,22.681656
A18,2018-07-09 LG.eds,2633,Foxo3,23.85315
A19,2018-07-09 LG.eds,2634,Foxo3,20.721457
A20,2018-07-09 LG.eds,2635,Foxo3,21.721668
A21,2018-07-09 LG.eds,2636,Foxo3,22.71452
A22,2018-07-09 LG.eds,2637,Foxo3,22.336266
A23,2018-07-09 LG.eds,2638,Foxo3,23.645521
A24,2018-07-09 LG.eds,2639,Foxo3,26.269693
B1,2018-07-09 LG.eds,2640,Foxo3,21.804592
B2,2018-07-09 LG.eds,2641,Foxo3,22.324366
B3,2018-07-09 LG.eds,2642,Foxo3,21.582228
B4,2018-07-09 LG.eds,2643,Foxo3,22.1522
B5,2018-07-09 LG.eds,2644,Foxo3,21.634304
B6,2018-07-09 LG.eds,2645,Foxo3,22.1253
B7,2018-07-09 LG.eds,2646,Foxo3,21.490858
B8,2018-07-09 LG.eds,2647,Foxo3,21.408504
B9,2018-07-09 LG.eds,2616,Foxo3,23.252886
B10,2018-07-09 LG.eds,2617,Foxo3,23.098986
B11,2018-07-09 LG.eds,2618,Foxo3,23.539705
B12,2018-07-09 LG.eds,2619,Foxo3,22.773178
B13,2018-07-09 LG.eds,2620,Foxo3,24.391308
B14,2018-07-09 LG.eds,2621,Foxo3,24.714523
B15,2018-07-09 LG.eds,2622,Foxo3,24.445454
B16,2018-07-09 LG.eds,2623,Foxo3,23.941032
B17,2018-07-09 LG.eds,2624,Foxo3,23.942698
B18,2018-07-09 LG.eds,2625,Foxo3,23.121202
B19,2018-07-09 LG.eds,2626,Foxo3,23.771738
B20,2018-07-09 LG.eds,2627,Foxo3,23.804098
B21,2018-07-09 LG.eds,2628,Foxo3,22.76207
B22,2018-07-09 LG.eds,2629,Foxo3,23.409092
B23,2018-07-09 LG.eds,2630,Foxo3,23.28225
B24,2018-07-09 LG.eds,2631,Foxo3,23.150038
C1,2018-07-09 LG.eds,2632,Foxo3,25.850075
C2,2018-07-09 LG.eds,2633,Foxo3,26.666779
C3,2018-07-09 LG.eds,2634,Foxo3,23.74456
C4,2018-07-09 LG.eds,2635,Foxo3,24.451626
C5,2018-07-09 LG.eds,2636,Foxo3,22.881493
C6,2018-07-09 LG.eds,2637,Foxo3,23.030924
C7,2018-07-09 LG.eds,2638,Foxo3,23.517109
C8,2018-07-09 LG.eds,2639,Foxo3,26.500523
C9,2018-07-09 LG.eds,2640,Foxo3,22.47024
C10,2018-07-09 LG.eds,2641,Foxo3,22.854675
C11,2018-07-09 LG.eds,2642,Foxo3,22.60919
C12,2018-07-09 LG.eds,2643,Foxo3,22.490213
C13,2018-07-09 LG.eds,2644,Foxo3,21.993263
C14,2018-07-09 LG.eds,2645,Foxo3,22.079239
C15,2018-07-09 LG.eds,2646,Foxo3,21.686235
C16,2018-07-09 LG.eds,2647,Foxo3,21.33343
C17,2018-07-09 LG.eds,2616,Foxo3,23.314972
C18,2018-07-09 LG.eds,2617,Foxo3,23.083076
C19,2018-07-09 LG.eds,2618,Foxo3,23.77854
C20,2018-07-09 LG.eds,2619,Foxo3,23.066015
C21,2018-07-09 LG.eds,2620,Foxo3,24.297453
C22,2018-07-09 LG.eds,2621,Foxo3,24.699158
C23,2018-07-09 LG.eds,2622,Foxo3,24.347664
C24,2018-07-09 LG.eds,2623,Foxo3,23.850584
D1,2018-07-09 LG.eds,2624,Foxo3,25.241852
D2,2018-07-09 LG.eds,2625,Foxo3,24.668793
D3,2018-07-09 LG.eds,2626,Foxo3,24.358315
D4,2018-07-09 LG.eds,2627,Foxo3,24.301094
D5,2018-07-09 LG.eds,2628,Foxo3,23.367321
D6,2018-07-09 LG.eds,2629,Foxo3,24.213387
D7,2018-07-09 LG.eds,2630,Foxo3,23.695087
D8,2018-07-09 LG.eds,2631,Foxo3,23.728703
D9,2018-07-09 LG.eds,2632,Foxo3,23.173113
D10,2018-07-09 LG.eds,2633,Foxo3,24.115189
D11,2018-07-09 LG.eds,2634,Foxo3,21.13906
D12,2018-07-09 LG.eds,2635,Foxo3,22.15742
D13,2018-07-09 LG.eds,2636,Foxo3,22.955992
D14,2018-07-09 LG.eds,2637,Foxo3,23.155647
D15,2018-07-09 LG.eds,2638,Foxo3,24.049133
D16,2018-07-09 LG.eds,2639,Foxo3,26.246807
D17,2018-07-09 LG.eds,2640,Foxo3,21.97031
D18,2018-07-09 LG.eds,2641,Foxo3,22.971815
D19,2018-07-09 LG.eds,2642,Foxo3,22.954443
D20,2018-07-09 LG.eds,2643,Foxo3,22.593788
D21,2018-07-09 LG.eds,2644,Foxo3,22.391243
D22,2018-07-09 LG.eds,2645,Foxo3,22.465506
D23,2018-07-09 LG.eds,2646,Foxo3,22.16498
D24,2018-07-09 LG.eds,2647,Foxo3,21.96628
E1,2018-07-09 LG.eds,2616,GDF15,32.78868
E2,2018-07-09 LG.eds,2617,GDF15,30.595255
E3,2018-07-09 LG.eds,2618,GDF15,32.67363
E4,2018-07-09 LG.eds,2619,GDF15,30.675346
E5,2018-07-09 LG.eds,2620,GDF15,33.59403
E6,2018-07-09 LG.eds,2621,GDF15,32.874683
E7,2018-07-09 LG.eds,2622,GDF15,32.18457
E8,2018-07-09 LG.eds,2623,GDF15,32.51319
E9,2018-07-09 LG.eds,2624,GDF15,33.33221
E10,2018-07-09 LG.eds,2625,GDF15,33.679356
E11,2018-07-09 LG.eds,2626,GDF15,32.896378
E12,2018-07-09 LG.eds,2627,GDF15,36.689316
E13,2018-07-09 LG.eds,2628,GDF15,31.27833
E14,2018-07-09 LG.eds,2629,GDF15,33.845585
E15,2018-07-09 LG.eds,2630,GDF15,31.815973
E16,2018-07-09 LG.eds,2631,GDF15,33.132187
E17,2018-07-09 LG.eds,2632,GDF15,34.370674
E18,2018-07-09 LG.eds,2633,GDF15,32.362083
E19,2018-07-09 LG.eds,2634,GDF15,30.074951
E20,2018-07-09 LG.eds,2635,GDF15,29.588717
E21,2018-07-09 LG.eds,2636,GDF15,32.02236
E22,2018-07-09 LG.eds,2637,GDF15,30.1611
E23,2018-07-09 LG.eds,2638,GDF15,29.209293
E24,2018-07-09 LG.eds,2639,GDF15,34.274025
F1,2018-07-09 LG.eds,2640,GDF15,33.04987
F2,2018-07-09 LG.eds,2641,GDF15,32.624336
F3,2018-07-09 LG.eds,2642,GDF15,33.81169
F4,2018-07-09 LG.eds,2643,GDF15,33.34338
F5,2018-07-09 LG.eds,2644,GDF15,34.948616
F6,2018-07-09 LG.eds,2645,GDF15,36.482536
F7,2018-07-09 LG.eds,2646,GDF15,32.95273
F8,2018-07-09 LG.eds,2647,GDF15,33.813843
F9,2018-07-09 LG.eds,2616,GDF15,31.966993
F10,2018-07-09 LG.eds,2617,GDF15,29.85844
F11,2018-07-09 LG.eds,2618,GDF15,35.225304
F12,2018-07-09 LG.eds,2619,GDF15,31.661194
F13,2018-07-09 LG.eds,2620,GDF15,34.876183
F14,2018-07-09 LG.eds,2621,GDF15,34.584045
F15,2018-07-09 LG.eds,2622,GDF15,33.997578
F16,2018-07-09 LG.eds,2623,GDF15,32.51591
F17,2018-07-09 LG.eds,2624,GDF15,33.230404
F18,2018-07-09 LG.eds,2625,GDF15,33.689644
F19,2018-07-09 LG.eds,2626,GDF15,31.742582
F20,2018-07-09 LG.eds,2627,GDF15,32.94654
F21,2018-07-09 LG.eds,2628,GDF15,32.112778
F22,2018-07-09 LG.eds,2629,GDF15,34.828194
F23,2018-07-09 LG.eds,2630,GDF15,33.051025
F24,2018-07-09 LG.eds,2631,GDF15,34.286465
G1,2018-07-09 LG.eds,2632,GDF15,33.715008
G2,2018-07-09 LG.eds,2633,GDF15,36.763042
G3,2018-07-09 LG.eds,2634,GDF15,31.001259
G4,2018-07-09 LG.eds,2635,GDF15,31.05714
G5,2018-07-09 LG.eds,2636,GDF15,31.649683
G6,2018-07-09 LG.eds,2637,GDF15,30.506212
G7,2018-07-09 LG.eds,2638,GDF15,30.675306
G8,2018-07-09 LG.eds,2639,GDF15,32.97352
G9,2018-07-09 LG.eds,2640,GDF15,32.24507
G10,2018-07-09 LG.eds,2641,GDF15,34.442368
G11,2018-07-09 LG.eds,2642,GDF15,31.707855
G12,2018-07-09 LG.eds,2643,GDF15,34.395363
G13,2018-07-09 LG.eds,2644,GDF15,32.341602
G14,2018-07-09 LG.eds,2645,GDF15,35.134842
G15,2018-07-09 LG.eds,2646,GDF15,33.22988
G16,2018-07-09 LG.eds,2647,GDF15,32.677742
G17,2018-07-09 LG.eds,2616,GDF15,31.805992
G18,2018-07-09 LG.eds,2617,GDF15,30.231577
G19,2018-07-09 LG.eds,2618,GDF15,32.626297
G20,2018-07-09 LG.eds,2619,GDF15,29.628393
G21,2018-07-09 LG.eds,2620,GDF15,34.184097
G22,2018-07-09 LG.eds,2621,GDF15,33.331276
G23,2018-07-09 LG.eds,2622,GDF15,33.469803
G24,2018-07-09 LG.eds,2623,GDF15,32.88787
H1,2018-07-09 LG.eds,2624,GDF15,33.509552
H2,2018-07-09 LG.eds,2625,GDF15,34.980804
H3,2018-07-09 LG.eds,2626,GDF15,34.38494
H4,2018-07-09 LG.eds,2627,GDF15,35.315403
H5,2018-07-09 LG.eds,2628,GDF15,31.549465
H6,2018-07-09 LG.eds,2629,GDF15,32.511135
H7,2018-07-09 LG.eds,2630,GDF15,33.280308
H8,2018-07-09 LG.eds,2631,GDF15,32.74944
H9,2018-07-09 LG.eds,2632,GDF15,35.056274
H10,2018-07-09 LG.eds,2633,GDF15,34.270626
H11,2018-07-09 LG.eds,2634,GDF15,29.52769
H12,2018-07-09 LG.eds,2635,GDF15,29.38431
H13,2018-07-09 LG.eds,2636,GDF15,31.555706
H14,2018-07-09 LG.eds,2637,GDF15,30.153105
H15,2018-07-09 LG.eds,2638,GDF15,29.957998
H16,2018-07-09 LG.eds,2639,GDF15,35.52757
H17,2018-07-09 LG.eds,2640,GDF15,31.91964
H18,2018-07-09 LG.eds,2641,GDF15,32.498833
H19,2018-07-09 LG.eds,2642,GDF15,31.694016
H20,2018-07-09 LG.eds,2643,GDF15,33.850136
H21,2018-07-09 LG.eds,2644,GDF15,33.43919
H22,2018-07-09 LG.eds,2645,GDF15,33.535404
H23,2018-07-09 LG.eds,2646,GDF15,31.159588
H24,2018-07-09 LG.eds,2647,GDF15,33.596695
A1,2018-07-16 lg.eds,2616,Foxo1,23.674938
A2,2018-07-16 lg.eds,2617,Foxo1,23.63251
A3,2018-07-16 lg.eds,2618,Foxo1,24.125954
A4,2018-07-16 lg.eds,2619,Foxo1,23.55879
A5,2018-07-16 lg.eds,2620,Foxo1,25.094563
A6,2018-07-16 lg.eds,2621,Foxo1,25.191442
A7,2018-07-16 lg.eds,2622,Foxo1,25.400711
A8,2018-07-16 lg.eds,2623,Foxo1,24.754974
A9,2018-07-16 lg.eds,2624,Foxo1,26.837248
A10,2018-07-16 lg.eds,2625,Foxo1,25.005482
A11,2018-07-16 lg.eds,2626,Foxo1,25.10273
A12,2018-07-16 lg.eds,2627,Foxo1,25.052252
A13,2018-07-16 lg.eds,2628,Foxo1,24.651947
A14,2018-07-16 lg.eds,2629,Foxo1,26.076052
A15,2018-07-16 lg.eds,2630,Foxo1,25.549154
A16,2018-07-16 lg.eds,2631,Foxo1,25.510798
A17,2018-07-16 lg.eds,2632,Foxo1,25.136375
A18,2018-07-16 lg.eds,2633,Foxo1,25.675585
A19,2018-07-16 lg.eds,2634,Foxo1,22.884275
A20,2018-07-16 lg.eds,2635,Foxo1,24.06118
A21,2018-07-16 lg.eds,2636,Foxo1,22.404562
A22,2018-07-16 lg.eds,2637,Foxo1,22.418385
A23,2018-07-16 lg.eds,2638,Foxo1,23.303352
A24,2018-07-16 lg.eds,2639,Foxo1,25.774515
B1,2018-07-16 lg.eds,2640,Foxo1,23.49769
B2,2018-07-16 lg.eds,2641,Foxo1,24.328089
B3,2018-07-16 lg.eds,2642,Foxo1,23.951546
B4,2018-07-16 lg.eds,2643,Foxo1,23.679535
B5,2018-07-16 lg.eds,2644,Foxo1,23.629515
B6,2018-07-16 lg.eds,2645,Foxo1,23.96089
B7,2018-07-16 lg.eds,2646,Foxo1,23.789803
B8,2018-07-16 lg.eds,2647,Foxo1,23.804571
B9,2018-07-16 lg.eds,2616,Foxo1,23.692917
B10,2018-07-16 lg.eds,2617,Foxo1,23.674658
B11,2018-07-16 lg.eds,2618,Foxo1,24.106422
B12,2018-07-16 lg.eds,2619,Foxo1,23.62092
B13,2018-07-16 lg.eds,2620,Foxo1,24.962172
B14,2018-07-16 lg.eds,2621,Foxo1,25.310907
B15,2018-07-16 lg.eds,2622,Foxo1,25.277557
B16,2018-07-16 lg.eds,2623,Foxo1,24.688110000000002
B17,2018-07-16 lg.eds,2624,Foxo1,25.521706
B18,2018-07-16 lg.eds,2625,Foxo1,24.740255
B19,2018-07-16 lg.eds,2626,Foxo1,24.920422
B20,2018-07-16 lg.eds,2627,Foxo1,24.599249
B21,2018-07-16 lg.eds,2628,Foxo1,24.83477
B22,2018-07-16 lg.eds,2629,Foxo1,25.319132
B23,2018-07-16 lg.eds,2630,Foxo1,25.184515
B24,2018-07-16 lg.eds,2631,Foxo1,25.385145
C1,2018-07-16 lg.eds,2632,Foxo1,25.051119
C2,2018-07-16 lg.eds,2633,Foxo1,25.957453
C3,2018-07-16 lg.eds,2634,Foxo1,23.259813
C4,2018-07-16 lg.eds,2635,Foxo1,23.952019
C5,2018-07-16 lg.eds,2636,Foxo1,22.408087
C6,2018-07-16 lg.eds,2637,Foxo1,22.349463
C7,2018-07-16 lg.eds,2638,Foxo1,23.576487
C8,2018-07-16 lg.eds,2639,Foxo1,26.004143
C9,2018-07-16 lg.eds,2640,Foxo1,23.637121
C10,2018-07-16 lg.eds,2641,Foxo1,24.24731
C11,2018-07-16 lg.eds,2642,Foxo1,23.868877
C12,2018-07-16 lg.eds,2643,Foxo1,23.67951
C13,2018-07-16 lg.eds,2644,Foxo1,23.823076
C14,2018-07-16 lg.eds,2645,Foxo1,24.078438
C15,2018-07-16 lg.eds,2646,Foxo1,24.107975
C16,2018-07-16 lg.eds,2647,Foxo1,23.741438
C17,2018-07-16 lg.eds,2616,Foxo1,23.711763
C18,2018-07-16 lg.eds,2617,Foxo1,23.731516
C19,2018-07-16 lg.eds,2618,Foxo1,24.210533
C20,2018-07-16 lg.eds,2619,Foxo1,23.957571
C21,2018-07-16 lg.eds,2620,Foxo1,24.824686
C22,2018-07-16 lg.eds,2621,Foxo1,25.278
C23,2018-07-16 lg.eds,2622,Foxo1,25.373625
C24,2018-07-16 lg.eds,2623,Foxo1,24.477268
D1,2018-07-16 lg.eds,2624,Foxo1,25.46038
D2,2018-07-16 lg.eds,2625,Foxo1,24.88234
D3,2018-07-16 lg.eds,2626,Foxo1,24.971344
D4,2018-07-16 lg.eds,2627,Foxo1,24.558012
D5,2018-07-16 lg.eds,2628,Foxo1,24.899439
D6,2018-07-16 lg.eds,2629,Foxo1,25.14305
D7,2018-07-16 lg.eds,2630,Foxo1,25.100782
D8,2018-07-16 lg.eds,2631,Foxo1,25.322443
D9,2018-07-16 lg.eds,2632,Foxo1,25.089731
D10,2018-07-16 lg.eds,2633,Foxo1,26.20615
D11,2018-07-16 lg.eds,2634,Foxo1,23.119425
D12,2018-07-16 lg.eds,2635,Foxo1,23.892805
D13,2018-07-16 lg.eds,2636,Foxo1,22.573399
D14,2018-07-16 lg.eds,2637,Foxo1,22.9814
D15,2018-07-16 lg.eds,2638,Foxo1,23.07294
D16,2018-07-16 lg.eds,2639,Foxo1,25.77655
D17,2018-07-16 lg.eds,2640,Foxo1,23.79445
D18,2018-07-16 lg.eds,2641,Foxo1,24.42578
D19,2018-07-16 lg.eds,2642,Foxo1,24.036669
D20,2018-07-16 lg.eds,2643,Foxo1,23.679106
D21,2018-07-16 lg.eds,2644,Foxo1,23.811237
D22,2018-07-16 lg.eds,2645,Foxo1,24.133347
D23,2018-07-16 lg.eds,2646,Foxo1,23.967436
D24,2018-07-16 lg.eds,2647,Foxo1,23.66647
E1,2018-07-16 lg.eds,2616,Foxo1,23.750021
E2,2018-07-16 lg.eds,2617,Foxo1,23.915213
E3,2018-07-16 lg.eds,2618,Foxo1,24.270292
E4,2018-07-16 lg.eds,2619,Foxo1,23.607681
E5,2018-07-16 lg.eds,2620,Foxo1,24.846376
E6,2018-07-16 lg.eds,2621,Foxo1,25.254501
E7,2018-07-16 lg.eds,2622,Foxo1,25.41213
E8,2018-07-16 lg.eds,2623,Foxo1,24.983803
E9,2018-07-16 lg.eds,2624,Foxo1,25.635391
E10,2018-07-16 lg.eds,2625,Foxo1,24.975843
E11,2018-07-16 lg.eds,2626,Foxo1,24.838034
E12,2018-07-16 lg.eds,2627,Foxo1,24.633417
E13,2018-07-16 lg.eds,2628,Foxo1,24.86252
E14,2018-07-16 lg.eds,2629,Foxo1,25.310925
E15,2018-07-16 lg.eds,2630,Foxo1,25.33571
E16,2018-07-16 lg.eds,2631,Foxo1,25.284761
E17,2018-07-16 lg.eds,2632,Foxo1,25.094898
E18,2018-07-16 lg.eds,2633,Foxo1,25.992548
E19,2018-07-16 lg.eds,2634,Foxo1,23.156485
E20,2018-07-16 lg.eds,2635,Foxo1,24.099876
E21,2018-07-16 lg.eds,2636,Foxo1,22.507273
E22,2018-07-16 lg.eds,2637,Foxo1,22.18501
E23,2018-07-16 lg.eds,2638,Foxo1,23.375704
E24,2018-07-16 lg.eds,2639,Foxo1,26.00852
F1,2018-07-16 lg.eds,2640,Foxo1,23.50883
F2,2018-07-16 lg.eds,2641,Foxo1,24.417776
F3,2018-07-16 lg.eds,2642,Foxo1,24.614267
F4,2018-07-16 lg.eds,2643,Foxo1,23.727625
F5,2018-07-16 lg.eds,2644,Foxo1,23.652937
F6,2018-07-16 lg.eds,2645,Foxo1,24.045492
F7,2018-07-16 lg.eds,2646,Foxo1,23.877338
F8,2018-07-16 lg.eds,2647,Foxo1,23.735847
G1,2018-07-16 lg.eds,2616,GDF15,31.56255
G2,2018-07-16 lg.eds,2617,GDF15,30.306215
G3,2018-07-16 lg.eds,2618,GDF15,32.70464
G4,2018-07-16 lg.eds,2619,GDF15,30.719866
G5,2018-07-16 lg.eds,2620,GDF15,33.617126
G6,2018-07-16 lg.eds,2621,GDF15,34.923
G7,2018-07-16 lg.eds,2622,GDF15,32.359627
G8,2018-07-16 lg.eds,2623,GDF15,33.51704
G9,2018-07-16 lg.eds,2624,GDF15,32.545074
G10,2018-07-16 lg.eds,2625,GDF15,32.825584
G11,2018-07-16 lg.eds,2626,GDF15,35.6499
G12,2018-07-16 lg.eds,2627,GDF15,34.25138
G13,2018-07-16 lg.eds,2628,GDF15,32.528095
G14,2018-07-16 lg.eds,2629,GDF15,31.58918
G15,2018-07-16 lg.eds,2630,GDF15,32.41695
G16,2018-07-16 lg.eds,2631,GDF15,32.592346
G17,2018-07-16 lg.eds,2632,GDF15,34.032867
G18,2018-07-16 lg.eds,2633,GDF15,36.30984
G19,2018-07-16 lg.eds,2634,GDF15,30.3733
G20,2018-07-16 lg.eds,2635,GDF15,30.12011
G21,2018-07-16 lg.eds,2636,GDF15,32.15363
G22,2018-07-16 lg.eds,2637,GDF15,29.950947
G23,2018-07-16 lg.eds,2638,GDF15,29.744457
G24,2018-07-16 lg.eds,2639,GDF15,34.191437
H1,2018-07-16 lg.eds,2640,GDF15,31.420633
H2,2018-07-16 lg.eds,2641,GDF15,33.33001
H3,2018-07-16 lg.eds,2642,GDF15,32.632977
H4,2018-07-16 lg.eds,2643,GDF15,33.957108
H5,2018-07-16 lg.eds,2644,GDF15,33.66618
H6,2018-07-16 lg.eds,2645,GDF15,37.2799
H7,2018-07-16 lg.eds,2646,GDF15,33.870926
H8,2018-07-16 lg.eds,2647,GDF15,32.468838
H9,2018-07-16 lg.eds,2616,GDF15,31.302137
H10,2018-07-16 lg.eds,2617,GDF15,29.9929
H11,2018-07-16 lg.eds,2618,GDF15,35.76416
H12,2018-07-16 lg.eds,2619,GDF15,31.365818
H13,2018-07-16 lg.eds,2620,GDF15,33.876324
H14,2018-07-16 lg.eds,2621,GDF15,34.109394
H15,2018-07-16 lg.eds,2622,GDF15,32.03415
H16,2018-07-16 lg.eds,2623,GDF15,32.613407
H17,2018-07-16 lg.eds,2624,GDF15,33.204155
H18,2018-07-16 lg.eds,2625,GDF15,33.442856
H19,2018-07-16 lg.eds,2626,GDF15,33.301174
H20,2018-07-16 lg.eds,2627,GDF15,34.823856
H21,2018-07-16 lg.eds,2628,GDF15,32.93578
H22,2018-07-16 lg.eds,2629,GDF15,31.533829
H23,2018-07-16 lg.eds,2630,GDF15,33.54878
H24,2018-07-16 lg.eds,2631,GDF15,33.271484
I1,2018-07-16 lg.eds,2632,GDF15,35.442528
I2,2018-07-16 lg.eds,2633,GDF15,34.201225
I3,2018-07-16 lg.eds,2634,GDF15,30.397919
I4,2018-07-16 lg.eds,2635,GDF15,29.61513
I5,2018-07-16 lg.eds,2636,GDF15,31.115175
I6,2018-07-16 lg.eds,2637,GDF15,30.323078
I7,2018-07-16 lg.eds,2638,GDF15,30.289143
I8,2018-07-16 lg.eds,2639,GDF15,36.45988
I9,2018-07-16 lg.eds,2640,GDF15,32.41082
I10,2018-07-16 lg.eds,2641,GDF15,34.2857
I11,2018-07-16 lg.eds,2642,GDF15,33.31509
I12,2018-07-16 lg.eds,2643,GDF15,33.492302
I13,2018-07-16 lg.eds,2644,GDF15,32.28768
I14,2018-07-16 lg.eds,2645,GDF15,33.147926
I15,2018-07-16 lg.eds,2646,GDF15,33.56752
I16,2018-07-16 lg.eds,2647,GDF15,33.987858
I17,2018-07-16 lg.eds,2616,GDF15,31.667406
I18,2018-07-16 lg.eds,2617,GDF15,30.663065
I19,2018-07-16 lg.eds,2618,GDF15,32.021217
I20,2018-07-16 lg.eds,2619,GDF15,31.222073
I21,2018-07-16 lg.eds,2620,GDF15,NA
I22,2018-07-16 lg.eds,2621,GDF15,33.68243
I23,2018-07-16 lg.eds,2622,GDF15,33.3029
I24,2018-07-16 lg.eds,2623,GDF15,33.4304
J1,2018-07-16 lg.eds,2624,GDF15,32.49515
J2,2018-07-16 lg.eds,2625,GDF15,34.070515
J3,2018-07-16 lg.eds,2626,GDF15,35.81585
J4,2018-07-16 lg.eds,2627,GDF15,34.576054
J5,2018-07-16 lg.eds,2628,GDF15,32.538074
J6,2018-07-16 lg.eds,2629,GDF15,31.961004
J7,2018-07-16 lg.eds,2630,GDF15,36.70237
J8,2018-07-16 lg.eds,2631,GDF15,33.745663
J9,2018-07-16 lg.eds,2632,GDF15,33.36092
J10,2018-07-16 lg.eds,2633,GDF15,36.289207
J11,2018-07-16 lg.eds,2634,GDF15,30.586618
J12,2018-07-16 lg.eds,2635,GDF15,29.6134
J13,2018-07-16 lg.eds,2636,GDF15,30.945864
J14,2018-07-16 lg.eds,2637,GDF15,29.287714
J15,2018-07-16 lg.eds,2638,GDF15,29.65776
J16,2018-07-16 lg.eds,2639,GDF15,33.280354
J17,2018-07-16 lg.eds,2640,GDF15,32.315628
J18,2018-07-16 lg.eds,2641,GDF15,32.325058
J19,2018-07-16 lg.eds,2642,GDF15,32.72355
J20,2018-07-16 lg.eds,2643,GDF15,34.538544
J21,2018-07-16 lg.eds,2644,GDF15,33.292137
J22,2018-07-16 lg.eds,2645,GDF15,35.541813
J23,2018-07-16 lg.eds,2646,GDF15,33.234028
J24,2018-07-16 lg.eds,2647,GDF15,34.515324
K1,2018-07-16 lg.eds,2616,GDF15,34.41075
K2,2018-07-16 lg.eds,2617,GDF15,31.59424
K3,2018-07-16 lg.eds,2618,GDF15,33.54421
K4,2018-07-16 lg.eds,2619,GDF15,30.5859
K5,2018-07-16 lg.eds,2620,GDF15,34.917133
K6,2018-07-16 lg.eds,2621,GDF15,36.074207
K7,2018-07-16 lg.eds,2622,GDF15,33.878326
K8,2018-07-16 lg.eds,2623,GDF15,33.544594
K9,2018-07-16 lg.eds,2624,GDF15,35.165493
K10,2018-07-16 lg.eds,2625,GDF15,33.569023
K11,2018-07-16 lg.eds,2626,GDF15,33.78901
K12,2018-07-16 lg.eds,2627,GDF15,36.917107
K13,2018-07-16 lg.eds,2628,GDF15,33.15237
K14,2018-07-16 lg.eds,2629,GDF15,32.893303
K15,2018-07-16 lg.eds,2630,GDF15,32.85665
K16,2018-07-16 lg.eds,2631,GDF15,35.501106
K17,2018-07-16 lg.eds,2632,GDF15,33.452564
K18,2018-07-16 lg.eds,2633,GDF15,33.699
K19,2018-07-16 lg.eds,2634,GDF15,30.589703
K20,2018-07-16 lg.eds,2635,GDF15,29.55237
K21,2018-07-16 lg.eds,2636,GDF15,31.780928
K22,2018-07-16 lg.eds,2637,GDF15,30.293015
K23,2018-07-16 lg.eds,2638,GDF15,30.021051
K24,2018-07-16 lg.eds,2639,GDF15,33.6371
L1,2018-07-16 lg.eds,2640,GDF15,32.71474
L2,2018-07-16 lg.eds,2641,GDF15,34.66021
L3,2018-07-16 lg.eds,2642,GDF15,32.859627
L4,2018-07-16 lg.eds,2643,GDF15,36.643772
L5,2018-07-16 lg.eds,2644,GDF15,33.06776
L6,2018-07-16 lg.eds,2645,GDF15,33.50267
L7,2018-07-16 lg.eds,2646,GDF15,32.649113
L8,2018-07-16 lg.eds,2647,GDF15,34.148376
A1,2019-09-08 152022,8722,Pgk1,22.367385509397813
A2,2019-09-08 152022,8723,Pgk1,28.44779555741362
A3,2019-09-08 152022,8724,Pgk1,20.385446541058258
A4,2019-09-08 152022,8725,Pgk1,19.669191851392988
A5,2019-09-08 152022,8726,Pgk1,22.616345992045957
A6,2019-09-08 152022,8727,Pgk1,22.50471717517607
A7,2019-09-08 152022,8728,Pgk1,20.12285041005135
A8,2019-09-08 152022,8730,Pgk1,22.836399470307136
A9,2019-09-08 152022,8731,Pgk1,23.6126221850864
A10,2019-09-08 152022,8732,Pgk1,22.480272798852212
A11,2019-09-08 152022,8733,Pgk1,19.528108322909333
A12,2019-09-08 152022,8734,Pgk1,19.957692292483337
A13,2019-09-08 152022,8735,Pgk1,20.39699093599868
A14,2019-09-08 152022,8736,Pgk1,23.57686076243015
A15,2019-09-08 152022,8737,Pgk1,23.553810702639545
A16,2019-09-08 152022,8738,Pgk1,19.275787194921293
A17,2019-09-08 152022,8739,Pgk1,23.002212519636288
A18,2019-09-08 152022,8740,Pgk1,23.69272171826757
A19,2019-09-08 152022,8741,Pgk1,25.55775451143017
A20,2019-09-08 152022,8742,Pgk1,19.678921525343604
A21,2019-09-08 152022,8743,Pgk1,23.098181271309727
A22,2019-09-08 152022,8744,Pgk1,20.647995005467777
B1,2019-09-08 152022,8722,Pgk1,22.466741093721573
B2,2019-09-08 152022,8723,Pgk1,28.46381313717192
B3,2019-09-08 152022,8724,Pgk1,20.36916753873286
B4,2019-09-08 152022,8725,Pgk1,19.691913953035716
B5,2019-09-08 152022,8726,Pgk1,22.666506117540735
B6,2019-09-08 152022,8727,Pgk1,22.59227528354601
B7,2019-09-08 152022,8728,Pgk1,20.333277190371334
B8,2019-09-08 152022,8730,Pgk1,22.99867259595006
B9,2019-09-08 152022,8731,Pgk1,23.827023319713504
B10,2019-09-08 152022,8732,Pgk1,22.62948981595526
B11,2019-09-08 152022,8733,Pgk1,19.661209945651827
B12,2019-09-08 152022,8734,Pgk1,19.984081956574528
B13,2019-09-08 152022,8735,Pgk1,20.541959954808412
B14,2019-09-08 152022,8736,Pgk1,23.50791939774163
B15,2019-09-08 152022,8737,Pgk1,23.71639291168634
B16,2019-09-08 152022,8738,Pgk1,19.399718710587322
B17,2019-09-08 152022,8739,Pgk1,23.096220808626406
B18,2019-09-08 152022,8740,Pgk1,23.750483641055908
B19,2019-09-08 152022,8741,Pgk1,25.69966770372408
B20,2019-09-08 152022,8742,Pgk1,19.725505179287303
B21,2019-09-08 152022,8743,Pgk1,23.12784024233074
B22,2019-09-08 152022,8744,Pgk1,20.618636466677728
C1,2019-09-08 152022,8722,Pgk1,22.525029418075952
C2,2019-09-08 152022,8723,Pgk1,28.483889129438644
C3,2019-09-08 152022,8724,Pgk1,20.38723288237928
C4,2019-09-08 152022,8725,Pgk1,19.70240614138379
C5,2019-09-08 152022,8726,Pgk1,22.74169083516788
C6,2019-09-08 152022,8727,Pgk1,22.665511360356554
C7,2019-09-08 152022,8728,Pgk1,20.353693573959248
C8,2019-09-08 152022,8730,Pgk1,22.99509167403432
C9,2019-09-08 152022,8731,Pgk1,23.806269957709397
C10,2019-09-08 152022,8732,Pgk1,22.628010182633098
C11,2019-09-08 152022,8733,Pgk1,19.47761271278126
C12,2019-09-08 152022,8734,Pgk1,20.04221639933575
C13,2019-09-08 152022,8735,Pgk1,20.504223788095203
C14,2019-09-08 152022,8736,Pgk1,23.46665085867724
C15,2019-09-08 152022,8737,Pgk1,23.647431756325396
C16,2019-09-08 152022,8738,Pgk1,19.38413418697644
C17,2019-09-08 152022,8739,Pgk1,23.103982833987104
C18,2019-09-08 152022,8740,Pgk1,23.799061668946898
C19,2019-09-08 152022,8741,Pgk1,25.541687823518245
C20,2019-09-08 152022,8742,Pgk1,19.622782477617285
C21,2019-09-08 152022,8743,Pgk1,23.079076006759806
C22,2019-09-08 152022,8744,Pgk1,20.512848394932107
D1,2019-09-08 152022,8722,Fbxo32,22.292073883194384
D2,2019-09-08 152022,8723,Fbxo32,32.63136379890891
D3,2019-09-08 152022,8724,Fbxo32,19.961357205833195
D4,2019-09-08 152022,8725,Fbxo32,18.423440552420672
D5,2019-09-08 152022,8726,Fbxo32,22.658541077046962
D6,2019-09-08 152022,8727,Fbxo32,22.334289558746534
D7,2019-09-08 152022,8728,Fbxo32,19.53477485044315
D8,2019-09-08 152022,8730,Fbxo32,22.658249934171522
D9,2019-09-08 152022,8731,Fbxo32,23.596084448539578
D10,2019-09-08 152022,8732,Fbxo32,22.40615102505783
D11,2019-09-08 152022,8733,Fbxo32,19.35029393219297
D12,2019-09-08 152022,8734,Fbxo32,19.32119104934312
D13,2019-09-08 152022,8735,Fbxo32,21.82382011918026
D14,2019-09-08 152022,8736,Fbxo32,24.929374479997264
D15,2019-09-08 152022,8737,Fbxo32,26.021637606216117
D16,2019-09-08 152022,8738,Fbxo32,20.706810902124822
D17,2019-09-08 152022,8739,Fbxo32,24.693291748607777
D18,2019-09-08 152022,8740,Fbxo32,23.936266195579854
D19,2019-09-08 152022,8741,Fbxo32,27.54559893439032
D20,2019-09-08 152022,8742,Fbxo32,19.381361423358236
D21,2019-09-08 152022,8743,Fbxo32,25.542511053666104
D22,2019-09-08 152022,8744,Fbxo32,19.717599700492208
E1,2019-09-08 152022,8722,Fbxo32,22.310564207468296
E2,2019-09-08 152022,8723,Fbxo32,32.348207985499855
E3,2019-09-08 152022,8724,Fbxo32,19.990605756902013
E4,2019-09-08 152022,8725,Fbxo32,18.451502492599275
E5,2019-09-08 152022,8726,Fbxo32,22.849006658265388
E6,2019-09-08 152022,8727,Fbxo32,22.499835575978608
E7,2019-09-08 152022,8728,Fbxo32,19.606441591606675
E8,2019-09-08 152022,8730,Fbxo32,22.7109050983034
E9,2019-09-08 152022,8731,Fbxo32,23.454461010173596
E10,2019-09-08 152022,8732,Fbxo32,22.347490895561293
E11,2019-09-08 152022,8733,Fbxo32,19.35958180363913
E12,2019-09-08 152022,8734,Fbxo32,19.28293675170518
E13,2019-09-08 152022,8735,Fbxo32,21.839411370202377
E14,2019-09-08 152022,8736,Fbxo32,24.87369648881416
E15,2019-09-08 152022,8737,Fbxo32,26.015912545208316
E16,2019-09-08 152022,8738,Fbxo32,20.714670916125755
E17,2019-09-08 152022,8739,Fbxo32,24.729971568036298
E18,2019-09-08 152022,8740,Fbxo32,23.898900077365006
E19,2019-09-08 152022,8741,Fbxo32,27.4623247978436
E20,2019-09-08 152022,8742,Fbxo32,19.41615578690179
E21,2019-09-08 152022,8743,Fbxo32,25.59846413222823
E22,2019-09-08 152022,8744,Fbxo32,19.819513291761787
F1,2019-09-08 152022,8722,Fbxo32,22.431457814745556
F2,2019-09-08 152022,8723,Fbxo32,32.416460665989916
F3,2019-09-08 152022,8724,Fbxo32,20.20839203587162
F4,2019-09-08 152022,8725,Fbxo32,18.6150080563118
F5,2019-09-08 152022,8726,Fbxo32,23.047701209045826
F6,2019-09-08 152022,8727,Fbxo32,22.681580845056153
F7,2019-09-08 152022,8728,Fbxo32,19.511589233048497
F8,2019-09-08 152022,8730,Fbxo32,22.881189720975946
F9,2019-09-08 152022,8731,Fbxo32,23.84513252066305
F10,2019-09-08 152022,8732,Fbxo32,22.540822591787112
F11,2019-09-08 152022,8733,Fbxo32,19.571483054013207
F12,2019-09-08 152022,8734,Fbxo32,19.511348184072688
F13,2019-09-08 152022,8735,Fbxo32,22.03714984317181
F14,2019-09-08 152022,8736,Fbxo32,25.234644250449414
F15,2019-09-08 152022,8737,Fbxo32,26.184153851246343
F16,2019-09-08 152022,8738,Fbxo32,20.799805168511178
F17,2019-09-08 152022,8739,Fbxo32,24.965134642557196
F18,2019-09-08 152022,8740,Fbxo32,24.02675625860514
F19,2019-09-08 152022,8741,Fbxo32,27.8243006538991
F20,2019-09-08 152022,8742,Fbxo32,19.460229770590708
F21,2019-09-08 152022,8743,Fbxo32,25.839497051941684
F22,2019-09-08 152022,8744,Fbxo32,19.92623879131788
G1,2019-09-08 152022,8722,Trim63,19.794067140165573
G2,2019-09-08 152022,8723,Trim63,28.178541844345837
G3,2019-09-08 152022,8724,Trim63,17.42759011886723
G4,2019-09-08 152022,8725,Trim63,15.885606553705163
G5,2019-09-08 152022,8726,Trim63,19.433338718667734
G6,2019-09-08 152022,8727,Trim63,20.041689196901878
G7,2019-09-08 152022,8728,Trim63,17.10723074811591
G8,2019-09-08 152022,8730,Trim63,20.016353479800912
G9,2019-09-08 152022,8731,Trim63,20.69718746541976
G10,2019-09-08 152022,8732,Trim63,19.0426293563617
G11,2019-09-08 152022,8733,Trim63,17.599604277929842
G12,2019-09-08 152022,8734,Trim63,17.757002720651364
G13,2019-09-08 152022,8735,Trim63,19.7492512846461
G14,2019-09-08 152022,8736,Trim63,22.70042334962477
G15,2019-09-08 152022,8737,Trim63,23.699489253694374
G16,2019-09-08 152022,8738,Trim63,19.18982252219132
G17,2019-09-08 152022,8739,Trim63,22.717944440886725
G18,2019-09-08 152022,8740,Trim63,21.662976935998174
G19,2019-09-08 152022,8741,Trim63,24.67258692160788
G20,2019-09-08 152022,8742,Trim63,18.230162833553877
G21,2019-09-08 152022,8743,Trim63,22.91267244042745
G22,2019-09-08 152022,8744,Trim63,17.774932807408625
H1,2019-09-08 152022,8722,Trim63,19.932383065076216
H2,2019-09-08 152022,8723,Trim63,28.331790321457134
H3,2019-09-08 152022,8724,Trim63,17.15259394477769
H4,2019-09-08 152022,8725,Trim63,15.933761365311334
H5,2019-09-08 152022,8726,Trim63,19.535040807040488
H6,2019-09-08 152022,8727,Trim63,19.662730516005283
H7,2019-09-08 152022,8728,Trim63,17.018415894447223
H8,2019-09-08 152022,8730,Trim63,19.80107203957722
H9,2019-09-08 152022,8731,Trim63,20.451476036447502
H10,2019-09-08 152022,8732,Trim63,19.0228845680589
H11,2019-09-08 152022,8733,Trim63,17.191714056657467
H12,2019-09-08 152022,8734,Trim63,17.410228670653822
H13,2019-09-08 152022,8735,Trim63,19.099506191643577
H14,2019-09-08 152022,8736,Trim63,22.12015238236065
H15,2019-09-08 152022,8737,Trim63,23.406844453392722
H16,2019-09-08 152022,8738,Trim63,19.061217737063785
H17,2019-09-08 152022,8739,Trim63,22.439652445946308
H18,2019-09-08 152022,8740,Trim63,21.891023514693927
H19,2019-09-08 152022,8741,Trim63,24.61910894210169
H20,2019-09-08 152022,8742,Trim63,18.128746678158834
H21,2019-09-08 152022,8743,Trim63,22.659167506671437
H22,2019-09-08 152022,8744,Trim63,17.442587664045988
I1,2019-09-08 152022,8722,Trim63,19.817951483452894
I2,2019-09-08 152022,8723,Trim63,29.049644538240997
I3,2019-09-08 152022,8724,Trim63,17.174067174137612
I4,2019-09-08 152022,8725,Trim63,15.883428191878838
I5,2019-09-08 152022,8726,Trim63,19.507297337735032
I6,2019-09-08 152022,8727,Trim63,19.677265016304787
I7,2019-09-08 152022,8728,Trim63,16.890845634310203
I8,2019-09-08 152022,8730,Trim63,19.71241691850176
I9,2019-09-08 152022,8731,Trim63,20.08457485760126
I10,2019-09-08 152022,8732,Trim63,18.779756569801812
I11,2019-09-08 152022,8733,Trim63,17.24688105059451
I12,2019-09-08 152022,8734,Trim63,17.341318546668823
I13,2019-09-08 152022,8735,Trim63,19.199921057814166
I14,2019-09-08 152022,8736,Trim63,22.41263454181223
I15,2019-09-08 152022,8737,Trim63,23.525939917331975
I16,2019-09-08 152022,8738,Trim63,19.1155357079963
I17,2019-09-08 152022,8739,Trim63,22.097117593539245
I18,2019-09-08 152022,8740,Trim63,21.541317411190256
I19,2019-09-08 152022,8741,Trim63,24.36515271819203
I20,2019-09-08 152022,8742,Trim63,18.21846704285462
I21,2019-09-08 152022,8743,Trim63,22.813648459149697
I22,2019-09-08 152022,8744,Trim63,17.737357644953903
J1,2019-09-08 152022,8722,Foxo3,26.819736760756662
J2,2019-09-08 152022,8723,Foxo3,29.888540874449824
J3,2019-09-08 152022,8724,Foxo3,24.733290301340936
J4,2019-09-08 152022,8725,Foxo3,23.684487032564796
J5,2019-09-08 152022,8726,Foxo3,27.01275346149699
J6,2019-09-08 152022,8727,Foxo3,27.328601565513047
J7,2019-09-08 152022,8728,Foxo3,24.326580694451287
J8,2019-09-08 152022,8730,Foxo3,27.822632693679566
J9,2019-09-08 152022,8731,Foxo3,28.66050800363284
J10,2019-09-08 152022,8732,Foxo3,26.90230401881
J11,2019-09-08 152022,8733,Foxo3,24.18894958628308
J12,2019-09-08 152022,8734,Foxo3,23.916019065095718
J13,2019-09-08 152022,8735,Foxo3,24.572456776344907
J14,2019-09-08 152022,8736,Foxo3,29.926854045613936
J15,2019-09-08 152022,8737,Foxo3,29.750129364854054
J16,2019-09-08 152022,8738,Foxo3,25.260536096353505
J17,2019-09-08 152022,8739,Foxo3,28.594356368431157
J18,2019-09-08 152022,8740,Foxo3,26.71910581421286
J19,2019-09-08 152022,8741,Foxo3,31.60522013992336
J20,2019-09-08 152022,8742,Foxo3,24.702923563368323
J21,2019-09-08 152022,8743,Foxo3,29.087920566368773
J22,2019-09-08 152022,8744,Foxo3,24.229216482723125
K1,2019-09-08 152022,8722,Foxo3,26.790164243045254
K2,2019-09-08 152022,8723,Foxo3,30.00000468054035
K3,2019-09-08 152022,8724,Foxo3,24.74952934180488
K4,2019-09-08 152022,8725,Foxo3,23.398661456005925
K5,2019-09-08 152022,8726,Foxo3,26.932918947641262
K6,2019-09-08 152022,8727,Foxo3,27.501678188238067
K7,2019-09-08 152022,8728,Foxo3,24.40925768945717
K8,2019-09-08 152022,8730,Foxo3,27.873580543552478
K9,2019-09-08 152022,8731,Foxo3,28.746472500054658
K10,2019-09-08 152022,8732,Foxo3,26.79330760583882
K11,2019-09-08 152022,8733,Foxo3,24.27393315090295
K12,2019-09-08 152022,8734,Foxo3,24.038536630411905
K13,2019-09-08 152022,8735,Foxo3,24.62682793456552
K14,2019-09-08 152022,8736,Foxo3,29.724986917851503
K15,2019-09-08 152022,8737,Foxo3,29.99713778562454
K16,2019-09-08 152022,8738,Foxo3,25.199251773543885
K17,2019-09-08 152022,8739,Foxo3,28.584547809358163
K18,2019-09-08 152022,8740,Foxo3,26.743079175344953
K19,2019-09-08 152022,8741,Foxo3,31.151191805501497
K20,2019-09-08 152022,8742,Foxo3,24.724578089996392
K21,2019-09-08 152022,8743,Foxo3,29.320049478916054
K22,2019-09-08 152022,8744,Foxo3,24.163926791026
L1,2019-09-08 152022,8722,Foxo3,26.80968145944287
L2,2019-09-08 152022,8723,Foxo3,29.87045487277777
L3,2019-09-08 152022,8724,Foxo3,24.75055247418365
L4,2019-09-08 152022,8725,Foxo3,23.383995097786602
L5,2019-09-08 152022,8726,Foxo3,26.980722819436288
L6,2019-09-08 152022,8727,Foxo3,27.344427202440137
L7,2019-09-08 152022,8728,Foxo3,24.382189444864004
L8,2019-09-08 152022,8730,Foxo3,28.06790287629827
L9,2019-09-08 152022,8731,Foxo3,28.691360316609597
L10,2019-09-08 152022,8732,Foxo3,26.95804848192261
L11,2019-09-08 152022,8733,Foxo3,24.513231415164448
L12,2019-09-08 152022,8734,Foxo3,24.00708558515617
L13,2019-09-08 152022,8735,Foxo3,24.656427566688123
L14,2019-09-08 152022,8736,Foxo3,29.618728099750236
L15,2019-09-08 152022,8737,Foxo3,30.26811943720041
L16,2019-09-08 152022,8738,Foxo3,25.241277273825162
L17,2019-09-08 152022,8739,Foxo3,28.714918078415117
L18,2019-09-08 152022,8740,Foxo3,26.944634224154186
L19,2019-09-08 152022,8741,Foxo3,31.803936009903367
L20,2019-09-08 152022,8742,Foxo3,24.726738845332754
L21,2019-09-08 152022,8743,Foxo3,29.54988441967255
L22,2019-09-08 152022,8744,Foxo3,24.3093163557417
